2020-05-21 15:55:32, good night my beautiful friend https t co 7iUFe9iiaI https t co qtMjRgEako , SyedSaa1 , ,1600,Thimphu 
2020-05-21 15:51:34, ESPNcricinfo GeoffreyBoycott Geoffrey Boycott Mirrored xf0 x9f x99 x83 , ugyen , ,146,Thimphu 
2020-05-21 15:33:40, Feline xe2 x80 x99s Love https t co JCUmfCntJI , BrezzyNemo , ,10,Thimphu 
2020-05-21 14:50:15, Thank you BBSBhutan for the programme to mark Gyalyum Kudrel xe2 x80 x99s 90th birthday This was very meaningful and educative highlighting some important contributions of Her Majesty in our nation xe2 x80 x99s journey May Gyalyum Kudrel continue to enjoy good health and inspire us , sangaykhandu , ,7856,Thimphu 
2020-05-21 14:24:10, Beautiful flowers with dew drops in the neighborhood So preoccupied with Covid that we didn xe2 x80 x99t even notice it https t co rxMpOnvpw8 , pem pa , ,329,Thimphu 
2020-05-21 14:18:04, Beyond the Snapshots Telling Stories Through Photography by nithildennis A storyteller photographer and filmmaker who looks beyond the boundaries of the human mind in search of the soul that expresses its true xe2 x80 xa6 https t co v7qcJyNC2p , duptshering6 , ,418,Bhutan 
2020-05-21 14:12:15, Would you not issue an immediate refund Especially since the cancellation happened in less than 24 hours of the purchase All this makes it seem like you xe2 x80 x99re collecting money to run operations at the expense of people who just want to go home TurkishAirlines TK HelpDesk , Pemaschocho , ,76,Thimphu 
2020-05-21 14:12:15, I know for a matter of fact that at least 10 other people bought tickets for that flight They are all having the same problem TurkishAirlines TK HelpDesk I understand that you might have had to cancel your flight due to low passenger turnout but why https t co tzpCBUVKbe , Pemaschocho , ,76,Thimphu 
2020-05-21 14:12:10, About refund for the cancelled flight I xe2 x80 x99m now being told that a refund will be issued only after 2 months To add insult to injury my credit card has been charged twice for each payment I xe2 x80 x99ve been charged for 4 tickets when I only purchased 2 TurkishAirlines TK HelpDesk , Pemaschocho , ,76,Thimphu 
2020-05-21 14:12:10, TK HelpDesk I bought two tickets from TurkishAirlines for my sisters to come back home from America The day after we paid for the tickets the flight was cancelled and we didnt receive a refund In fact when we called your help desk you hung up on us as soon as we asked , Pemaschocho , ,76,Thimphu 
2020-05-21 13:53:37, suksuk z Awesome Giving me scary vibe , lee tshering , ,9,Thimphu 
2020-05-21 13:08:20, Something about volumetrics I love Changjiji time 7 09 pm Thimphu Bhutan memories pictureoftheday natural light bloom cycles eevee inspiration scene backgrounds Trowa Theatre https t co 7e4qPCTKEI , ChhetriAbhinaya , volumetrics Changjiji time Thimphu Bhutan memories pictureoftheday natural light bloom cycles eevee inspiration scene backgrounds ,2,Thimphu 
2020-05-21 12:37:29, Waiting for the days in the future to come where i will stop getting sty infections The pain is something else and even period doesn t make me this moody and irritable , its Astrophile , ,1,Thimphu 
2020-05-21 12:35:11, ImihcWangmo It s not from last night the whole day today too it wasn t working , yiwangpindarica , ,6953,Thimphu 
2020-05-21 12:17:46, fumblypd Yes Got a new wingle from Tashicell today No thank you Bmobile , namgayzam , ,21946,Thimphu 
2020-05-21 12:05:16, vickyharp AzureDataStudio Yes have been using in windows OS but in mac its taking time to alter tables , younten , ,114,Thimphu 
2020-05-21 11:56:04, SamanthaJohnson Great to be connected xf0 x9f x98 x80 , bhutannorter , ,144,Thimphu 
2020-05-21 11:43:50, Wishing a very happy 90th Birthday to Her Majesty The Royal Grandmother Ashi Kesang Choeden Wangchuck Her Majesty has been one of the main pillars of the Monarchy in Bhutan in not only the important positions held by Her Majesty as the Queen of Bhutan https t co 1bw0xKxH5w https t co 5kkbjkfVSP , TenzingLamsang , ,19879,Thimphu 
2020-05-21 11:43:46, Thank you Tashicell xf0 x9f x99 x8f xf0 x9f x8f xbc , namgayzam , ,21946,Thimphu 
2020-05-21 11:30:24, lozzawayne SuperStarBTStwt I feel you , Scarlet bunny , ,141,Thimphu 
2020-05-21 11:18:35, Behold the magic of music on World Culture Day Sitar recital of immortal bhajans Vaishnav Jan To amp Raghupati Raghav Rajaram amp Rag Bhairavi enchanted a large audience in Bhutan xe2 x81 xa6 xe2 x81 xa6 ICCR Delhi xe2 x81 xa9 xe2 x81 xa6 xe2 x81 xa6 DineshKPatnaik xe2 x81 xa9 xe2 x81 xa6 xe2 x81 xa6 MEAIndia xe2 x81 xa9 https t co rf7gE5eUoo , Indiainbhutan , ,9288,Thimphu 
2020-05-21 10:48:22, On this auspicious 90th Birth Anniversary of Her Majesty the Royal Grandmother who unwaveringly continues to bless all sentient beings I join the nation in offering my prayers for Her Majesty s good health and happiness https t co AfjAaBg0Ek , FMBhutan , ,2960,Thimphu 
2020-05-21 10:01:35, donnfelker You are so kind thank U , cege79 , ,24,Thimphu 
2020-05-21 09:15:42, Why many Bhutanese do not have internet since yesterday https t co KYMZTuQt6U , TenzingLamsang , ,19879,Thimphu 
2020-05-21 07:52:59, mention not https t co 6DgR81sxG9 https t co 0hNJlQtlKT , SyedSaa1 , ,1600,Thimphu 
2020-05-21 07:43:10, caricatured Unfortunate Ground Reality beautiful depiction xf0 x9f x91 x8c , vikrantparate , ,22,Thimphu 
2020-05-21 07:40:21, Greetings from the rooftop of the world The mighty peaks of the Himalaya Being born here is a blessing xf0 x9f x99 x8f xf0 x9f x8f xbc During this type of pandemic the mountains offer free food shelter and water What more can we ask clean xe2 x80 xa6 https t co q16YZDMbrG , BMVTNT , ,70,Thimphu 
2020-05-21 07:01:05, Though you might like to spend the day having fun it s both i More for Sagittarius https t co FfKav1h4Nc , kintsho bht , ,30,Thimphu 
2020-05-21 07:00:58, Embrace your love of the good life You may not realize it bu More for Taurus https t co EECfQYA8HL , cixx67 , ,1509,Thimphu 
2020-05-21 07:00:15, Turning an artistic endeavor into a moneymaking proposition is More for Pisces https t co uojyhA9mo8 , LobzangYeshey1 , ,310,Thimphu 
2020-05-21 06:53:07, RaspaPLUSdevi yes la thank you , sonamtenzin244 , ,671,Thimphu 
2020-05-21 05:44:28, self isolation main hain https t co mPu7IVyJRG , SyedSaa1 , ,1600,Thimphu 
2020-05-21 05:25:20, In follow up to the Bhutan India Start up Summit a video conference to track bilateral economic issues xf0 x9f x87 xa7 xf0 x9f x87 xb9 xf0 x9f x87 xae xf0 x9f x87 xb3 Startup https t co Uuny0g0qBT , Indiainbhutan , Startup ,9288,Thimphu 
2020-05-21 05:03:02, good morning Shoni no salam no wishes to the elders https t co Y2SSabItKr , SyedSaa1 , ,1600,Thimphu 
2020-05-21 04:33:31, jins94475391 Let s hope not xf0 x9f xa4 x9e , ImihcWangmo , ,345,Thimphu 
2020-05-21 04:29:18, Tmtmukherjee8 Hopefully xf0 x9f xa4 x9e Stay safe la , ImihcWangmo , ,345,Thimphu 
2020-05-21 04:27:55, jins94475391 Let s just hope they keep that productivity to self amp with their experimentation we don t have a population boom crisis to deal with xf0 x9f x98 x8f xf0 x9f xa4 xad , ImihcWangmo , ,345,Thimphu 
2020-05-21 04:26:06, tweettsa My common man knowledge is that the links in India must have been damaged amp because of cyclone the operators are unable to mobilize field workers to fix the ground problem la xf0 x9f x98 x85 , ImihcWangmo , ,345,Thimphu 
2020-05-21 04:12:12, People s outcry over no data service due to cyclone last night is as if they majority use internet at night for such important work But if you look at their service details am sure traffic will be from unimportant sites amp adult contents xf0 x9f x98 x8f bhutan Amphan , ImihcWangmo , bhutan Amphan ,345,Thimphu 
2020-05-21 03:01:04, xf0 x9d x97 xa6 xf0 x9d x98 x81 xf0 x9d x97 xae xf0 x9d x98 x86 xf0 x9d x97 xb6 xf0 x9d x97 xbb xf0 x9d x98 x81 xf0 x9d x97 xbc xf0 x9d x98 x82 xf0 x9d x97 xb0 xf0 x9d x97 xb5 xf0 x9d x98 x84 xf0 x9d x97 xb6 xf0 x9d x98 x81 xf0 x9d x97 xb5 xf0 x9d x98 x86 xf0 x9d x97 xbc xf0 x9d x98 x82 xf0 x9d x97 xbf xf0 x9d x97 xbd xf0 x9d x97 xae xf0 x9d x97 xb9 xf0 x9d x98 x80 xf0 x9d x97 xb1 xf0 x9d x97 xb6 xf0 x9d x97 xb4 xf0 x9d x97 xb6 xf0 x9d x98 x81 xf0 x9d x97 xae xf0 x9d x97 xb9 xf0 x9d x97 xb9 xf0 x9d x98 x86 xf0 x9d x98 x84 xf0 x9d x97 xb6 xf0 x9d x98 x81 xf0 x9d x97 xb5 xf0 x9d x97 xa7 xf0 x9d x97 xae xf0 x9d x98 x80 xf0 x9d x97 xb5 xf0 x9d x97 xb6 xf0 x9d x97 x96 xf0 x9d x97 xb2 xf0 x9d x97 xb9 xf0 x9d x97 xb9 For more info on data plans visit https t co 0YkOpegTRl For more info on call plans visit https t co DVBuIPeDLz OR call 7700 xf0 x9f x93 x9e CallMorMeetLess TashiCell https t co 4dqdX7XFAc , TashiCell , CallMorMeetLess TashiCell ,1721,Thimphu 
2020-05-21 02:44:55, On the joyous occasion of the 90th Birth Anniversary of Her Majesty the Royal Grandmother Ashi Kesang Choeden Wangchuck the Tourism Council of Bhutan would like to join the nation in wishing Majesty a very Happy Birthday la With prayers xf0 x9f x99 x8f TourismBhutan HappinessIsAPlace https t co eNEx8xLVN4 , tourismbhutan , TourismBhutan HappinessIsAPlace ,11458,Thimphu 
2020-05-21 01:43:53, AzureDataStudio When will design option for table create and alter come , younten , ,114,Thimphu 
2020-05-20 21:36:54, 0xyDanz Id die for u xf0 x9f xa5 xba xf0 x9f x92 x96 , Caniiibal , ,102,Thimpu 
2020-05-20 21:29:00, xf0 x9f x98 xb3 Updated an old demon s design Bhezalion He s a powerful demon that just wants to chill with humans very tired of the same old same old in hell art characterdesign originalcharacter ArtistOnTwitter https t co j6l4ZN0zDA , Caniiibal , art characterdesign originalcharacter ArtistOnTwitter ,102,Thimpu 
2020-05-20 20:01:51, DA eclipse can suck my left toe this is horrible , Caniiibal , ,102,Thimpu 
2020-05-20 19:08:31, satisfying view after a hard and tiring hike Pumola to Buddha Point https t co FMF5dL95fC , somo 06 , satisfying ,9,Thimphu 
2020-05-20 17:54:55, my home garden black roses https t co 0t6Yyi8zGl https t co JEj3MTKbsS , SyedSaa1 , ,1600,Thimphu 
2020-05-20 17:50:26, I love you all https t co iZWjRKxWiD , SyedSaa1 , ,1600,Thimphu 
2020-05-20 17:48:20, CompassandFork Lovely post Elizabeth Looking forward to your other posts , bhutannorter , ,144,Thimphu 
2020-05-20 15:20:07, Amid corona and Amphan Political news Nepal releases its revised territory map of the country and India is outraged https t co wioamzjZNg , yiwangpindarica , ,6953,Thimphu 
2020-05-20 15:00:44, hotel in 747 B contd https t co BkIfawHr1C , SyedSaa1 , ,1600,Thimphu 
2020-05-20 14:59:30, hotel in747B https t co UOkW0y7p7c , SyedSaa1 , ,1600,Thimphu 
2020-05-20 14:51:47, helosoccerfan finally might find wife wrap around the cyclone bro look clearly and stay safe , Crocodilovic , ,51,Thimphu 
2020-05-20 14:07:13, think about it https t co VmktMDZn2k , SyedSaa1 , ,1600,Thimphu 
2020-05-20 12:31:49, CassyKookie I thought VampireAku was your bf No offence , uchiha soma , ,28,Thimphu 
2020-05-20 12:30:02, iiOnii x Okay hope I win , uchiha soma , ,28,Thimphu 
2020-05-20 11:29:21, The RNR Newsletter Vol VIII Issue no V covers the story on 75 farmers in Jomtsang and Lamzang intensifies crop production ARDC Wengkhar completes Shiitake mushroom inoculation and Rainwater harvesting technology handed over to farmers of Jabisa Village https t co fopT3vgvTD https t co GPEybPTSTL , moafbhutan , ,439,Thimphu 
2020-05-20 11:10:34, You can now Add Money to your eTeeru Wallet in these simple steps View video here to learn https t co ewvQEhvBZi If you still have questions you may also call 7700 eteeru tashicell Bhutan ewallet digitalpayments , TashiCell , eteeru tashicell Bhutan ewallet digitalpayments ,1721,Thimphu 
2020-05-20 10:49:36, Our endeavour to bring music to your ears on World Culture Day Listen in on Facebook Live at 1130 hrs tomorrow for a soulful rendition of melodies on Sitar WorldCultureDay MEAIndia IndianDiplomacy ICCR Delhi vinay1011 DineshKPatnaik KuenselOnline PIB India https t co SmLchSNQhj , Indiainbhutan , WorldCultureDay ,9288,Thimphu 
2020-05-20 10:29:06, caricatured Very true xf0 x9f x91 x8c , vikrantparate , ,22,Thimphu 
2020-05-20 09:57:28, A hero in Christian Apologetics indeed a great general for the Lord As much as I am sad to hear Ravi Zacharias passing away I also rejoice with many to know he finished the race xe2 x80 xa6 https t co 3pyZ2GLhQs , GenuineShadow , ,378,Thimphu 
2020-05-20 09:37:33, EvaMichaud AcademicChatter Congratulation and wishing you the best , pnamgyel , ,608,Thimphu 
2020-05-20 09:18:43, The ninth entry is by Mr Ugyen Lhendup Coporate Employee Thimphu To subscribe free digital copy please visit the link below https t co Nm4TdYOB7A TourismBhutan HappinessIsAPlace Bhuta https t co ovj6GPY3Gq , tourismbhutan , TourismBhutan HappinessIsAPlace Bhuta ,11458,Thimphu 
2020-05-20 08:54:12, pemawand Twitter i thought of Noah Glass xf0 x9f x98 x85 , sonamtenzin244 , ,671,Thimphu 
2020-05-20 08:44:14, HipHopDX Ludacris move bitch get out the way Eminem chika chika get out the way bitch get out the way , Xiao920 , ,88,Thimphu 
2020-05-20 08:34:17, CeeT2013 sowfflll arrttu jackpot15 JigsNews I know where have you been To bury jignews ena , DziJ , ,1669,Thimphu 
2020-05-20 08:08:32, 3 3 I now understand why the government never wanted to help an ailing media sector with the right policies It hopes to replace and become the media itself , TenzingLamsang , ,19879,Thimphu 
2020-05-20 08:08:16, 2 3 The PMO had assured us in the media that this will not happen again after the MoH episode However agencies continue to do this , TenzingLamsang , ,19879,Thimphu 
2020-05-20 08:04:14, left https t co r7F5twTicV , SyedSaa1 , ,1600,Thimphu 
2020-05-20 08:04:09, 1 3 In what is becoming a trend now yet another govt dept asks people to only follow it PMO DDM amp Dzongkhags for updates on Cyclone Amphan Earlier MoH said same thing in its initial COVID 19 advocacy This is nothing less than undermining the role of a free press in Bhutan https t co k9nv7AQq8P , TenzingLamsang , ,19879,Thimphu 
2020-05-20 07:44:28, Bhutan Prime Minister addressing during 73rd World Health Assembly and sharing about Bhutan current circumstance for fighting COVID 19 and expressed gratitude toward WHO for their help for Bhutan during current pandemic situation https t co 65wnb8d8OS https t co OjocPx61YS , DrukExperience , ,2,Thimphu 
2020-05-20 07:01:03, Two heads are better than one today It can be difficult for a More for Sagittarius https t co FfKav1h4Nc , kintsho bht , ,30,Thimphu 
2020-05-20 07:00:56, A double dose of opportunity arrives as the Sun enters dualist More for Taurus https t co EECfQYA8HL , cixx67 , ,1509,Thimphu 
2020-05-20 07:00:14, With both the Sun and Venus lighting up your 4th House of Dome More for Pisces https t co uojyhA9mo8 , LobzangYeshey1 , ,310,Thimphu 
2020-05-20 06:39:13, RaspaPLUSdevi So my point is it s not only the women but men also xf0 x9f x98 x82 But what we see in memes and all are directed to women , zzezenn , ,1872,Thimphu 
2020-05-20 05:23:15, psikopIak Doja cat like that , kinnderjoy , ,346,Thimphu 
2020-05-20 05:20:49, psikopIak jeff bernat call you mine , kinnderjoy , ,346,Thimphu 
2020-05-20 05:17:42, psikopIak ADELE SEND MY LOVE , kinnderjoy , ,346,Thimphu 
2020-05-20 04:33:26, As told by many on how we or most women look good only in pictures esp in social media men are also not far behind I could not recognize a person as he looked so good in pictures xf0 x9f x98 x82 xf0 x9f x98 x9d , zzezenn , ,1872,Thimphu 
2020-05-20 04:32:08, Stay safe xf0 x9f x99 x8f https t co Zsc9fr1Snq , DziJ , ,1669,Thimphu 
2020-05-20 04:31:42, ESPNcricinfo Jariwala59 What a talent xf0 x9f x98 x8d xf0 x9f x98 x8d xf0 x9f x98 x8d , ugyen , ,146,Thimphu 
2020-05-20 03:21:11, A rational explanation behind the increased tensions along the LAC between India and China and how we will see more of it https t co RaOUbfw7Sq , TenzingLamsang , ,19879,Thimphu 
2020-05-20 03:01:05, Done https t co PsrzOjVbGH , uchiha soma , ,28,Thimphu 
2020-05-20 02:39:56, Stay safe https t co AAO8zNNjBu , SangayNeedup , ,69,Thimphu 
2020-05-20 02:29:36, Fifty shades of white on the streets of Thimphu WhiteBlooms Thimphu SpringInTheThunderDragon Thimphu Bhutan https t co UHNkJH3mVR , LovenRamos , WhiteBlooms Thimphu SpringInTheThunderDragon ,2136,Bhutan 
2020-05-20 01:41:39, ngadamo Flirting is easier xf0 x9f xa4 xa3 , BidhaChencho , ,87,Paro 
2020-05-19 18:21:01, Since drinking coffee to keep you awake was effective for many I will also make it a habit so that it is effective for me one day xf0 x9f x98 x85 coffee latenight work GoCoronaGo Covid 19 https t co 1iDOaQNMad , sonamtenzin244 , coffee latenight work GoCoronaGo Covid 19 ,671,Thimphu 
2020-05-19 16:57:08, SMUTRPY Baseupfolls Done https t co R6GRaSSAY6 , eurnbii , ,795,Thimphu 
2020-05-19 16:56:24, Agree https t co 5BltR5SIe4 , namgayzam , ,21946,Thimphu 
2020-05-19 16:55:14, Prayer wheels of the Institute of Traditional Medicine Thimphu https t co TbvBM82ALP , Khamsa , ,285,Thimphu 
2020-05-19 16:42:03, catalystblk Awesome , lee tshering , ,9,Thimphu 
2020-05-19 16:11:42, ngadamo TRKarbaGhallay you have made a good point here xf0 x9f x98 x85 But we can always Ctrl Z , sonamtenzin244 , Ctrl ,671,Thimphu 
2020-05-19 16:06:27, Very sadly when you meet old classmates many of them want to know what you are doing now not because they care because they want to assess if they are more successful than you in order to know whether to respect you or to look down on you , samphel ngawang , ,41,Thimphu 
2020-05-19 15:48:31, TRKarbaGhallay technically both are easy i think xf0 x9f x98 x85 , sonamtenzin244 , ,671,Thimphu 
2020-05-19 15:07:44, chokey Not a little I have a big big faith of course When I pose this doubt doesn t mean I lack faith on my King Without Him we have no destiny But our news and press release needs to be bit elaborative and convincing It just shows how it s important to convince people , ChhedupSangay , ,1042,Thimphu 
2020-05-19 14:54:42, chokey Exactly But also I am bit scared if NOT TRUE news is NOT TRUE , ChhedupSangay , ,1042,Thimphu 
2020-05-19 14:40:00, Sangaywk Health says it turns out to be a rumour at the end https t co qnpde1UR2P , namgayzam , ,21946,Thimphu 
2020-05-19 14:14:24, TenzingLamsang Nice dream Bhutanese are very lucky spoilt race Luckier we have a compassionate King No country foots the bill for them in quarantine elsewhere in our neighbouring state covid positive and negative people are huddled up in a room like sheep in a pen , DziJ , ,1669,Thimphu 
2020-05-19 14:06:22, beautiful Malika suckable feet https t co NpYHg2tM0t , SyedSaa1 , ,1600,Thimphu 
2020-05-19 13:55:57, I am thankful to God for the life of Ravi Zacharias where he is now spending it in eternal glory xe2 x80 xa2 March 26 1946 May 19 2020 https t co qEe3wGJZeC , GenuineShadow , ,378,Thimphu 
2020-05-19 13:51:16, Invitation of Bids for Annual Quotation for the Fiscal Year xc2 xa02020 2021 https t co wxCf8hiZTo , umsb123 , ,50,Thimphu 
2020-05-19 12:54:52, TashidelekN xf0 x9f x98 x82 xf0 x9f x98 x82 right , sonamtenzin244 , ,671,Thimphu 
2020-05-19 12:20:57, my favorite https t co xBx867sum3 , SyedSaa1 , ,1600,Thimphu 
2020-05-19 11:54:53, steuberry Gwe sampe stalking2 dia tau xf0 x9f x98 xad , kinnderjoy , ,346,Thimphu 
2020-05-19 11:30:43, htnsl Imbey la xf0 x9f x98 x82 , namgayzam , ,21946,Thimphu 
2020-05-19 10:34:03, The altitude of the CubeSat will slowly decrease and in about 3 4 months it will reenter the Earth s atmosphere whereby it will burn and disintegrate completely meeting its end of life The Satellite is still transmitting strong beacon signal , pradhan557 , CubeSat ,255,Thimphu 
2020-05-19 10:34:03, As of today BHUTAN 1 is at an altitude of 342 km above Earth s surface and has made more than 10 000 rounds of Earth It was initially released at around 400 km altitude from International Space Station ISS https t co VVKYVVMNtj , pradhan557 , BHUTAN ISS ,255,Thimphu 
2020-05-19 10:29:00, You can now book TashiCell prepaid SIM card online through our online portal at https t co Of6JLMq8m9 To know more call 7700 xf0 x9f x93 x9e tashicell ecommerce Bhutan https t co HP0Ib8Skpd , TashiCell , tashicell ecommerce Bhutan ,1721,Thimphu 
2020-05-19 10:28:25, Are we supposed to take this then https t co 1Xaw6rNCf9 , KinzangDendup1 , ,216,Thimphu 
2020-05-19 10:26:50, A dream within a dream and understanding the pain of those in quarantine https t co dTcZqJfdze , TenzingLamsang , ,19879,Thimphu 
2020-05-19 09:42:33, Scyther ex You are awesome , lee tshering , ,9,Thimphu 
2020-05-19 09:41:47, COVID19 policy response has to integrate economic strategies with health related aspects of the fight ICRIER hosts a live webinar hosted by on the fiscal and monetary policy implications of COVID19 Register at https t co gf5dAMahjd IndiaFightsCorona https t co s7p3rTisPF , Indiainbhutan , IndiaFightsCorona ,9288,Thimphu 
2020-05-19 09:29:31, noxyraaa eehllee hoppityhoppit kat attack PingBox3 Fufu27794696 Congrats , uchiha soma , ,28,Thimphu 
2020-05-19 09:19:09, All confirm case for COVID 19 are imported and no local transmission Bhutan is safe at moment tribute to our King Govt amp religious inst for their works https t co aNAnMO1qt0 , DrukExperience , ,2,Thimphu 
2020-05-19 07:55:06, Domestic violence aggravated by COVID pandemic https t co Wrs5wz1w4M https t co zOqlo2CxLY , business bhutan , ,10018,Thimphu 
2020-05-19 07:44:51, 10 young entrepreneurs identified for COVID 19 response https t co 3BJM8iwO7t https t co D73PV4z3xT , business bhutan , ,10018,Thimphu 
2020-05-19 07:32:21, 381 layoffs from tourism sector engaged https t co HdKVBnZL2P https t co EJonVEwvUe , business bhutan , ,10018,Thimphu 
2020-05-19 07:23:09, caricatured Classic xf0 x9f x98 x82 xf0 x9f x91 x8c , vikrantparate , ,22,Thimphu 
2020-05-19 07:01:03, A close friendship or partnership may be the source of tremend More for Sagittarius https t co FfKav1h4Nc , kintsho bht , ,30,Thimphu 
2020-05-19 07:00:56, A moneymaking idea may occur to you while you xe2 x80 x99re drifting and More for Taurus https t co EECfQYA8HL , cixx67 , ,1509,Thimphu 
2020-05-19 07:00:14, Go ahead and engage in some retail therapy today just don xe2 x80 x99t g More for Pisces https t co uojyhA9mo8 , LobzangYeshey1 , ,310,Thimphu 
2020-05-19 06:49:53, IntelGaming Elizabeth bioshock infinite , chunjurrinchhen , ,189,Thimphu 
2020-05-19 06:42:17, ICCR celebrates World Culture Day with a focus on an ancient system of traditional medicine Ayurveda Tune in to the lecture by Dr Antonio Morandi renowned Ayurveda expert which will be live streamed on ICCR Delhi on Facebook live amp Twitter Live WorldCultureDay Ayurveda https t co uE6DTPMB2Y , Indiainbhutan , WorldCultureDay Ayurveda ,9288,Thimphu 
2020-05-19 06:09:24, The eighth entry is by Mr Pooi Ling Lawyer Kuala Lumpur Malaysia To subscribe free digital copy please visit the link below https t co Nm4TdYOB7A TourismBhutan HappinessIsAPlace Bhutan Tashi Delek Magazine https t co SLFBTMX150 , tourismbhutan , TourismBhutan HappinessIsAPlace Bhutan ,11458,Thimphu 
2020-05-19 05:51:16, Great to be part of the community https t co zRjrQ6aUyy , dhungyel , ,549,Thimphu 
2020-05-19 05:45:57, Understanding news https t co G8denw2uIB , BhutanMediaFdn , ,810,Thimphu 
2020-05-19 05:30:32, samitbasu Haha Just changed my FB profile to me with a blue umbrella a few days ago and dedicated it to Ruskin Bond , namgayzam , ,21946,Thimphu 
2020-05-19 05:25:03, Build Bhutan project to engage 7 000 job seekers in construction sector https t co js71KVT4Oq https t co THubTqb3E0 , business bhutan , ,10018,Thimphu 
2020-05-19 05:16:50, Schools are not ready to re open says Committee https t co pbKhq4t9iZ https t co pLuw87k1n6 , business bhutan , ,10018,Thimphu 
2020-05-19 05:11:48, sonamtweetsx 1 second XD , BidhaChencho , ,87,Paro 
2020-05-19 05:11:21, Marijuana abuse an increasing trend after border lockdown https t co W00QilwmV1 https t co 4dGjTbDhDh , business bhutan , ,10018,Thimphu 
2020-05-19 05:01:08, Sangaywk It also brings up the issue of confidentiality looks like a family chat So who shared it from there , namgayzam , ,21946,Thimphu 
2020-05-19 05:00:20, Sangaywk Waiting for updates and hoping against hope that is turns out to be untrue , namgayzam , ,21946,Thimphu 
2020-05-19 04:59:56, CassyKookie To be a Minecraft or Roblox yt , uchiha soma , ,28,Thimphu 
2020-05-19 04:38:49, 190520 Its been 28 years and I continue to be inspired and live up to your love for our King Country amp People peldendrukpagyelo xf0 x9f x87 xa7 xf0 x9f x87 xb9 xf0 x9f x87 xa7 xf0 x9f x87 xb9 xf0 x9f x87 xa7 xf0 x9f x87 xb9 tsawasum https t co hxFOuvAAyF , czdorji , peldendrukpagyelo tsawasum ,2288,Thimphu 
2020-05-19 04:10:57, Logo Identity design for the Red Dot Bhutan The red dot is a menstrual hygiene campaign initiative by the Ministry of Education Bhutan and unicef bhutan to raise awareness on the subject I am much honoured to be xe2 x80 xa6 https t co 2QUJrwsfBF , creativedonkey , ,92,Thimphu 
2020-05-19 04:05:10, TRKarbaGhallay wish it works with me too xf0 x9f x98 x85 , sonamtenzin244 , ,671,Thimphu 
2020-05-19 04:04:54, ngadamo that xe2 x80 x99s relatable wtih me xf0 x9f x98 x83 , sonamtenzin244 , ,671,Thimphu 
2020-05-19 02:56:41, From being professional photographer to award winning documentary movie maker we are featuring Mr Nithil Dennis nithildennis for our upcoming blog post He has added something unique to the travel storytelling xe2 x80 xa6 https t co 2j2GPxIAJk , duptshering6 , ,418,Bhutan 
2020-05-19 02:34:11, Mighty Ducks Fantastic Feathers and Where to Find Them BhutanWildlife BirdsOfTheThunderDragon Bhutan xe0 xbd xa0 xe0 xbd x96 xe0 xbe xb2 xe0 xbd xb4 xe0 xbd x82 xe0 xbc x8b xe0 xbd xa2 xe0 xbe x92 xe0 xbe xb1 xe0 xbd xa3 xe0 xbc x8b xe0 xbd x81 xe0 xbd x96 xe0 xbc x8b https t co 8qRsNEtiAw , LovenRamos , BhutanWildlife BirdsOfTheThunderDragon ,2136,Bhutan 
2020-05-19 01:25:50, xe2 x80 x9cNothing is confusing than people who give good advice but set bad example Nothing is more convincing than people who give good advice and set good example xe2 x80 x9d John C Maxwell , CkTshewang , ,866,Thimphu 
2020-05-18 17:42:36, MakoMellow I want robux to buy some stuffs , uchiha soma , ,28,Thimphu 
2020-05-18 17:41:43, Guy on the left in the second sketch belongs to purrderer , Caniiibal , ,102,Thimpu 
2020-05-18 17:41:14, CassyKookie First , uchiha soma , ,28,Thimphu 
2020-05-18 17:41:01, Galaxy71440674 She blind in anime , uchiha soma , ,28,Thimphu 
2020-05-18 17:36:25, Honeybees Birch I feel that xf0 x9f x98 x94 , Caniiibal , ,102,Thimpu 
2020-05-18 17:29:58, Sad husbands artistsontwitter art originalcharacter https t co Qp6AS191bT , Caniiibal , artistsontwitter art originalcharacter ,102,Thimpu 
2020-05-18 17:12:37, We have a lot of Bhutanese who critically analyse information that needs no analysis We have a lot of Bhutanese who do not critically analyse information when required I don xe2 x80 x99t know whether to laugh or cry about this xf0 x9f xa4 xaf , namgayzam , ,21946,Thimpu 
2020-05-18 17:06:14, thanks for the reply https t co 5RttqyVeXC , SyedSaa1 , ,1600,Thimphu 
2020-05-18 16:46:56, Here an eye candy anim I made 3drender eevee animation short https t co e4NyjwR1AX , ChhetriAbhinaya , 3drender eevee animation short ,2,Thimphu 
2020-05-18 15:50:46, Kidu raises food for thought https t co P5nmwkt62l , ChhedupSangay , ,1042,Thimphu 
2020-05-18 15:50:40, WJONGlN AUTOBASERPE Pake x , kinnderjoy , ,346,Thimphu 
2020-05-18 15:50:36, WJONGlN AUTOBASERPE Hoac flizz , kinnderjoy , ,346,Thimphu 
2020-05-18 14:08:03, chokey xf0 x9f x98 x82 xf0 x9f x98 x82 I dont know y but i just dont like it I am vanilla person , sonamtenzin244 , ,671,Thimphu 
2020-05-18 13:59:54, LilBrickCEO Proud of all the stans out there , Xiao920 , ,88,Thimphu 
2020-05-18 13:45:44, Uzi HussainRBLX done , uchiha soma , ,28,Thimphu 
2020-05-18 13:40:53, xf0 x9d x97 xa5 xf0 x9d x97 xb2 xf0 x9d x97 xae xf0 x9d x97 xbd xf0 x9d x98 x81 xf0 x9d x97 xb5 xf0 x9d x97 xb2 xf0 x9d x97 xaf xf0 x9d x97 xb2 xf0 x9d x97 xbb xf0 x9d x97 xb2 xf0 x9d x97 xb3 xf0 x9d x97 xb6 xf0 x9d x98 x81 xf0 x9d x98 x80 xf0 x9d x97 xbc xf0 x9d x97 xb3 xf0 x9d x97 xb2 xf0 x9d x97 xa7 xf0 x9d x97 xb2 xf0 x9d x97 xb2 xf0 x9d x97 xbf xf0 x9d x98 x82 Start making transactions with the eTeeru app to get amazing bonuses For more info visit https t co TQyZ0XiLVZ To know which stores accept eTeeru payments check Nearby Merchants xe2 x80 x99 in the app T amp C Apply TashiCell https t co 4NOshAs7Sp , TashiCell , TashiCell ,1721,Thimphu 
2020-05-18 13:25:30, chokey i would love to try but i m the last person to like chocolate xf0 x9f x98 x85 , sonamtenzin244 , ,671,Thimphu 
2020-05-18 13:24:43, pemawand i thought it didnt affect me at all last time , sonamtenzin244 , ,671,Thimphu 
2020-05-18 13:24:03, Nishat27163705 yea it is xf0 x9f x98 x85 , sonamtenzin244 , ,671,Thimphu 
2020-05-18 13:23:44, jins94475391 really i really should try one then , sonamtenzin244 , ,671,Thimphu 
2020-05-18 12:42:10, Oh my freakin God Doesn t he know numbers Doesn t he know about a lakh of his countrymen already dead Oh you orange poop xf0 x9f x99 x84 https t co r6MnEVvk3y , yogeshdahal , ,195,Thimphu 
2020-05-18 12:37:46, iiOnii x Hope I win , uchiha soma , ,28,Thimphu 
2020-05-18 12:37:27, Jimin31746442 AllyTheWhatNow asilboat Yes you do , uchiha soma , ,28,Thimphu 
2020-05-18 12:36:31, andy mits Beautiful , bhutannorter , ,144,Thimphu 
2020-05-18 12:28:59, AllyTheWhatNow asilboat You suck , uchiha soma , ,28,Thimphu 
2020-05-18 11:35:39, JourneyHeroApp Thanks And you xf0 x9f x98 x80 , bhutannorter , ,144,Thimphu 
2020-05-18 10:42:17, xe2 x80 x9cBold experiments and new ways of working are now everyone xe2 x80 x99s business Will the new mindsets become behaviors that stick xe2 x80 x9d COVID19 can be a catalyst for positive change https t co 8I7HQIAbyg , NaglerUNDP , mindsets COVID19 ,1581,Thimphu 
2020-05-18 10:28:13, Anqxl SakuraRH808 Okay , uchiha soma , ,28,Thimphu 
2020-05-18 10:13:48, my darling Hina https t co bqx3oxAZbs , SyedSaa1 , ,1600,Thimphu 
2020-05-18 10:06:57, mani dem08 I guess I will take more years than you , Tsherin01031084 , ,3,Thimphu 
2020-05-18 09:59:52, SofiaUni12 I need 5000 lmao , uchiha soma , ,28,Thimphu 
2020-05-18 09:57:55, SakuraRH808 Cancer , uchiha soma , ,28,Thimphu 
2020-05-18 09:29:37, lukethewhatnow Bruh I m late wish I had seen b4 , uchiha soma , ,28,Thimphu 
2020-05-18 09:24:10, The seventh entry is by Mrs Thinley Zangmo Thimphu To subscribe free digital copy please visit the link below https t co Nm4TdYOB7A TourismBhutan HappinessIsAPlace Bhutan Tashi Delek Magazine https t co 4YjotYPO7j , tourismbhutan , TourismBhutan HappinessIsAPlace Bhutan ,11458,Thimphu 
2020-05-18 08:56:05, jasmine of my home garden https t co B8klniOGCn https t co CrG7ksLQh5 , SyedSaa1 , ,1600,Thimphu 
2020-05-18 08:53:09, good afternoon from Pakistan https t co zVwJCEINwt , SyedSaa1 , ,1600,Thimphu 
2020-05-18 08:46:26, i vl purchase this cell dont worry https t co ongIkasjPy , SyedSaa1 , ,1600,Thimphu 
2020-05-18 08:45:48, Wishes do come true sometimes All Bhutanese student aspirants due to take the IND SAT examination have two more weeks to prepare IND SAT examination rescheduled to 30 May 2020 Read the details here https t co sZUVuLYB1z MEAIndia IndianDiplomacy DrSJaishankar https t co aRalvhaLUf , Indiainbhutan , ,9288,Thimphu 
2020-05-18 08:45:15, you are my friend and you are great https t co nd54z5wHKb , SyedSaa1 , ,1600,Thimphu 
2020-05-18 08:05:13, AUTOBASERPE JOY RED VELVET WOE xf0 x9f x98 xad , kinnderjoy , ,346,Thimphu 
2020-05-18 07:34:53, Welcome We are the recently formed Thimphu Hub of the Global Shapers Community We are not only passionate young leaders and thinkers from a wide range of backgrounds but also committed to make a difference See who our shapers are here https t co JYQpxKkcVa , ShapersThimphu , ,4,Thimphu 
2020-05-18 07:14:01, Government xe2 x80 x98efficiency xe2 x80 x99 and the media in Bhutan https t co EjWHPI9eMz , TenzingLamsang , ,19879,Thimphu 
2020-05-18 07:01:47, Forming a partnership alliance or joint venture may be both More for Sagittarius https t co FfKav1h4Nc , kintsho bht , ,30,Thimphu 
2020-05-18 07:01:40, Dealing with financial matters may be a priority today perhap More for Taurus https t co EECfQYA8HL , cixx67 , ,1509,Thimphu 
2020-05-18 07:00:14, You may find yourself preoccupied by household matters today More for Pisces https t co uojyhA9mo8 , LobzangYeshey1 , ,310,Thimphu 
2020-05-18 06:40:54, Heartbreaking report from BDUTT in a series of brilliant reports on the migrant crisis from a reporter with a heart Even the best evening prime time debates are largely PLUs having a drawing room discussion These are the real stories https t co vDJW5CrXa4 , TenzingLamsang , ,19879,Thimphu 
2020-05-18 06:31:39, amberlylps YT Me pls , uchiha soma , ,28,Thimphu 
2020-05-18 06:31:25, sxnnybxtterflys Yeah , uchiha soma , ,28,Thimphu 
2020-05-18 06:16:35, sxnnybxtterflys Anyways fine , uchiha soma , ,28,Thimphu 
2020-05-18 06:16:21, DailyTriviaKing I ll add you later bro When I m in laptop , uchiha soma , ,28,Thimphu 
2020-05-18 06:15:30, sxnnybxtterflys I want my avatar like that only , uchiha soma , ,28,Thimphu 
2020-05-18 06:14:37, sxnnybxtterflys I want everything xf0 x9f x98 x82 , uchiha soma , ,28,Thimphu 
2020-05-18 06:12:53, sxnnybxtterflys Loll , uchiha soma , ,28,Thimphu 
2020-05-18 06:11:07, DailyTriviaKing Sure , uchiha soma , ,28,Thimphu 
2020-05-18 06:09:56, DailyTriviaKing Okay sure , uchiha soma , ,28,Thimphu 
2020-05-18 06:09:43, DailyTriviaKing How can I It s laggy on mobile there s no way I can do it , uchiha soma , ,28,Thimphu 
2020-05-18 06:07:57, DailyTriviaKing I want it , uchiha soma , ,28,Thimphu 
2020-05-18 06:07:49, sxnnybxtterflys It s okay just dm me , uchiha soma , ,28,Thimphu 
2020-05-18 06:07:18, DailyTriviaKing Bro gimme the wukong skin in fortnite please , uchiha soma , ,28,Thimphu 
2020-05-18 06:04:26, sxnnybxtterflys Sure take your time , uchiha soma , ,28,Thimphu 
2020-05-18 06:03:29, ImMan Fatt DailyTriviaKing Bro why you liking own tweet xf0 x9f xa4 xa3 , uchiha soma , ,28,Thimphu 
2020-05-18 06:02:45, sxnnybxtterflys Nah just a chill pose will do , uchiha soma , ,28,Thimphu 
2020-05-18 05:59:38, ryeyamarie VeD DeV I don t think it gonna happen , uchiha soma , ,28,Thimphu 
2020-05-18 05:58:57, DailyTriviaKing Me please , uchiha soma , ,28,Thimphu 
2020-05-18 05:58:41, sxnnybxtterflys Can you do mine , uchiha soma , ,28,Thimphu 
2020-05-18 05:56:17, noxyraaa I ll win again ma am , uchiha soma , ,28,Thimphu 
2020-05-18 04:55:23, annie 923 AmericanIdol resumed from last season thanks to the incredible scarypoolparty , Tobgay333 , ,37,Thimphu 
2020-05-18 04:49:13, iiOnii x Instagramming , uchiha soma , ,28,Thimphu 
2020-05-18 04:46:55, how sweet muaaah https t co N6a7nqTSi4 , SyedSaa1 , ,1600,Thimphu 
2020-05-18 04:43:33, iiOnii x Keeping one leg over the other and scrolling some social media , uchiha soma , ,28,Thimphu 
2020-05-18 04:43:02, DoraPlaysRoblox Yep done all , uchiha soma , ,28,Thimphu 
2020-05-18 03:22:51, AchuKhegpa SangayKarp They should get the woman CEO Yeshy Seldon back who promoted the sick unit back to life , DziJ , ,1669,Thimphu 
2020-05-18 02:46:45, It s strawberry season in Bhutan so this calls for strawberry pavlova by mrs faith ramos strawberry strawberrypavlova SpringInTheThunderDragon Thimphu Bhutan https t co 2q2IhCKC2T , LovenRamos , strawberry strawberrypavlova SpringInTheThunderDragon ,2136,Bhutan 
2020-05-18 02:26:27, Thailand shuts its doors on foreign flights until June 30 https t co IAJxD4WElx via nationnews , Dzkuensel , ,5449,Bhutan 
2020-05-18 02:20:31, Arthurgunn comes second in AmericanIdol Well with Adam Lambert and Alejandro losing out on finals I didn t get my hopes up high Saw this coming This show will never see another unique singer like Arthur I wish em well though americanidol2020 , Tobgay333 , Arthurgunn americanidol2020 ,37,Thimphu 
2020-05-18 01:43:13, I Can See The Nights https t co rllhYYt0hm , SherabTaKo , ,71,Thimphu 
2020-05-18 01:39:39, Tangchogang Lhakhang is a quaint monastery located across Paro xe2 x80 x93 Thimphu highway with an overlook of the massive mountain and gurgling river stream hence it is no doubt that it has been one of famous Tourist xe2 x80 xa6 https t co qBbPrWWuGI , duptshering6 , ,418,Bhutan 
2020-05-17 20:28:15, CarryMinati lakshayhere army 20MFORCARRY , AbishekChhetr19 , 20MFORCARRY ,1,Thimphu 
2020-05-17 20:03:51, FitLifeTravel Well Shannon if you like yaks then let us assure you there are plenty of fabulous specimen here in Bhutan You can often find them at altitudes of more than 17 000ft and it is safe to say that many locals rely on the yaks for their livelihoods , bhutannorter , ,144,Thimphu 
2020-05-17 19:05:28, Russian fighter SU 47 https t co pr4fcSSIjl , SyedSaa1 , ,1600,Thimphu 
2020-05-17 18:03:23, BBSBhutan Other companies should also do the same Boot out corrupt and such immoral bosses xf0 x9f x91 xa2 , DziJ , ,1669,Thimphu 
2020-05-17 17:53:40, xf0 x9f x91 x87 xf0 x9f x91 x87 xf0 x9f x91 x87 this makes lot of sense stay safe Wear mask Wash hands https t co UA9lYPICwk , DziJ , ,1669,Thimphu 
2020-05-17 17:33:47, jackpot15 drukanddrukpa Rajkumar7 Lovely song xe2 x99 xa5 xef xb8 x8f xe2 x99 xa5 xef xb8 x8f , DziJ , ,1669,Thimphu 
2020-05-17 16:50:19, still only seriously taken by total of 2 people https t co H59pB7bgRn , Crocodilovic , ,51,Thimphu 
2020-05-17 16:25:29, SBukalsaria DelhiAirport MoCA GoI HardeepSPuri narendramodi AAI Official CMOfficeAssam Check Railway and Air India website I am sure you will find some solution , backyardheaven , ,255,Thimphu 
2020-05-17 15:30:39, lukethewhatnow Lol I m late , uchiha soma , ,28,Thimphu 
2020-05-17 15:30:26, lukethewhatnow I need robux any amount , uchiha soma , ,28,Thimphu 
2020-05-17 15:29:36, qtNapes CassyKookie NO WAY , uchiha soma , ,28,Thimphu 
2020-05-17 15:27:15, noxyraaa lildxx jjchaniee I m ready to win again miss Noxy , uchiha soma , ,28,Thimphu 
2020-05-17 15:25:41, sktt1akire Nice , lee tshering , ,9,Thimphu 
2020-05-17 15:24:13, jenniecpctals Why you watch it then , uchiha soma , ,28,Thimphu 
2020-05-17 15:14:50, KiluMentorship I wonder how they do it without a care in the world I really do xf0 x9f xa4 x94 , namgayzam , ,21945,Thimphu 
2020-05-17 15:13:40, jenniecpctals Whose Lol , uchiha soma , ,28,Thimphu 
2020-05-17 15:08:37, Went for a walk today and it felt very refreshing xf0 x9f x98 x87 xf0 x9f x98 x87 GoCoronaGo walk FreshAir summer https t co 5qNtIEwXOF , sonamtenzin244 , GoCoronaGo walk FreshAir summer ,671,Thimphu 
2020-05-17 14:53:08, hmch , kinnderjoy , ,346,Thimphu 
2020-05-17 14:51:13, rgoundla airindiain https t co ugw6noKeHx Read Point 3 1 Arrange transport through Police and related authority , backyardheaven , ,255,Thimphu 
2020-05-17 14:47:21, People who fart in airplanes and other public transport with complete nonchalance I need some of that confidence obliviousness xf0 x9f x98 x82 , namgayzam , ,21945,Thimphu 
2020-05-17 12:44:59, On this xf0 x9d x9f xad xf0 x9d x9f xb1 xf0 x9d x9f xb0 xf0 x9d x98 x81 xf0 x9d x97 xb5 xf0 x9d x97 xae xf0 x9d x97 xbb xf0 x9d x97 xbb xf0 x9d x97 xb6 xf0 x9d x98 x83 xf0 x9d x97 xb2 xf0 x9d x97 xbf xf0 x9d x98 x80 xf0 x9d x97 xae xf0 x9d x97 xbf xf0 x9d x98 x86 xf0 x9d x97 xbc xf0 x9d x97 xb3 xf0 x9d x97 xaa xf0 x9d x97 xbc xf0 x9d x97 xbf xf0 x9d x97 xb9 xf0 x9d x97 xb1 xf0 x9d x97 xa7 xf0 x9d x97 xb2 xf0 x9d x97 xb9 xf0 x9d x97 xb2 xf0 x9d x97 xb0 xf0 x9d x97 xbc xf0 x9d x97 xba xf0 x9d x97 xba xf0 x9d x98 x82 xf0 x9d x97 xbb xf0 x9d x97 xb6 xf0 x9d x97 xb0 xf0 x9d x97 xae xf0 x9d x98 x81 xf0 x9d x97 xb6 xf0 x9d x97 xbc xf0 x9d x97 xbb xf0 x9d x97 x97 xf0 x9d x97 xae xf0 x9d x98 x86 let xe2 x80 x99s acknowledge the fact that telecom has bridged the digital divide and raised possibilities for societies and economies in the world WorldTelecommunicationDay TashiCell https t co JTIM1pAuLw , TashiCell , WorldTelecommunicationDay TashiCell ,1721,Thimphu 
2020-05-17 11:54:46, StcblSexualHarassmentCase the Chief Executive Officer of the State Trading Corporation of Bhutan Limited STCBL was sent on compulsory retirement by the STCBL Board for sexual harassment of some of its employees https t co 3RtqauK7o4 https t co RhDSxMHRun , BBSBhutan , StcblSexualHarassmentCase ,50117,Thimphu 
2020-05-17 11:54:36, Soaking in Nature thimphutrail https t co 5pQnERIuE8 , sangaykhandu , thimphutrail ,7856,Thimphu 
2020-05-17 10:59:59, krywstal Pake t , kinnderjoy , ,346,Thimphu 
2020-05-17 10:43:29, tripiy1 BerkeleySqB Haha loving this xf0 x9f x99 x8f xf0 x9f x91 x8c xf0 x9f x98 x80 , bhutannorter , ,144,Thimphu 
2020-05-17 10:40:46, strayidler BerkeleySqB That xe2 x80 x99s great Thank you xf0 x9f x99 x8f , bhutannorter , ,144,Thimphu 
2020-05-17 09:57:40, A tale of dogs and flying tigers TigersNest WorldHeritageDogs MonumentsDogs DogsOfTheHood Tiger s Nest Paro Bhutan https t co x9q3Dfj9ax , LovenRamos , TigersNest WorldHeritageDogs MonumentsDogs DogsOfTheHood ,2136,Bhutan 
2020-05-17 09:55:02, Thinking of friends family and every Bhutanese who identifies as LGBTIQ on the international day against homophobia transphobia and biphobia It xe2 x80 x99s not a crime to be you it should never be a crime to be you xf0 x9f x8c x88 xf0 x9f x92 x93 xe2 x9c xa8 idahot2020 https t co uP5tCYTg4W , namgayzam , LGBTIQ idahot2020 ,21945,Bhutan 
2020-05-17 09:09:09, I guess https t co vtU6JgPTa5 , phunnnnssss , ,47,Thimphu 
2020-05-17 08:54:42, poor me https t co UBF2Horbw4 https t co kL0qQQBwgA , SyedSaa1 , ,1600,Thimphu 
2020-05-17 08:52:45, oh no https t co QpLAqXh7Zr https t co hw31zHTnGU , SyedSaa1 , ,1600,Thimphu 
2020-05-17 08:03:25, OPINION Gross National Happiness may be better measure as we tackle Covid 19 https t co en1zSLWe3U , ChhedupSangay , ,1042,Thimphu 
2020-05-17 07:41:59, BAAAACoOoOoOoT https t co bNaMX1VLrc , kinnderjoy , ,346,Thimphu 
2020-05-17 07:23:21, Sir Numb zyreenn Username fasapp , uchiha soma , ,28,Thimphu 
2020-05-17 07:01:04, Landing a profitable job is a strong possibility while the Sun More for Sagittarius https t co FfKav1h4Nc , kintsho bht , ,30,Thimphu 
2020-05-17 07:00:57, Exploring other cultures and philosophies will be liberating More for Taurus https t co EECfQYA8HL , cixx67 , ,1509,Thimphu 
2020-05-17 07:00:15, Your ability to get along with people from all walks of life m More for Pisces https t co uojyhA9mo8 , LobzangYeshey1 , ,310,Thimphu 
2020-05-17 06:49:25, himabista She shared this extremely relevant amp important in these times https t co OXbN2ASWtW Thanks for sharing Tsering , namgayzam , ,21945,Thimphu 
2020-05-17 06:46:01, himabista Check Tsering xe2 x80 x98s Twitter She xe2 x80 x99s shared specific bits that may answer your query in the Ktm context di xf0 x9f x98 x8a , namgayzam , ,21945,Thimphu 
2020-05-17 06:36:17, I actually am I don t carry a gun https t co fdATRpbkrO https t co aYi8wdjjfh , i ix ix vi , ,8,Thimphu 
2020-05-17 06:33:19, It s to much of a sun to handle I would die here xf0 x9f x98 x9d https t co mErGFlTznb , i ix ix vi , ,8,Thimphu 
2020-05-17 05:52:44, himabista If it xe2 x80 x99s journalists doing this they xe2 x80 x99ve breached privacy rights This is unethical any decent journalist would know Also it xe2 x80 x99s media literacy if the media are not educating the masses the government should WHO doesn xe2 x80 x99t need to spell out these things Terrible , namgayzam , ,21945,Thimphu 
2020-05-17 05:46:20, himabista Oh gosh , namgayzam , ,21945,Thimphu 
2020-05-17 05:46:05, fumblypd ebruenig One word Don xe2 x80 x99t Haha , namgayzam , ,21945,Thimphu 
2020-05-17 05:43:25, The sixth entry is by Mr Luka Van Royen Taba Thimphu To subscribe free digital copy please visit the link below https t co Nm4TdYOB7A TourismBhutan HappinessIsAPlace Bhutan Tashi Delek Magazine https t co V4QldF5dHg , tourismbhutan , TourismBhutan HappinessIsAPlace Bhutan ,11458,Thimphu 
2020-05-17 05:13:23, Life ok 1 good morning Pari doll of Karachi https t co ZV7yU0vMns , SyedSaa1 , ,1600,Thimphu 
2020-05-17 05:12:05, sparkle sa Good morning Sparkle Sandra have a nice day https t co MEiCeuMbFk , SyedSaa1 , ,1600,Thimphu 
2020-05-17 04:59:50, good morning dear Kloti which special dish you are preparing for me https t co 4HLTJ4dwlQ https t co doJIxE2Kt6 , SyedSaa1 , ,1600,Thimphu 
2020-05-17 04:36:19, Heroic mother breastfeeds orphaned babies after Kabul attack SHE DESERVES A MEDAL xf0 x9f x8f x85 xf0 x9f x92 x90 xf0 x9f x91 x8f xf0 x9f x91 x8f https t co Q0lJ36Wps2 , DziJ , ,1669,Thimphu 
2020-05-17 04:30:39, khendumdorji Beautiful shot xf0 x9f x91 x8d , DziJ , ,1669,Thimphu 
2020-05-17 03:49:15, sroyyam 5star xf0 x9f x92 xa5 xf0 x9f x92 xa5 xf0 x9f x92 xa5 xf0 x9f x92 xa5 xf0 x9f x92 xa5 xf0 x9f x98 x83 , BekaySubba , ,49,Thimphu 
2020-05-17 02:31:29, sonamtweetsx thank you xf0 x9f x98 x8a , sonamtenzin244 , ,671,Thimphu 
2020-05-17 02:30:57, sonofdrukpa I would say those some who stay home as they are told to do so are well disciplined , sonamtenzin244 , ,671,Thimphu 
2020-05-17 02:29:22, changia b true , sonamtenzin244 , ,671,Thimphu 
2020-05-17 01:58:01, OPINION Gross National Happiness may be better measure as we tackle Covid 19 https t co dSTkPXfgzc , SangayNeedup , ,69,Thimphu 
2020-05-17 00:01:35, Slash not posting weird fcked up shits is even weirder , Tobgay333 , ,37,Thimphu 
2020-05-16 17:11:08, It xe2 x80 x99s worth it I am done giving priorities to all the fake Peeps https t co 0HUPIlk0Lp , BrezzyNemo , ,10,Thimphu 
2020-05-16 17:09:16, beautiful https t co FGYtJw4NDq , SyedSaa1 , ,1600,Thimphu 
2020-05-16 16:59:28, I m Leo never underestimate the power of Leo today I forget to brush my teeth https t co CwA0lP8Twh , SyedSaa1 , ,1600,Thimphu 
2020-05-16 16:55:01, Nephritise Phillipine and Brazil will be first alpha testing countries , lee tshering , ,9,Thimphu 
2020-05-16 16:36:08, VampireAku zyreenn Yap I mma win this , uchiha soma , ,28,Thimphu 
2020-05-16 16:33:35, hmnbin Hmch , kinnderjoy , ,346,Thimphu 
2020-05-16 16:31:45, your wish12 never , SyedSaa1 , ,1600,Thimphu 
2020-05-16 16:29:58, Tvylerrr D3vCone My dream face , uchiha soma , ,28,Thimphu 
2020-05-16 16:28:41, iBluze Roblox Super super happy face , uchiha soma , ,28,Thimphu 
2020-05-16 16:13:24, Is Bhutan the only country to have free life insurance for Covid 19 frontline workers xf0 x9f x98 x8a https t co wEKhGaVrV0 , namgayzam , Bhutan ,21945,Thimphu 
2020-05-16 15:59:13, good night dear https t co JTYDV7ZKXP https t co 5Th84jqmlR , SyedSaa1 , ,1600,Thimphu 
2020-05-16 15:55:16, 9 xdb xb09 out of 10 https t co n82ufCUw8i https t co 0CvaSqpWHi , SyedSaa1 , ,1600,Thimphu 
2020-05-16 15:43:42, ebruenig fumblypd I want to say the same in reverse Lol , namgayzam , ,21945,Thimphu 
2020-05-16 15:37:24, gcmesin Haii bumil , kinnderjoy , ,346,Thimphu 
2020-05-16 15:37:05, Saeromiaw Haii , kinnderjoy , ,346,Thimphu 
2020-05-16 15:28:20, krywstal Gamaooo , kinnderjoy , ,346,Thimphu 
2020-05-16 15:19:00, Jb flizz cenktil kiyiut usyeri rosesparrk cellayxx kawvaii lutcul krywstal jeonsomni geulfics jendeukimo rorsae RUBBYJENNlE https t co RwymgZIrqc , kinnderjoy , ,346,Thimphu 
2020-05-16 15:15:56, Jb meng shxcbi dvrrex enwooi ktaerhyng doprian jegkr prksoju hi guk kapxxten taehyunqpl najaemso neekotin jonginco Dikanct nctjaehyunt vigarettes alkhohoI p4camat chngyeol thisismimen pangerawn chanyelol whqisky najaevmint dunhrill rlzdio jsaehyunj https t co RwymgZIrqc , kinnderjoy , ,346,Thimphu 
2020-05-16 15:04:33, two shades of grey and white suite https t co 3OctPh0O7b , SyedSaa1 , ,1600,Thimphu 
2020-05-16 15:00:40, I applied for the first one but couldn xe2 x80 x99t attend due to work I may attend this Anyone else interested xf0 x9f x98 x8a https t co nYEopvMFko , namgayzam , ,21945,Thimphu 
2020-05-16 14:53:37, VampireAku I ship you with um Your crush Lol , uchiha soma , ,28,Thimphu 
2020-05-16 14:07:16, OfficialZakRB It ll be open on June 1 , uchiha soma , ,28,Thimphu 
2020-05-16 13:28:14, God bless you https t co XcvZMvy34N , SyedSaa1 , ,1600,Thimphu 
2020-05-16 13:27:51, I m not physically weak I m so depressed after my operation I travelled all over my country by road I m 50 years old my hobby is hunting beside travelling https t co cbEtJtbbd0 https t co YM7U3XbZrK , SyedSaa1 , ,1600,Thimphu 
2020-05-16 13:15:56, thanks https t co cbEtJtbbd0 , SyedSaa1 , ,1600,Thimphu 
2020-05-16 13:14:33, your wish12 mine Sunday https t co JFs2OERoEt , SyedSaa1 , ,1600,Thimphu 
2020-05-16 12:53:31, I feel so sorry for you dear https t co 3L3RvvV2xL , SyedSaa1 , ,1600,Thimphu 
2020-05-16 11:56:47, https t co xF6ZIVNXnP Got me thinking about why I don xe2 x80 x99t amp will not forgive rapists , namgayzam , ,21945,Thimphu 
2020-05-16 10:57:26, Fascinating podcast on data and why it xe2 x80 x99s killing women xf0 x9f x91 x8d xf0 x9f x8f xbc https t co rj7HgSCCXB , namgayzam , ,21945,Thimphu 
2020-05-16 10:30:39, you are my all time favorite little girl https t co LgPC1J9rt6 , SyedSaa1 , ,1600,Thimphu 
2020-05-16 10:23:12, U R right https t co hOtxKrK1Hn , SyedSaa1 , ,1600,Thimphu 
2020-05-16 10:08:38, Looking for an adventure of a lifetime Look no more https t co ufXzavyxIA https t co QESBWzLUtx , bhutannorter , ,144,Thimphu 
2020-05-16 10:03:14, DRgotsoul MiamiiMansour nheuces Matt Bolton mauriciobayona AnaGarciamex Spicy707 PuertoPlataVive mipe49 nomoreabuse2018 ArthurFdez MTurismoRD Engr Akseer Thank you for including us Paola , bhutannorter , ,144,Thimphu 
2020-05-16 09:58:15, melandjake99 BerkeleySqB It would be great to welcome you to our beautiful little country Mel , bhutannorter , ,144,Thimphu 
2020-05-16 09:56:51, JourneyHeroApp It is such a shame that the little country has been hit so hard by the Crisis Beautiful photo though , bhutannorter , ,144,Thimphu 
2020-05-16 09:54:45, my wife passed away Sandra https t co Cd0kmPVB9Y https t co lHYAcJCVwH , SyedSaa1 , ,1600,Thimphu 
2020-05-16 08:53:57, WolfEyeGames Arkane is the best studio under Bethesda , chunjurrinchhen , ,189,Thimphu 
2020-05-16 08:52:13, akm1410 A blessing in disguise for your cousin actually , TenzingLamsang , ,19879,Thimphu 
2020-05-16 08:02:32, My sweethearts xe2 x9d xa4 xef xb8 x8f xe2 x9d xa4 xef xb8 x8f kriyesha krinisha kriyeshakrinisha daddyslittlegirls Thimphu Bhutan https t co Z8oKlmX2va , bharatbugss , kriyesha krinisha kriyeshakrinisha daddyslittlegirls ,63,Thimphu 
2020-05-16 07:49:17, Also So false Our people r not for sale unlike you Oh dear nationalism right r thou https t co 3TKBEi9A7O , yogeshdahal , ,195,Thimphu 
2020-05-16 07:44:21, nobody loves me https t co xTE9md8JH0 , SyedSaa1 , ,1600,Thimphu 
2020-05-16 07:31:54, The fifth entry is by Mr Brent Olson Tour Operator Northern California USA To subscribe free digital copy please visit the link below https t co Nm4TdYOB7A TourismBhutan HappinessIsAPlace Bhutan https t co EwXlTIFjBE , tourismbhutan , TourismBhutan HappinessIsAPlace Bhutan ,11458,Thimphu 
2020-05-16 07:19:26, Can you feel the nature and the freshness in Thimphu blessed serenity xf0 x9f x99 x8f xf0 x9f x99 x8f Thimphu Bhutan https t co d2f8q1Upl6 , ChhetriAbhinaya , blessed serenity ,2,Thimphu 
2020-05-16 07:14:09, Get 50 bonus on 17th May on prepaid recharge done from eTeeru T amp C Apply bhutan eteeru tashicell towardsadigitalbhutan https t co LUvdS9e2lv , TashiCell , bhutan eteeru tashicell towardsadigitalbhutan ,1721,Thimphu 
2020-05-16 07:01:03, Even a rolling stone like you needs a comfortable nest so don More for Sagittarius https t co FfKav1h4Nc , kintsho bht , ,30,Thimphu 
2020-05-16 07:00:56, A friend could be the source of some valuable spiritual guidan More for Taurus https t co EECfQYA8HL , cixx67 , ,1509,Thimphu 
2020-05-16 07:00:14, It xe2 x80 x99s more important than ever to listen to your intuition You More for Pisces https t co uojyhA9mo8 , LobzangYeshey1 , ,310,Thimphu 
2020-05-16 06:49:54, beautiful Nakita nice post Good morning https t co TgulVTovSA https t co EbDjD5SiKJ , SyedSaa1 , ,1600,Thimphu 
2020-05-16 06:48:26, who doesn t love giant bull https t co f53OlxnNld https t co 0J5AlZbsYb , SyedSaa1 , ,1600,Thimphu 
2020-05-16 05:35:52, amnarafiq25 Congratulations Amna xf0 x9f x91 x8f xf0 x9f x91 x8f xf0 x9f x91 x8f , ugyen , ,146,Thimphu 
2020-05-16 05:04:20, Oh godse wala chacha count of covid in ur country exceeded China s ur poor labourers are walking 100s of miles home some dying some giving birth on way amp moving on but u find this crucial , yogeshdahal , ,195,Thimphu 
2020-05-16 04:58:08, samitbasu Awww xf0 x9f xa5 xba Thank you my fav Indian author xf0 x9f x99 x8f xf0 x9f x8f xbc , namgayzam , ,21945,Thimphu 
2020-05-16 04:46:02, himabista Sorry to hear di Stay strong Much love xf0 x9f x92 x93 , namgayzam , ,21945,Thimphu 
2020-05-16 04:39:23, good morning dear Cynthia https t co DTgxmxGQbn https t co 6n6R5HPAlm , SyedSaa1 , ,1600,Thimphu 
2020-05-16 04:37:13, ha ha ha pls make an especial dish for me dear Kloti xdb x94 xdb x94 xdb x94 xdb x94 xdb x94 https t co 5qhrmq6FqU , SyedSaa1 , ,1600,Thimphu 
2020-05-16 04:30:33, pls translate your post dear https t co f7Tb5LXFAA , SyedSaa1 , ,1600,Thimphu 
2020-05-16 04:29:43, Gyanata Education Solutions https t co uSzJJXHkTS , abitbhutan , ,14,Thimphu 
2020-05-16 04:23:35, God bless you Kloti https t co miCeoW9mxH , SyedSaa1 , ,1600,Thimphu 
2020-05-16 04:20:23, great post Kloti https t co Nkmb6VrzKu , SyedSaa1 , ,1600,Thimphu 
2020-05-16 04:19:02, you are right https t co JGu5NbtEly , SyedSaa1 , ,1600,Thimphu 
2020-05-16 04:16:16, ha ha ha pls make an especial dish for me Kloti https t co 5qhrmq6FqU , SyedSaa1 , ,1600,Thimphu 
2020-05-16 04:15:02, ha ha ha pls make an especial dish for me dear Kloti https t co 5qhrmq6FqU , SyedSaa1 , ,1600,Thimphu 
2020-05-16 04:10:28, Doors windows stairs and the passages of time Ogyencholing BhutaneseArchitecture RusticAssemblage Bhutan TangValley Bhutan xe0 xbd xa0 xe0 xbd x96 xe0 xbe xb2 xe0 xbd xb4 xe0 xbd x82 xe0 xbc x8b xe0 xbd xa2 xe0 xbe x92 xe0 xbe xb1 xe0 xbd xa3 xe0 xbc x8b xe0 xbd x81 xe0 xbd x96 xe0 xbc x8b https t co pLbHCXaUo3 , LovenRamos , Ogyencholing BhutaneseArchitecture RusticAssemblage Bhutan TangValley ,2136,Bhutan 
2020-05-16 04:05:21, xe2 x80 x9eCOVID 19 offers a chance to reset and reshape the world in a more sustainable way It is up to every individual and corporation to take ownership of the future xe2 x80 x9c SDGs https t co cz2aawpDhj , NaglerUNDP , SDGs ,1581,Thimphu 
2020-05-16 03:55:51, Our king our hero our living god our saviour our father our leader We bow to you https t co yxhxlH6iUQ , yiwangpindarica , ,6953,Thimphu 
2020-05-16 03:50:49, Linkmon99 Dam I was late , uchiha soma , ,28,Thimphu 
2020-05-16 03:33:17, 2 2 Anyhow towards the end the poor mike was even taken out of the room to signal the end of the presser until the Foreign Minister had to summon it back into the room on live TV for two more final questions xf0 x9f x98 x84 The irony is that the mike belongs to BBS , TenzingLamsang , ,19879,Thimphu 
2020-05-16 03:31:19, 1 2 The MoH COVID 19 press conference team for the first time appointed a tenacious mike moderator yesterday who kept a tight control on the mike taking it back after every question I guess the idea may have been to avoid immediate follow up questions , TenzingLamsang , ,19879,Thimphu 
2020-05-16 02:48:46, How Germany Is A COVID Failure by indica https t co Z6IyeflsEI , pnamgyel , ,608,Thimphu 
2020-05-16 02:47:48, RossButler 13ReasonsWhy netflix I love you xf0 x9f xa5 xba , 888tenpeki , ,25,Thimphu 
2020-05-16 02:09:19, So very true xf0 x9f x8c xb8 xf0 x9f x99 x8f xf0 x9f x99 x8f xf0 x9f x99 x8f xf0 x9f x8c xb8 https t co ZiOJaUPLAK , kuengawangmo , ,1930,Thimphu 
2020-05-16 01:33:08, covid19 times bhutan staysafe Thimphu Bhutan https t co UsuxWIO1Nc , ChhetriAbhinaya , covid19 bhutan staysafe ,2,Thimphu 
2020-05-15 20:20:27, I honestly have no idea what I xe2 x80 x99m doing here Still don xe2 x80 x99t get Twitter after almost 4 years Okay Bye MentallyInsertsRandomHashtags , phunnnnssss , ,47,Thimphu 
2020-05-15 19:04:12, wildrift Can t wait , lee tshering , ,9,Thimphu 
2020-05-15 17:46:03, CeeT2013 Yes Thankfully Ambient cafe in Thimphu makes the ice cream here xf0 x9f x98 xad xf0 x9f x92 x93 , namgayzam , ,21945,Thimphu 
2020-05-15 17:44:43, CeeT2013 Matcha , namgayzam , ,21945,Thimphu 
2020-05-15 17:38:14, RobloxTweetz Done hopeni win xf0 x9f x98 xad , uchiha soma , ,28,Thimphu 
2020-05-15 17:10:31, rochieanne smcoked Jepin u deserve to be happy meng , kinnderjoy , ,346,Thimphu 
2020-05-15 16:53:57, New song Gadi Gadi releasing next week Until then here is a short promo through mstudiobhutantiktok Make your tiktok on this song and tag us We will give you a shout out in our stories Singers xe2 x80 xa6 https t co 0Ta4Ox1sI7 , mstudiobhutan , mstudiobhutantiktok ,237,Thimphu 
2020-05-15 16:46:54, smcoked Of courseee , kinnderjoy , ,346,Thimphu 
2020-05-15 16:42:31, rochieanne jsojuy vkthopp Yes its me xf0 x9f xa4 x98 xf0 x9f x8f xbb , kinnderjoy , ,346,Thimphu 
2020-05-15 16:41:08, rochieanne vkthopp Ribet , kinnderjoy , ,346,Thimphu 
2020-05-15 16:16:16, HawwyAlt lizzie playzz Too bad idc bro , uchiha soma , ,28,Thimphu 
2020-05-15 15:51:21, His Majesty at the frontlines fighting Covid 19 xf0 x9f x99 x8f xf0 x9f x8f xbc He has not known rest since the outbreak That we are virtually Covid 19 free is due to one reason only Able leadership Everything else is a consequence https t co VKwPeAHjp0 , namgayzam , ,21945,Thimphu 
2020-05-15 15:10:25, University of Oxford reported positive findings of Covid 19 vaccine https t co TuJmZqVxDT , ChhedupSangay , ,1042,Thimphu 
2020-05-15 14:48:52, DorjiWangchuk There is no place like home , yiwangpindarica , ,6953,Thimphu 
2020-05-15 14:45:23, ironmjae cchowoodz Baceotan Gamao , kinnderjoy , ,346,Thimphu 
2020-05-15 12:49:33, virtuspro Maybe bristleback xf0 x9f xa4 x94 , uchiha soma , ,28,Thimphu 
2020-05-15 12:49:21, virtuspro Any hero who needs high Mana and quick health Regen and atk speed , uchiha soma , ,28,Thimphu 
2020-05-15 12:16:51, Devilsanddusts KuenselOnline ycrinzin Totally agree putting lives of genuine Bhutanese at risk if they really cared they should have come before the outbreak xf0 x9f x98 xb7 , DziJ , ,1669,Thimphu 
2020-05-15 12:11:54, Men belittling Health Minister like they know better are compensating for their inadequacies I xe2 x80 x99ll take her ovaries over their balls anyday xf0 x9f x99 x8c xf0 x9f x8f xbc , namgayzam , ,21945,Thimphu 
2020-05-15 11:59:43, Happy Birthday Ama love you loads Thimphu Bhutan https t co ilgmvQUbAG , bharatbugss , ,63,Thimphu 
2020-05-15 11:39:14, beautiful innocent https t co kV0NtleSCO , SyedSaa1 , ,1600,Thimphu 
2020-05-15 11:38:47, SonamPodo xf0 x9f x98 x82 xf0 x9f x98 x82 that xe2 x80 x99s interesting atleast me trying to get work done xf0 x9f x99 x84 , sonamtenzin244 , ,671,Thimphu 
2020-05-15 11:37:40, 0 007297351 I asked 5 questions all in Dzongkha to ensure that rural people understand too You obviously were not paying attention , TenzingLamsang , ,19879,Thimphu 
2020-05-15 11:28:31, HawwyAlt lizzie playzz Evidence needed boi She s trusted , uchiha soma , ,28,Thimphu 
2020-05-15 10:52:23, iiOnii x Loss lt Gain , uchiha soma , ,28,Thimphu 
2020-05-15 10:47:17, SchwiftyStudios Jailbreak xf0 x9f xa4 xad , uchiha soma , ,28,Thimphu 
2020-05-15 10:46:50, Sophiatheonetok Uh I need something which has value anything will do cause yeah I don t play RH XD , uchiha soma , ,28,Thimphu 
2020-05-15 10:44:57, iiOnii x You ll hit soon onii chan , uchiha soma , ,28,Thimphu 
2020-05-15 10:43:51, iiOnii x Done everything hope I win , uchiha soma , ,28,Thimphu 
2020-05-15 09:46:02, The City With a Dragon Tattoo Local Bhutanese artists painted the protruding rocks of a mountain in Thimphu revealing the shape of the kingdom s mythical symbol standing proudly and mighty on the main traffic xe2 x80 xa6 https t co 9fD8EIcG3r , LovenRamos , ,2136,Bhutan 
2020-05-15 09:12:04, DorjiWangchuk 21 today xf0 x9f x98 xac , yiwangpindarica , ,6953,Thimphu 
2020-05-15 09:11:42, pradhan557 Thanks fr the clarification xf0 x9f xa4 x97 xf0 x9f x99 x8f ahhh indian tata sky even giving free channels guess asking that would b too much for ours i just hope atleast 21 51 will change , yiwangpindarica , ,6953,Thimphu 
2020-05-15 09:00:56, 11 new asymptomatic Covid 19 cases were found in Wuhan today according to city health officials https t co xqLkTqMYsA , GenuineShadow , ,378,Thimphu 
2020-05-15 08:58:05, AllysaLuvie Oh chillax , uchiha soma , ,28,Thimphu 
2020-05-15 08:57:23, AllysaLuvie xf0 x9f xa4 xad xf0 x9f xa4 xad xf0 x9f xa4 xad you kidding , uchiha soma , ,28,Thimphu 
2020-05-15 08:56:52, AllysaLuvie I ll be sad maybe I would , uchiha soma , ,28,Thimphu 
2020-05-15 08:51:32, Happy that the government is recommending face masks in public areas from today I have been advocating and following this for sometime , TenzingLamsang , ,19879,Thimphu 
2020-05-15 08:24:40, thebhutanese what do you mean by 17 patients Does that mean we have 38 cases , Uchihachod96 , ,11,Thimphu 
2020-05-15 07:55:17, zSxlar Buy robux , uchiha soma , ,28,Thimphu 
2020-05-15 07:32:33, This year has been DUMMY STRESSFUL even outside of the pandemic xf0 x9f x98 x94 I am but a fool that can do nothing but complain , Caniiibal , ,102,Thimpu 
2020-05-15 07:29:58, Last week of school i havent done any assignments for the past 2 weeks im so tired can this be done w I havent even done the make up work how do they expect me to finish an entire semesters worth of shit on top of this semesters im lays in a puddle , Caniiibal , ,102,Thimpu 
2020-05-15 07:01:04, Getting involved with an environmental effort could give you a More for Sagittarius https t co FfKav1h4Nc , kintsho bht , ,30,Thimpu 
2020-05-15 07:00:57, Pursuing your dreams may become an obsession while driven Mars More for Taurus https t co EECfQYA8HL , cixx67 , ,1509,Thimphu 
2020-05-15 07:00:14, An upsurge of passion may cause you to do something out of the More for Pisces https t co uojyhA9mo8 , LobzangYeshey1 , ,310,Thimphu 
2020-05-15 06:40:46, Not a coincidence that the climate change naysayers in the USA are the same ones railing against social distancing in the USA and are opening up for business This time though the impact will be pretty immediate and direct , TenzingLamsang , ,19879,Thimphu 
2020-05-15 06:36:51, Ranjan zeh IndianExpress Point noted though the virus was widespread in Italy by then unlike India but then what about providing transportation and food , TenzingLamsang , ,19879,Thimphu 
2020-05-15 06:31:10, Heart wrenching image by Gajendra Yadav of IndianExpress of a migrant worker and his family in Delhi heading back home at 4 am in the morning No debate that lockdown was need of the hour in India amp has controlled the numbers but a week xe2 x80 x99s notice would have been more humane https t co olrQIpA19p , TenzingLamsang , ,19879,Thimphu 
2020-05-15 06:20:32, lukethewhatnow I really need robux rn pls xf0 x9f x98 xad xf0 x9f x98 xad xf0 x9f x98 xad , uchiha soma , ,28,Thimphu 
2020-05-15 06:17:43, Bhutan look to the skies at 8 pm to see the only people maintaining enough social distance to be totally safe from COVID 19 xf0 x9f x98 x84 https t co SpXquZqUAp , TenzingLamsang , ,19879,Thimphu 
2020-05-15 05:29:30, One American coronavirus patient s journey home from Bhutan on a ventilator The Washington Post https t co gJ0K1e0e9O , Chhimmy , ,1715,Thimphu 
2020-05-15 05:13:33, The fourth entry is by Mr Sapna Chuchi Dahal Tour Operator Bhutan Roof of the World Travel Thimphu To subscribe free digital copy please visit the link below https t co Nm4TdYOB7A TourismBhutan HappinessIsAPlace Bhutan Tashi Delek Magazine https t co im4IyXCRuA , tourismbhutan , TourismBhutan HappinessIsAPlace Bhutan ,11458,Thimphu 
2020-05-15 04:46:59, Lem0nxxAble peepster100yt Helped D , uchiha soma , ,28,Thimphu 
2020-05-15 04:45:34, VeD DeV I have the pirated version xf0 x9f x98 x86 , uchiha soma , ,28,Thimphu 
2020-05-15 04:28:24, VampireAku Play DotA 2 or Roblox or fortnite and yeah listen to some cool music make GFXs or draw anime , uchiha soma , ,28,Thimphu 
2020-05-15 04:28:14, DailyTriviaKing Already following you I need robux for new cloths xf0 x9f x98 x82 , uchiha soma , ,28,Thimphu 
2020-05-15 04:27:39, VuxxVuxx Lildxx1 Hope I win , uchiha soma , ,28,Thimphu 
2020-05-15 04:22:09, I agree with you Tshering P Dendup and urge our leaders and fellow compatriot to support the trust fund For information please visit https t co 928UV2mRwC https t co UyVaDgbHst , gasebtandin , ,2452,Thimphu 
2020-05-15 04:20:46, xe2 x80 x9cThe choices countries make right now will determine the next generation of energy infrastructure and jobs But the forces of gravity will re build the status quo unless incentives drive determinedly in a different direction xe2 x80 x9d by Asteiner https t co PCCH9nuZJO , NaglerUNDP , ,1581,Thimphu 
2020-05-15 03:59:30, changia b thank you and stay safe , sonamtenzin244 , ,671,Thimphu 
2020-05-15 03:28:26, Marked as to read The Dark Web by Geoff White https t co Q4zwGBgLRO , pratimaIceberg , ,144,Thimphu 
2020-05-15 03:11:36, SedRicKCZ MiraTechno same here xf0 x9f x98 x84 , Uchihachod96 , ,11,Thimphu 
2020-05-15 02:47:12, cchowoodz Baceotan Lebayyy , kinnderjoy , ,346,Thimphu 
2020-05-15 02:46:49, cchowoodz Baceotan ironmjae Beach or bitch , kinnderjoy , ,346,Thimphu 
2020-05-15 02:46:03, cchowoodz rplworld Mi lop yu , kinnderjoy , ,346,Thimphu 
2020-05-15 01:56:13, pradhan557 Like india na i can see they giving free channels from tata sky since our cable providers r also using tata sky thought more extra free channels perhaps but instead the opposite xf0 x9f xa4 xa3 xf0 x9f xa4 xa3 What s MSO btw xf0 x9f x98 xac xf0 x9f x98 xac xf0 x9f x98 xac , yiwangpindarica , ,6953,Thimphu 
2020-05-14 18:52:57, TRKarbaGhallay haha nice one xf0 x9f x98 x83 , sonamtenzin244 , ,671,Thimphu 
2020-05-14 17:58:04, MerrittBaer U will always belong here numo xf0 x9f x92 x95 , tsnamgyal , ,27,Thimphu 
2020-05-14 17:51:57, TRKarbaGhallay xf0 x9f x98 x82 xf0 x9f x98 x82 Point to be noted xf0 x9f x98 x85 But between us we are 50cm apart lol , sonamtenzin244 , ,671,Thimphu 
2020-05-14 17:19:30, thankyou https t co rlY8dWq7yj https t co 0eMpwMcLhR , SyedSaa1 , ,1600,Thimphu 
2020-05-14 16:27:44, 21 out of 51 TV channels do not work lets improve on customer service please especially these days i know this is kinda the least of all concerns when there are people fighting on the front line but still cabletv ethometho tvduringcovid , yiwangpindarica , cabletv ethometho tvduringcovid ,6953,Thimphu 
2020-05-14 16:24:57, DorjiWangchuk Indeed and also after quarantine needs to be looked after but for now with the blessings from the almighty and under the leadership of His Majestys its awesome living in Bhutan I hope u stay safe there must b dying to come home xf0 x9f xa4 x97 , yiwangpindarica , ,6953,Thimphu 
2020-05-14 16:24:52, jackpot15 definitely xf0 x9f x92 xaf , sonamtenzin244 , ,671,Thimphu 
2020-05-14 16:21:30, Jagpamelen Yikes but the thing is do they know they have it are they not tested else where before coming back to bhutan Like in the airports , yiwangpindarica , ,6953,Thimphu 
2020-05-14 16:20:16, RaspaPLUSdevi Yes la we are all well thank you please stay safe , yiwangpindarica , ,6953,Thimphu 
2020-05-14 15:54:13, rightIess congrats on the 6k followers and sorry for late wish xf0 x9f x98 x86 , uchiha soma , ,28,Thimphu 
2020-05-14 15:50:46, Watching friends series funny episodes during lunch break at workplace is a thing xf0 x9f x98 x85 xf0 x9f x98 x85 LunchTime friends netflix https t co KKx8EoltH3 , sonamtenzin244 , friends LunchTime friends netflix ,671,Thimphu 
2020-05-14 15:24:02, you are beautiful https t co r7QPweVAxL , SyedSaa1 , ,1600,Thimphu 
2020-05-14 14:55:08, Hewitt Bhutan xe2 x80 x99s index Hewitt said that a doctor there in the US told him that xe2 x80 x9cwhatever they tried in Bhutan probably saved your life xe2 x80 x9d https t co YZnXJO4vwm , namgayzam , ,21945,Thimphu 
2020-05-14 14:50:05, Someone had to say it https t co WbDeeG60Ke , namgayzam , ,21945,Thimphu 
2020-05-14 14:47:06, Lovely article by jslaternyc of washingtonpost on Bhutan xe2 x80 x99s first patient in the form of a 76 year old American with underlying conditions Hewitt said that a doctor there told him that xe2 x80 x9cwhatever they tried in Bhutan probably saved your life xe2 x80 x9d https t co cYGsiFv0FK , TenzingLamsang , ,19879,Thimphu 
2020-05-14 14:27:27, good morning dear Angel https t co Xt6wQ1Cbbe https t co NqJiHVZHOa , SyedSaa1 , ,1600,Thimphu 
2020-05-14 14:27:06, this is rinzin nice Lets discuss , Uchihachod96 , ,11,Thimphu 
2020-05-14 14:15:22, yiwangpindarica The chances of community TRANSMISSION and infecting their own family is very high If they have the Bloody Virus why the hell do they have to come back , Jagpamelen , ,515,Thimphu 
2020-05-14 13:15:45, I am commiting to learn to code in python again 100DaysOfCode , Uchihachod96 , 100DaysOfCode ,11,Thimphu 
2020-05-14 13:10:58, Most of us were fearing that the covid positive cases in bhutan would touch double digits and it did As of today we have 19 positive cases 4 detected today All 19 cases have been imported from people coming into the country and it s not from community spread , yiwangpindarica , bhutan ,6953,Thimphu 
2020-05-14 12:45:06, Please visit the link below to read the full article https t co Ov5TbOdxcG https t co aE9chKwy8m , tourismbhutan , ,11458,Thimphu 
2020-05-14 12:16:53, xe2 x80 x9cAn effective well supported well funded UN is needed as rarely before xe2 x80 x9d We need global solutions and collaboration for global problems multilateralismmatters https t co nRRKDzvJUH , NaglerUNDP , multilateralismmatters ,1581,Thimphu 
2020-05-14 10:27:57, xf0 x9d x90 x8f xf0 x9d x90 x9a xf0 x9d x90 xb2 xf0 x9d x90 xb0 xf0 x9d x90 xa2 xf0 x9d x90 xad xf0 x9d x90 xa1 xf0 x9d x90 x9e xf0 x9d x90 x93 xf0 x9d x90 x9e xf0 x9d x90 x9e xf0 x9d x90 xab xf0 x9d x90 xae amp xf0 x9d x90 x86 xf0 x9d x90 x9e xf0 x9d x90 xad xf0 x9d x90 x82 xf0 x9d x90 x9a xf0 x9d x90 xac xf0 x9d x90 xa1 xf0 x9d x90 x9b xf0 x9d x90 x9a xf0 x9d x90 x9c xf0 x9d x90 xa4 For offer details https t co ctHJdVrocP or call 7700 https t co urqykWKSny via YouTube tashicell eteeru bhutan towardsadigitalbhutan , TashiCell , tashicell eteeru bhutan towardsadigitalbhutan ,1721,Thimphu 
2020-05-14 10:15:53, nungponeymar Details will emerge I am sure , namgayzam , ,21945,Thimphu 
2020-05-14 09:07:26, Doubly distressing for me to see this both as a parent and a human being Opening the lockdown or not in India is a decision of the central and state governments but transportation should be provided for penniless migrant workers to get back home https t co 33t90jIkOG , TenzingLamsang , ,19879,Thimphu 
2020-05-14 08:48:37, HomeOfCricket Hard to say maybe 2 runs xf0 x9f x98 x83 , ugyen , ,146,Thimphu 
2020-05-14 08:43:43, Flowers are the music of the ground From earth s lips spoken without sound awaytobhutantravel awaytobhutan flowers spring Dochula Pass https t co NTLEAPduhU , duptshering6 , awaytobhutantravel awaytobhutan flowers spring ,418,Bhutan 
2020-05-14 08:35:18, India truly faces a choice between a rock amp a hard place Ease lockdown significantly amp take the risk of an explosion in the number of Coronavirus cases Don xe2 x80 x99t ease it amp see the ongoing distress worsen amp see its economy tank Ultimate test of governance to find a middle path , TenzingLamsang , ,19879,Thimphu 
2020-05-14 08:29:50, SheriffAlert Guess we ll be seeing this thread soon on ladbible or 9GAG xf0 x9f x98 x82 , tenzinbhutan , ,116,Thimphu 
2020-05-14 07:49:43, Very happy to meet with Mr Passang Dorji our new Honorary Consul of Finland to Bhutan We had a good discussion on varying topics and we hope to further our good will and bilateral relations between the two countries through him https t co JB5jfH1sRf , FMBhutan , ,2960,Thimphu 
2020-05-14 07:18:07, Sprigs of exploding supernovas in the breath of dandelions dandelion Bhutan SpringInTheThunderDragon Thimphu Bhutan https t co YOz4XJlKQu , LovenRamos , dandelion Bhutan SpringInTheThunderDragon ,2136,Bhutan 
2020-05-14 07:10:44, NLoryb2005 braxablexs okay , uchiha soma , ,28,Thimphu 
2020-05-14 07:10:16, NLoryb2005 braxablexs Here s me XD https t co cFHWNMgSAb , uchiha soma , ,28,Thimphu 
2020-05-14 07:07:17, Oh arnub You need an injection or you will keep howling more you English speaking illiterate https t co j7ZHjtpPNG , yogeshdahal , ,195,Thimphu 
2020-05-14 07:01:07, Relationships are a source of tremendous happiness for you It More for Sagittarius https t co FfKav1h4Nc , kintsho bht , ,30,Thimphu 
2020-05-14 07:00:59, Your moneymaking ability may be quite strong today thanks to a More for Taurus https t co EECfQYA8HL , cixx67 , ,1509,Thimphu 
2020-05-14 07:00:14, Domestic pursuits give you an opportunity to rest relax and More for Pisces https t co uojyhA9mo8 , LobzangYeshey1 , ,310,Thimphu 
2020-05-14 07:00:05, Lit CandIes 1 year xf0 x9f x98 x82 , uchiha soma , ,28,Thimphu 
2020-05-14 06:59:38, okxybxlla Costs 750 robux , uchiha soma , ,28,Thimphu 
2020-05-14 06:59:25, okxybxlla Ninja animation pack xf0 x9f x98 xbf , uchiha soma , ,28,Thimphu 
2020-05-14 06:51:24, NLoryb2005 braxablexs I ll join and show my fashion , uchiha soma , ,28,Thimphu 
2020-05-14 06:25:19, mera cigarette pipe sheesha black coffee cigar https t co KUPQsM2Kw3 https t co FmO9BOQSaY , SyedSaa1 , ,1600,Thimphu 
2020-05-14 06:24:50, asilboat sweettreatkit kevin02504596 aaali53520239 HusseinO13 gloomingGaya PoopleDog Amber01536269 LyraRBLX XcutiemaemaeX DisneyKid13 Congrats y all xf0 x9f x8e x89 xf0 x9f x91 x8f , uchiha soma , ,28,Thimphu 
2020-05-14 06:21:25, DarkPIuto Hope I win , uchiha soma , ,28,Thimphu 
2020-05-14 06:02:52, XboxGamePass Ghost of tsushima , chunjurrinchhen , ,189,Thimphu 
2020-05-14 06:01:44, Salvation is received not achieved JesusIsComing , GenuineShadow , JesusIsComing ,378,Thimphu 
2020-05-14 05:49:04, black roses and Jasmine of my home garden https t co k535di93r1 https t co ayFJqaZ9oy , SyedSaa1 , ,1600,Thimphu 
2020-05-14 05:45:57, IIzebraguyII Please update yourself That xe2 x80 x99s from 2018 We rank the highest in the region better than journalism in India https t co LnbIHAcQnS And you xe2 x80 x99re right I of all people should know and admit it , namgayzam , ,21945,Thimphu 
2020-05-14 05:42:15, i theindian They xe2 x80 x99d get so much mileage out of it They xe2 x80 x99re real Presstitutes Shameless , namgayzam , ,21945,Thimphu 
2020-05-14 05:39:39, DorjiWangchuk I don xe2 x80 x99t trust many of the Buddha quotes online except those that come from you and a few other sources Thank you for sharing la , namgayzam , ,21945,Thimphu 
2020-05-14 05:33:34, Arnab Goswami xe2 x80 x99s xe2 x80 x9creporters xe2 x80 x9d and channel peddling fake news about Bhutan targeting Bhutanese journalists and bloggers Paid by the Chinese LMAO It xe2 x80 x99s so ridiculous so Republic , namgayzam , ,21945,Thimphu 
2020-05-14 05:24:53, Hardtimes xf0 x9f xa4 x94 xf0 x9f xa4 x94 xf0 x9f xa4 x94 https t co Chu6YDQXpg , BekaySubba , ,49,Thimphu 
2020-05-14 05:09:44, The third entry is by Mr Dorji Dhradhul Director General Tourism Council of Bhutan To subscribe free digital copy please visit the link below https t co Nm4TdYOB7A TourismBhutan HappinessIsAPlace Bhutan Tashi Delek Magazine https t co 8RiJ3DhbJi , tourismbhutan , TourismBhutan HappinessIsAPlace Bhutan ,11458,Thimphu 
2020-05-14 05:09:27, DorjiWangchuk Where do you find all these quotes la , namgayzam , ,21945,Thimphu 
2020-05-14 05:08:04, rameshore Do stay safe xf0 x9f x99 x8f xf0 x9f x8f xbc , namgayzam , ,21945,Thimphu 
2020-05-14 04:34:00, 2 2 Imagine 13 or so positive cases roaming around in the population without mandatory quarantine This is especially in the case of a virus that is often asymptomatic especially in the young xf0 x9f x99 x8f xf0 x9f x87 xa7 xf0 x9f x87 xb9 , TenzingLamsang , ,19879,Thimphu 
2020-05-14 04:33:40, 1 2 Of 15 cases in Bhutan except for the 1st US tourist case amp his partner all 13 cases have been detected in the mandatory quarantine amp testing of all Bhutanese coming to Bhutan I thank His Majesty The King with folded hands for the wisdom behind the mandatory quarantine , TenzingLamsang , ,19879,Thimphu 
2020-05-14 04:24:46, xe2 x80 x9cThere is no need for alarm xe2 x80 x9d is a double edged sword Especially in the Bhutanese context , namgayzam , ,21945,Thimphu 
2020-05-14 04:16:43, SonamPodo Hour glass figure xf0 x9f x98 x89 xf0 x9f xa4 xad xf0 x9f xa4 xad xf0 x9f xa4 xad , yiwangpindarica , ,6953,Thimphu 
2020-05-14 04:15:39, michaelgunnis Yes all via air , TenzingLamsang , ,19879,Thimphu 
2020-05-14 04:15:19, All 15 cases in Bhutan are imported with 13 detected in the mandatory quarantine facility amp airport Of the other two cases one was the 1st case of the 76 year old US tourist detected in the OPD His partner is the 2nd case who was detected in quarantine 5 recovered , TenzingLamsang , ,19879,Thimphu 
2020-05-14 04:10:07, Bhutan xe2 x80 x99s mandatory quarantining and testing of all Bhutanese coming in continues to pay off as 4 more imported cases test positive in quarantine No need to panic as these are imported cases tested and isolated from the quarantine facility itself https t co sOfATVCAgX , TenzingLamsang , ,19879,Thimphu 
2020-05-14 03:04:26, Bhutan has seen the biggest jump in confirmed cases for the 1st time since the index case 4 positive cases in 1 day imported from Middle East Bhutan now has 15 confirmed cases all tested in mandatory quarantine I hope amp pray we remain with zero community transmission https t co CXUvqtSXsZ , namgayzam , ,21945,Thimphu 
2020-05-14 02:56:43, Good morning Dear Pari beautiful post https t co TTrEcLb2Y0 https t co p0CoFGLz6N , SyedSaa1 , ,1600,Thimphu 
2020-05-14 02:54:04, Good morning Anamika https t co QALraRncde https t co mBrWjtMQ9T , SyedSaa1 , ,1600,Thimphu 
2020-05-13 18:34:14, sonamtweetsx more you eat fatter you will become xf0 x9f xa4 xaa xf0 x9f xa4 xaa , sonamtenzin244 , ,671,Thimphu 
2020-05-13 18:30:25, Ending my night with a cup of lemon water xf0 x9f x99 x82 xf0 x9f x99 x82 Goodnight everyone gocoronago StaySafeStayHome works CoronaEffect Goodnight https t co 1MBLfEwMDC , sonamtenzin244 , gocoronago StaySafeStayHome works CoronaEffect Goodnight ,671,Thimphu 
2020-05-13 18:00:17, good night Reena Sweet dreams https t co f0f6mUlKwi https t co ZGMTXiXNir , SyedSaa1 , ,1600,Thimphu 
2020-05-13 17:34:04, A1chemica1 Ohh thank you for the suggestion xf0 x9f x92 x96 I xe2 x80 x99ll definitely take this into account next time if i go back to this piece , Caniiibal , ,102,Thimpu 
2020-05-13 16:38:16, Kenchoo7 Drama or movie , BidhaChencho , ,87,Paro 
2020-05-13 15:52:49, I wonder how things will turn out before we finally meet Jesus xf0 x9f x98 x90 , GenuineShadow , ,378,Thimphu 
2020-05-13 15:30:15, catalystblk Looks cool Can t wait to use this gun , lee tshering , ,9,Thimphu 
2020-05-13 15:23:22, rightIess emily llamacorn notchariox babiessoup alteriix TYhct3kS Congrats to the winners xf0 x9f x8e x89 xf0 x9f x8e x82 , uchiha soma , ,28,Thimphu 
2020-05-13 15:21:12, Mr I was not poor at the age 18 https t co MCQ3BK1McL https t co LWCTzeahJB , SyedSaa1 , ,1600,Thimphu 
2020-05-13 15:10:58, zzcoo1 PiperlolaK noxyraaa SleepyTogami iiD33PLY Ariana53806314 I also got today only I m really happy RN Join more giveaways you might get lucky xf0 x9f x98 x87 , uchiha soma , ,28,Thimphu 
2020-05-13 14:53:39, Hello Bhutanese friends Looks like a fun opportunity Do apply https t co e74D6EZql8 , namgayzam , ,21945,Thimphu 
2020-05-13 14:33:26, VAoiph noxyraaa SleepyTogami iiD33PLY Ariana53806314 PiperlolaK Thx so much xe2 x9d xa4 xef xb8 x8f xf0 x9f x98 x87 , uchiha soma , ,28,Thimphu 
2020-05-13 13:52:29, NATURE S FAIRYTALES Tashigang Goenpa https t co swXQPHd5nn , Shachagyeltshen , ,124,Thimphu 
2020-05-13 12:29:35, thankyou https t co 0Q7we77zId https t co Mj1QzQ5bWe , SyedSaa1 , ,1600,Thimphu 
2020-05-13 11:42:02, Last day in quarantine Will miss their hospitality and facilities Ohh wait Bit worried about rapid test LOL praying for negative report XD https t co YoTegLoJ1C , sonamtweetsx , quarantine facilities praying ,189,Bhutan 
2020-05-13 11:39:33, nsitharaman Warm greetings from Bhutan madam I had met you on the steps of Kamakhya Mandir Guwahati some time in the beginning of year 2014 You had blessed my nephew by putting your hand on his head I am from Bhutan Do you remember meeting us Mam , GadtaulaS , ,0,Thimphu 
2020-05-13 11:28:01, rightIess Sup bro , uchiha soma , ,28,Thimphu 
2020-05-13 11:25:49, iBluze Yessss it s my dream item , uchiha soma , ,28,Thimphu 
2020-05-13 11:21:24, iivxleriez Uh thanks xf0 x9f x98 x82 , uchiha soma , ,28,Thimphu 
2020-05-13 10:59:46, Saw this tiny Rufous fronted tit nagging his mother for food Cuteness hijacked by eyes xf0 x9f x91 x80 xf0 x9f x91 x80 xf0 x9f x91 x80 nature wildlife birds bird birding birdtwitter BirdsofBhutan BhuBioPortal orientbirdclub https t co PoZj49TCu7 , ugyen t , nature wildlife birds bird birding birdtwitter ,60,Bhutan 
2020-05-13 10:36:08, BrianOTheWorld Thank you for your comment So pleased to hear it xf0 x9f x98 x80 , bhutannorter , ,144,Thimphu 
2020-05-13 09:57:50, yexjitzy Ini gwe jb , eurnbii , ,795,Thimphu 
2020-05-13 09:50:45, SMUTRPE Done https t co 1R14cmYEX7 , eurnbii , ,795,Thimphu 
