2/26/20 6:17, Experiencing Bhutan today videooftheweek videooftheday snowymountainshighway https t co YPdRdR7iBf , 17750879 , videooftheweek videooftheday snowymountainshighway ,33,Thimphu 
2/26/20 6:13, The Right wing and why we all should be xc2 xa0wary https t co kv7JF2zN4X , yogeshdahal , ,195,Thimphu 
2/26/20 6:09, If fires are good for forest what changed When forest ownership changed hands from indigenous people to British they looked at forest as a single commodity timber A must read by forest policy makers amp nature conservationists https t co dPuOyFd8Rg via mongabayindia , pnamgyel , ,585,Thimphu 
2/26/20 6:08, good morning Dear Joan https t co RIxtBIu4mP https t co odaBDjLcpH , SyedSaa1 , ,1403,Thimphu 
2/26/20 6:01, GoXimbo giveaway alert We are giving away one night stay at Le Meridian Thimphu worth nu 17500 inclusive of your Breakfast and Dinner Steam Sunna and Pool To enter this giveaway 1 Like this post and follow our xe2 x80 xa6 https t co hdBQPrlxDk , GoXimbo , ,53,Bhutan 
2/26/20 5:28, Just posted a video https t co M84EZDxsZ6 , ChogyalTshering , ,139,Thimphu 
2/26/20 4:56, I can t sleep today xf0 x9f x98 xa5 xf0 x9f x98 xa5 https t co QWr9Qj1Lw1 , ChogyalTshering , ,139,Thimphu 
2/26/20 4:22, murkywaters90 Cannabis industry surging at Colorado , insidebhutan , ,736,Thimphu 
2/26/20 4:04, good morning dear Neelam https t co KZCBSjMgVn https t co xbB1EAWoeN , SyedSaa1 , ,1403,Thimphu 
2/26/20 3:56, Shelbie THFC Transit of venus , phuzinspurs , ,1300,Thimphu 
2/26/20 3:48, I count my blessings everyday to be born in the times of our dharma Kings xf0 x9f x99 x8f xf0 x9f x8f xbb xf0 x9f x99 x8f xf0 x9f x8f xbb xf0 x9f x99 x8f xf0 x9f x8f xbb PeldenDrukpaGyelo https t co SF943OzhiY , czdorji , PeldenDrukpaGyelo ,2220,Thimphu 
2/26/20 3:26, good morning baby https t co GhIthZFRJ9 https t co r38OIoWlV8 , SyedSaa1 , ,1403,Thimphu 
2/26/20 3:20, Secrets of success from the innovators in person https t co b6FJteKx1o , Indiainbhutan , ,7971,Thimphu 
2/26/20 3:04, Remixed shakira love from bhutan xf0 x9f x87 xa7 xf0 x9f x87 xb9 xe2 x9d xa4 xf0 x9f x98 x8d https t co c49zXiqGGY , ChogyalTshering , ,139,Thimphu 
2/26/20 2:38, Happiness is a place And welcome to country of Happiness Book your Bhutan Holiday with us For more info email us at bhutanluxuryexclusive gmail com or whatsapp 975 17691883 Thimpu Thimphu Bhutan https t co bNgYRHHtYU , bhutantripinfo , ,442,Bhutan 
2/26/20 2:32, Delhi Police needs a midnight high court order to give the injured safe passage to another hospital Litigant says he was trying to get police help since 4 pm without any response xf0 x9f xa4 xaf https t co KtgjTPUvSA , TenzingLamsang , ,18662,Thimphu 
2/26/20 2:13, Terton Pema Lingpa Day celebrated in Tamzhing Bumthang today for the first time A press release from the Ministry of Home and Cultural Affairs says Pema Lingpa is celebrated as the foremost native Bhutanese religious figure and a cultural hero Pemalingpa , needrupzangpo , Pemalingpa ,2668,Thimphu 
2/25/20 21:08, imdapee The french dream , Kradoukiel , ,122,Thimphu 
2/25/20 18:52, I think 2 simple questions about what is happening in DelhiRiots 1 Where is Delhi police 2 What is it doing to stop the riots mob attacks Nothing effective so far going by many reports The fire instead seems to be spreading , TenzingLamsang , DelhiRiots ,18662,Thimphu 
2/25/20 18:19, i m just kidding she is beautiful https t co DX1inscKch , SyedSaa1 , ,1403,Thimphu 
2/25/20 18:16, kidding she is pretty https t co ZWlHKOTD6y , SyedSaa1 , ,1403,Thimphu 
2/25/20 18:13, you are a flirt https t co EDXIV1vbQM , SyedSaa1 , ,1403,Thimphu 
2/25/20 18:10, not impressive https t co ymWj5fyCxE , SyedSaa1 , ,1403,Thimphu 
2/25/20 18:00, It is Winter in Bhutan This is a beautiful season to visit Season Bhutan MyBhutan https t co YhYJnqtY2W , MyBhutan , Bhutan Season Bhutan MyBhutan ,938,Thimphu 
2/25/20 17:54, what do want to know I m from Pakistan lives in Singapore at present i m in karachi my hobbies are travelling hunting cars heavy bikes etc last month i travelled all over pakistan byroad https t co Lgc2RiGvWR https t co 1qdUllehdQ , SyedSaa1 , ,1403,Thimphu 
2/25/20 17:30, glad to join you https t co 6wCEGF5C9z , SyedSaa1 , ,1403,Thimphu 
2/25/20 17:26, KuenselOnline This is great hope all of sites will begin Constructing soon , BdrDiyali , ,3,Thimphu 
2/25/20 16:27, Respectful and responsible tourism in Bhutan https t co YUkcs8MMTr , bhutanredchill , ,154,Thimphu 
2/25/20 16:08, Finally the holidays are over Real work begins from tomorrow xf0 x9f x99 x82 xf0 x9f x99 x82 endofholidays work Losar , sonamtenzin244 , endofholidays work Losar ,531,Thimphu 
2/25/20 16:07, kokokokorikon true xf0 x9f x98 x87 , sonamtenzin244 , ,531,Thimphu 
2/25/20 16:07, ngadamo already shot xf0 x9f x98 x82 xf0 x9f x98 x82 , sonamtenzin244 , ,531,Thimphu 
2/25/20 16:04, Sections of Indian democracy society goes mad every few years or decade with a big riot Same pattern Cops standing by amp initial disorganized mobs turn into well coordinated attackers Hoping that Delhi does not go down this route again after horrific 1984 anti Sikh riots , TenzingLamsang , ,18662,Thimphu 
2/25/20 15:47, Day 8th The last day of the historic Phurbi Drupchen but we still have Ngedup Lhang Wang Blessings tomorrow and Tangra Tshokor Appreciation Offerings the following day Honored to offer Lunch to the Monk Body and xe2 x80 xa6 https t co HpnxX8wDBt , bhutan majestic , ,1136,Thimphu 
2/25/20 15:43, florinpop1705 developedbyed Congratulations , SonamCh96724371 , ,8,Thimphu 
2/25/20 14:02, Best photographer s best capture xf0 x9f x92 x99 https t co IbdyMJsrpp , BidhaChencho , ,28,Paro 
2/25/20 13:43, my God Sara https t co nf8i4vNsDm https t co n3GBjb2T0d , SyedSaa1 , ,1403,Thimphu 
2/25/20 13:41, blacks beauties in blouse https t co mSfR54thsx , SyedSaa1 , ,1403,Thimphu 
2/25/20 13:01, yes I know but I m not a star I m the sun https t co NdoyCmOBMK , SyedSaa1 , ,1403,Thimphu 
2/25/20 12:43, xf0 x9d x97 x9f xf0 x9d x97 xb6 xf0 x9d x97 xba xf0 x9d x97 xb6 xf0 x9d x98 x81 xf0 x9d x97 xb2 xf0 x9d x97 xb1 xf0 x9d x98 x80 xf0 x9d x98 x81 xf0 x9d x97 xbc xf0 x9d x97 xb0 xf0 x9d x97 xb8 xf0 x9d x98 x80 xf0 x9d x97 xb1 xf0 x9d x97 xbc xf0 x9d x97 xbb xe2 x80 x99 xf0 x9d x98 x81 xf0 x9d x97 xb9 xf0 x9d x97 xae xf0 x9d x98 x80 xf0 x9d x98 x81 xf0 x9d x97 xb3 xf0 x9d x97 xbc xf0 x9d x97 xbf xf0 x9d x97 xb2 xf0 x9d x98 x83 xf0 x9d x97 xb2 xf0 x9d x97 xbf Get Samsung mobile phones at unbelievable prices Only 4 days left Rush to your nearest TashiCell office now For more info call 7700 xf0 x9f x93 x9e TashiCell https t co JFWnX5JpzC , TashiCell , Samsung TashiCell ,1635,Thimphu 
2/25/20 11:14, What do Ola Swiggy OYO Billdesk and Snapdeal have in common They are successful Start ups in India Success stories galore pick up tips for your own business model https t co e7ZkJFfF9S , Indiainbhutan , ,7971,Thimphu 
2/25/20 10:54, The DelhiRiots could not have come for a worse time for India when the attention of the world and global media is focused on Trump xe2 x80 x99s visit to India Virtually every international news outlet is reporting both the visit of Trump and the terrible riots , TenzingLamsang , DelhiRiots ,18662,Thimphu 
2/25/20 10:49, Terrible Mobs now turning on journalists in DelhiRiots Difficult to believe this is happening in the capital of India https t co NU2umE9ri1 , TenzingLamsang , DelhiRiots ,18662,Thimphu 
2/25/20 9:54, stickermule Done , karungiri , ,174,Thimphu 
2/25/20 9:51, stickermule I have done it Thank you , karungiri , ,174,Thimphu 
2/25/20 9:38, good my mother spent her childhood in karolbagh delhi https t co 4NNic9DI9s , SyedSaa1 , ,1403,Thimphu 
2/25/20 9:36, where do you live in india https t co ZcKpnmXWaU , SyedSaa1 , ,1403,Thimphu 
2/25/20 9:34, yes she break my trust https t co Xssm8zSyx4 , SyedSaa1 , ,1403,Thimphu 
2/25/20 9:32, my father n grands were from bhopal india my mother was from Amroha india https t co UZo17XIGiE , SyedSaa1 , ,1403,Thimphu 
2/25/20 9:31, where are you from https t co c0xmy1v2E5 , SyedSaa1 , ,1403,Thimphu 
2/25/20 9:29, I m from Pakistan lives in Singapore https t co S0fKrK9Fyn , SyedSaa1 , ,1403,Thimphu 
2/25/20 9:28, For those who have been asking us to open a tiktok account for the longest time Here it is mstudiobhutantiktok Stay tuned for more funny videos Paro Bhutan https t co mXMW71xL21 , mstudiobhutan , tiktok mstudiobhutantiktok ,231,Thimphu 
2/25/20 9:19, hello how are you https t co H3en9arTfQ , SyedSaa1 , ,1403,Thimphu 
2/25/20 8:47, get well soon https t co POZjYwKV7D , SyedSaa1 , ,1403,Thimphu 
2/25/20 8:01, Be careful of spending money carelessly and focus on issues of More for Sagittarius https t co FfKav1h4Nc , kintsho bht , ,27,Thimphu 
2/25/20 8:01, As the tide turns and things become a little quieter around yo More for Taurus https t co EECfQYA8HL , cixx67 , ,1494,Thimphu 
2/25/20 8:00, When you look in the mirror you should be delighted by what y More for Pisces https t co uojyhA9mo8 , LobzangYeshey1 , ,301,Thimphu 
2/25/20 7:43, Calmness of mind is one of the beautiful jewels of wisdom bhutantraveltrips bhutantripinfo bhutantourism bhutantravel Bhutan Tours amp Luxury Exclusive https t co 0z6pUngxjK , bhutantripinfo , bhutantraveltrips bhutantripinfo bhutantourism bhutantravel ,442,Bhutan 
2/25/20 7:40, 24 February 2020 Tashi Delek Tashi Delek Losar Tashi Delek Wonderful feeling that Menda xe2 x80 x99s cousins amp friends look forward to this Losar tradition at our Taba home We really missed our family amp relatives not in Thimphu xf0 x9f x92 x9b Losar Newyear Bhutanese mendamoments Bhutan https t co dV4WQFQrYy , czdorji , Losar Newyear Bhutanese mendamoments Bhutan ,2220,Thimphu 
2/25/20 7:34, you look gorgeous yaar https t co j22rq5iAjn https t co 6o65CKJHCw , SyedSaa1 , ,1403,Thimphu 
2/25/20 7:24, good noon Baji https t co 7tzzY4Bbe2 , SyedSaa1 , ,1403,Thimphu 
2/25/20 7:06, cutd post friend https t co yG307ePTJP , SyedSaa1 , ,1403,Thimphu 
2/25/20 7:04, me too https t co wyftv8lgTk , SyedSaa1 , ,1403,Thimphu 
2/25/20 6:48, snow at Murree hills Pakistan https t co QsxX2deibz https t co dxgIMg64kP , SyedSaa1 , ,1403,Thimphu 
2/25/20 6:24, kamaalrkhan realDonaldTrump That s shows who you really are kamaalrkhan no 1 my ass , Tandy38410231 , ,2,Thimphu 
2/25/20 5:29, good morning Olga https t co 5JcbSfnujR https t co G68ivEGQpX , SyedSaa1 , ,1403,Thimphu 
2/25/20 5:25, Norbu12 MEAIndia IndianDiplomacy BhutanMoea DIPPGOI startupindia investindia FollowCII BhutanChamber RMABhutan RuchiraKamboj You are most welcome to attend the Bhutan India Start up Summit Please arrive at Taj Tashi at 0930 hrs on 29 February and proceed to the information desk for registration , Indiainbhutan , ,7971,Thimphu 
2/25/20 5:24, AsolAxomia MEAIndia IndianDiplomacy BhutanMoea DIPPGOI startupindia investindia FollowCII BhutanChamber RMABhutan RuchiraKamboj You are most welcome to attend the Bhutan India Start up Summit Please arrive at Taj Tashi at 0930 hrs on 29 February and proceed to the information desk for registration , Indiainbhutan , ,7971,Thimphu 
2/25/20 5:14, morning go to university exams are very near https t co RzVp8dHS1e https t co 7kc1OSRGTa , SyedSaa1 , ,1403,Thimphu 
2/25/20 5:04, rohini sgh abhisar sharma Helpless Minister asking help from opposition to find out the culprit , vikrantparate , ,16,Thimphu 
2/25/20 4:18, Singing monkeys kriyesha krinisha daddyslittlegirls 3years Thimphu Bhutan https t co CqlUvKns9e , bharatbugss , kriyesha krinisha daddyslittlegirls 3years ,63,Thimphu 
2/25/20 4:17, Marked as to read Eat Pray Love by Elizabeth Gilbert https t co kFTqxTPqDn , pratimaIceberg , ,142,Thimphu 
2/25/20 4:02, Showcasing the best Bhutanese Start ups through their keynote presentations https t co qSiQlwlvTg , Indiainbhutan , ,7971,Thimphu 
2/25/20 3:53, Indiainbhutan MEAIndia IndianDiplomacy BhutanMoea DIPPGOI startupindia investindia FollowCII BhutanChamber RMABhutan RuchiraKamboj How do we register for this workshop Please do tell us , Norbu12 , ,45,Thimphu 
2/25/20 3:43, Mrwhosetheboss You are already awesome Boss But there is always a room for improvements How about visiting the remote countries like Bhutan and adding in your videos https t co fFEyaeChqU , BdrDiyali , ,3,Thimphu 
2/25/20 3:37, On the occasion of the National Day of State of Kuwait I would like to congratulate all Kuwaiti and Wish you a Very Happy National Day 25th February 2020 https t co k0P1360CCJ , FMBhutan , ,2280,Thimphu 
2/25/20 3:27, good morning dear https t co Gh9N2Z6rXW https t co 4RzLFvMcRI , SyedSaa1 , ,1403,Thimphu 
2/25/20 3:18, My girl frriend Sarah she lives in Jarushalam https t co mjJidx1ww5 https t co tg6tgv7TVi , SyedSaa1 , ,1403,Thimphu 
2/25/20 3:10, padhloo saraa good morning Sara https t co X6yhNsEBCG , SyedSaa1 , ,1403,Thimphu 
2/25/20 2:55, Christian Louboutin wearing His Majesty xe2 x80 x99s pin in Paris during his exhibition xf0 x9f x98 x8d Photo pchilimzam https t co 0PVVJgHo6D , namgayzam , ,21003,Thimphu 
2/25/20 2:45, good morning dear Shoni https t co kGFKUJ83Q3 https t co lLunWASLYh , SyedSaa1 , ,1403,Thimphu 
2/25/20 2:42, DejahTHORlS Hello dear glad to note that you are from Mars I m also from Mars give me your cell number or address of your home https t co XXCoEOuojm , SyedSaa1 , ,1403,Thimphu 
2/24/20 20:48, shakira M waiting for it , ChogyalTshering , ,139,Thimphu 
2/24/20 20:37, Now days shakira champeta challenge became habit https t co JaCum38XUU , ChogyalTshering , ,139,Thimphu 
2/24/20 20:07, Only a full stomach does a person have an opinion on food studypovertyleave , Tobgay333 , studypovertyleave ,34,Thimphu 
2/24/20 18:14, Is This Mrwhosetheboss https t co sgeZVSpGHX , BdrDiyali , ,3,Thimphu 
2/24/20 17:54, without makeup https t co 1LdeBmVbnT , SyedSaa1 , ,1403,Thimphu 
2/24/20 17:48, good night Saba https t co 3xdnnvO6Dt https t co 8OnDAM6VV1 , SyedSaa1 , ,1403,Thimphu 
2/24/20 17:46, exams honay walay hain https t co Nlhx1CpR0d https t co HkMQ4H0i9k , SyedSaa1 , ,1403,Thimphu 
2/24/20 17:37, the name of my dog is also beauty https t co xylHOVktGp , SyedSaa1 , ,1403,Thimphu 
2/24/20 17:10, This man here have my heart xf0 x9f x98 x87 xf0 x9f x98 x87 Losar2020 archery https t co d9UwSsM4oT , sonamtenzin244 , Losar2020 archery ,531,Thimphu 
2/24/20 17:01, How Nice https t co jaG3Vhb6VT , kinzangnorbu , ,62,Thimphu 
2/24/20 16:33, KumaarSaagar YogendraYadav CPDelhi DelhiPolice Muslim terror on zenith , SinBangal , ,6,Thimphu 
2/24/20 16:30, JaiShreeRam90 Muslim terrorists , SinBangal , ,6,Thimphu 
2/24/20 16:26, Day 7th of the ongoing 10 Day Phurbi Drupchen at Kuenselphodrang Thimphu coincided with Bhutanese Official New Year blessed to be part of the First Grand Phurbi Drupchen Honored to take part in Smoke Offering xe2 x80 xa6 https t co iJfVLDePhA , bhutan majestic , ,1136,Thimphu 
2/24/20 16:07, Spoof Junkey sir jenishpatel Muslim terrorists capture delhi , SinBangal , ,6,Thimphu 
2/24/20 15:53, Happy Losar to all May the protective deities remove all your obstacles in all your endeavours Tashi Delek https t co rmAjbdQDHs , Khamsa , ,277,Thimphu 
2/24/20 15:21, why dear https t co ZFZaThQcxB https t co rZOxIRVmtJ , SyedSaa1 , ,1403,Thimphu 
2/24/20 15:00, she is my girl pls dont bother https t co M45bygeHZN https t co yifPkVJrZs , SyedSaa1 , ,1403,Thimphu 
2/24/20 14:59, Throw back into the special week BSW BSW2020 SpaceWeek The highlight surely was the surprise visit by His Majesty The King himself making me skip a beat while delivering my presentation And when His Majesty xe2 x80 xa6 https t co 18YKRS5Asj , pradhan557 , BSW BSW2020 SpaceWeek ,250,Thimphu 
2/24/20 14:31, Welcoming my friends from the Republic of Korea to the Land of Happiness Nice meeting you all and I hope you will take back good memories and experiences from Bhutan Babesa village xe2 x80 xa6 https t co BpFzoT3HGh , GasebDendup , ,11,Thimphu 
2/24/20 14:26, LOSAR lunar new year today Took a drive to Pele la pass 3 423m 11 230ft https t co 6ohZn0wQjD , Wangdugey , ,33,Thimphu 
2/24/20 13:33, ABC Very funny , Acho Nola , ,6,Thimphu 
2/24/20 12:10, sanholobeats Yo what s been up 61 xf0 x9f x98 x90 , Xiao920 , ,72,Thimphu 
2/24/20 11:20, my favorite biscuites https t co zeYDs1AswY https t co PHWfGbRWPH , SyedSaa1 , ,1403,Thimphu 
2/24/20 10:16, SenseiKira Yannis mvp https t co tzdpI4QreR , Kradoukiel , ,122,Thimphu 
2/24/20 9:03, And lol i feel bad for attention seeking stars ZaynEndedJakePaulParty https t co QMyfyMspko , 1d choden , ZaynEndedJakePaulParty ,426,Paro 
2/24/20 9:00, Taking this opportunity to wish my Twitter buddies a very happy lunar new year may Mr Rat fill your coffers to the brim Let the rat also bring you perpetual happiness and good health xf0 x9f x92 x90 https t co FVpTkDoVHr , DziJ , ,1616,Paro 
2/24/20 8:55, I respect you Gigi for what you did xf0 x9f x91 x8f xf0 x9f x91 x8f xf0 x9f x91 x8f Thank you so much xf0 x9f x99 x8f xf0 x9f x99 x8f xf0 x9f x99 x8f ZaynEndedJakePaulParty , 1d choden , ZaynEndedJakePaulParty ,426,Paro 
2/24/20 8:45, jakepaul That you are xf0 x9f x98 x91 xf0 x9f x98 x91 xf0 x9f x98 x91 , 1d choden , ,426,Paro 
2/24/20 8:01, It xe2 x80 x99s one of those mornings when your bed is so cozy that it xe2 x80 x99s More for Sagittarius https t co FfKav1h4Nc , kintsho bht , ,27,Paro 
2/24/20 8:01, A quaint afternoon spent with friends awakens your humanitaria More for Taurus https t co EECfQYA8HL , cixx67 , ,1494,Thimphu 
2/24/20 8:00, You xe2 x80 x99re looking at the world through rose colored glasses today More for Pisces https t co uojyhA9mo8 , LobzangYeshey1 , ,301,Thimphu 
2/24/20 7:49, dont care opinion of ppl https t co l7j9JEV2xX , SyedSaa1 , ,1403,Thimphu 
2/24/20 5:40, My First SKetch in 2020 of Mrwhosetheboss xf0 x9f x98 x89 xf0 x9f x98 x89 xf0 x9f x98 x89 https t co 1WXOW587Ki https t co Jhu9GxOIW3 , BdrDiyali , ,3,Thimphu 
2/24/20 5:21, xf0 x9d x97 xaa xf0 x9d x97 xb6 xf0 x9d x98 x80 xf0 x9d x97 xb5 xf0 x9d x97 xb6 xf0 x9d x97 xbb xf0 x9d x97 xb4 xf0 x9d x97 x9f xf0 x9d x97 xbc xf0 x9d x98 x80 xf0 x9d x97 xae xf0 x9d x97 xbf xf0 x9d x97 xa7 xf0 x9d x97 xae xf0 x9d x98 x80 xf0 x9d x97 xb5 xf0 x9d x97 xb6 xf0 x9d x97 x97 xf0 x9d x97 xb2 xf0 x9d x97 xb9 xf0 x9d x97 xb2 xf0 x9d x97 xb8 xf0 x9d x98 x81 xf0 x9d x97 xbc xf0 x9d x97 xb2 xf0 x9d x98 x83 xf0 x9d x97 xb2 xf0 x9d x97 xbf xf0 x9d x98 x86 xf0 x9d x97 xbc xf0 x9d x97 xbb xf0 x9d x97 xb2 Hope you have a peaceful and prosperous year ahead TashiCell https t co rm91fBsLZG , TashiCell , TashiCell ,1635,Thimphu 
2/24/20 5:21, nightmare https t co 5cRXcmYPVP , SyedSaa1 , ,1403,Thimphu 
2/24/20 5:00, Mrwhosetheboss Nothing much I Just Sketching Mrwhoistheboss xf0 x9f x98 x8a https t co fSmHgnB3dk , BdrDiyali , ,3,Thimphu 
2/24/20 3:45, Entrepreneurship 101 Training Workshop delivered by Ivaturi Vijaya Kumar Founder Crayon Data at 1000 hrs on 28 February 2020 https t co 7jb78r2nLi , Indiainbhutan , ,7971,Thimphu 
2/24/20 3:45, Bhutan NetCom the multi Service operator MSO from Thimphu TechPark wishes everyone Happy Losar https t co 7a3ORxX5Vr , Khampaa , ,3847,Thimphu 
2/24/20 3:43, very strange are you from Mars https t co WFUXrXaD4Q , SyedSaa1 , ,1403,Thimphu 
2/24/20 3:37, good morning friend beautiful post specially holding the leaf https t co wSnoqWRea6 https t co A5t4msSrsU , SyedSaa1 , ,1403,Thimphu 
2/24/20 3:27, yes Sara good morning https t co azOcYtfV01 https t co WIfwvPzwB6 , SyedSaa1 , ,1403,Thimphu 
2/24/20 3:00, iHrithik Greetings from the Kingdom of Bhutan I agree with you It is not the cousins fault A college professor with such demeaning outlook saddens me He may poison so many young innocent minds , Khamsa , ,277,Thimphu 
2/24/20 2:54, twangchuk73 twangchuk73 I would think it is a misplaced notion steel poles would save forest thus good for environment Steel is an imported item amp Bhutan has negative balance of payment problem For a sustainable economy we should celebrate the use of local natural resource , pnamgyel , ,585,Thimphu 
2/24/20 2:45, good morning AK https t co AEyfIAvpH3 https t co j5mUov3qR6 , SyedSaa1 , ,1403,Thimphu 
2/24/20 2:44, good morning beautiful https t co vIQLDwng0O https t co mD4EmOW2G7 , SyedSaa1 , ,1403,Thimphu 
2/24/20 2:37, good morning Ambreen https t co vCc17PHZyL https t co uF1cdiNhLu , SyedSaa1 , ,1403,Thimphu 
2/24/20 1:58, Losar Tashi Delek to everyone https t co njbPrgf1g5 , BhutanMediaFdn , ,716,Thimphu 
2/24/20 1:37, karen tshering Yes that s a possibility , pnamgyel , ,585,Thimphu 
2/23/20 21:40, Wishing Everyone a very Happy Dawa Dangpa Losar May the Year brings Happiness Peace and Prosperity Losar Tashi Delek , iamYoeser , ,324,Thimphu 
2/23/20 18:46, Wishing our valued clients good health and happiness at all times Happy Losar https t co m8p6jhE8rC , BankofBhutanltd , ,1155,Thimphu 
2/23/20 18:45, The Ministry of Agriculture and Forests wishes all a very happy and prosperous Iron Male Mouse Year Losar All Government Offices and Schools will be closed on 24 amp 25 February 2020 to celebrate the Bhutanese New Year https t co iwWl7pud5f , moafbhutan , ,412,Thimphu 
2/23/20 18:36, CIRCULAR on Agriculture Land Development https t co JH5PxwapTK , moafbhutan , ,412,Thimphu 
2/23/20 18:36, In the effort to shift the overall agriculture development from subsistence to growth oriented farming the government is taking the views and suggestions from all walks of lives to design suitable strategies to promote agribusiness for Agriculture Sector https t co ZToU7bgF9a https t co ZUvIlUi4PC , moafbhutan , ,412,Thimphu 
2/23/20 18:32, A week long consultation and awareness meeting was organized with the yak rearing farmers of two highland gewogs xe2 x80 x93 Sakteng and Merak under Trashigang to create awareness on formation and strengthening of the existing yak cooperatives https t co kqoKODOedG https t co lQfzKp7y8n , moafbhutan , ,412,Thimphu 
2/23/20 18:23, Re Tender for supply and installation of water aeration system https t co G2dnZhRJCw , moafbhutan , ,412,Thimphu 
2/23/20 18:21, 24 February 2020 The Rat Year Begins Like All Beginnings there is HOPE HOPE that all will be good And we find ourselves that very HOPE gives us strength to see through life Wishing all of us to have HOPE amp invoke STRENGTH Graphic Rendering Drukpro Media Team https t co 2j6Ljie8kx , czdorji , ,2220,Thimphu 
2/23/20 18:20, happy losar to everyone xe2 x98 xba xef xb8 x8f xe2 x98 xba xef xb8 x8f https t co pRLQjvYCP1 , sonamtenzin244 , ,531,Thimphu 
2/23/20 18:00, Happy Losar Photo by MyBhutan s andrewstuder https t co ldXFU4hQoZ , MyBhutan , ,938,Thimphu 
2/23/20 17:38, Day 6th of Historic Phurbi Drupchen held at Kuenselphodrang inside Buddha Dordenma Statue Blessed I xe2 x80 x99m to be part of the grand Teachings Blessings amp Experiences from Ven Dorji Lobay Rinpoche Gyalsey Truelku xe2 x80 xa6 https t co LpIL4aRhgL , bhutan majestic , ,1136,Thimphu 
2/23/20 17:30, I join the Nation in Wishing all Bhutanese both in and out of Bhutan a Very Happy Losar May this Iron Male Rat Year 2020 bring you all Good Health Luck and Success Losar Tashi Delek https t co 9Rw8lhuDES , FMBhutan , ,2280,Thimphu 
2/23/20 17:17, BirdsofBhutan khendumdorji gasebtandin BirdingBeijing DorjiWangchuk BhutanInside chencho photos that chilip arunkapur RuchiraKamboj AzusaKubota rwangchuk88 mistyterrace Twitter pemanadik Thank you so much for the wish la xf0 x9f x99 x8f , Khampaa , ,3847,Thimphu 
2/23/20 16:53, hina is beautiful https t co A2IGhbpg8t , SyedSaa1 , ,1403,Thimphu 
2/23/20 16:37, good night dear Sneha https t co mw3s6dwI8L https t co X0vvnGImCz , SyedSaa1 , ,1403,Thimphu 
2/23/20 16:17, Seventy years before solders of Bhutan Paro https t co KQCOiWLdYD , TashiPe01410120 , ,1,Paro 
2/23/20 16:07, for me friendship is not expensive bcoz I know how to spend the money https t co aHma9vNWbt , SyedSaa1 , ,1403,Thimphu 
2/23/20 16:03, for you https t co P6Y6qZuIo9 https t co 8F2TR3LfNO , SyedSaa1 , ,1403,Thimphu 
2/23/20 15:56, yes I love her for ever https t co i9ggPAsw0H , SyedSaa1 , ,1403,Thimphu 
2/23/20 15:22, TCB family humbly wishes His Majesty The King Her Majesty The Queen HRH The Gyalsey all members of the Royal Family and all fellow Bhutanese citizens and all others who celebrate the lunar new year a very HAPPY LOSAR 2020 https t co rswA3J2wLh , tourismbhutan , ,10563,Thimphu 
2/23/20 15:14, More then 100 years old palace converted in to hotel https t co ng9feFCX6Q , TashiPe01410120 , ,1,Paro 
2/23/20 13:39, AzusaKubota UNDP Bhutan NaglerUNDP UNDPasiapac Thank you Losar Tashi Delek la , ChhedupSangay , ,937,Thimphu 
2/23/20 13:27, your libra is in the bathroom https t co vHAasNc0gt , SyedSaa1 , ,1403,Thimphu 
2/23/20 13:15, xf0 x9d x97 x94 xf0 x9d x97 xbf xf0 x9d x97 xb2 xf0 x9d x98 x86 xf0 x9d x97 xbc xf0 x9d x98 x82 xf0 x9d x97 xbf xf0 x9d x97 xb2 xf0 x9d x97 xae xf0 x9d x97 xb1 xf0 x9d x98 x86 xf0 x9d x97 xb3 xf0 x9d x97 xbc xf0 x9d x97 xbf xf0 x9d x98 x81 xf0 x9d x97 xb5 xf0 x9d x97 xb2 xf0 x9d x97 x9f xf0 x9d x97 xbc xf0 x9d x98 x80 xf0 x9d x97 xae xf0 x9d x97 xbf xf0 x9d x97 xaf xf0 x9d x97 xbc xf0 x9d x97 xbb xf0 x9d x98 x82 xf0 x9d x98 x80 Grab the losar offer on 24th February and make your celebration even better Available for all Tashicell subscribers For more info call 7700 xf0 x9f x93 x9e TashiCell https t co LqawhQzBd5 , TashiCell , losar TashiCell ,1635,Thimphu 
2/23/20 12:19, yes yes yes https t co I0N8Oy5Cnn , SyedSaa1 , ,1403,Thimphu 
2/23/20 11:48, Captain only https t co vSh3ddFMZ8 , SyedSaa1 , ,1403,Thimphu 
2/23/20 11:21, nothing nor follower https t co oEXAtKLxOQ , SyedSaa1 , ,1403,Thimphu 
2/23/20 11:17, zainabsikander Beautiful xf0 x9f x99 x8f , GadtaulaS , ,0,Thimphu 
2/23/20 10:15, lady pls control https t co xDrrsaqbDn , SyedSaa1 , ,1403,Thimphu 
2/23/20 9:30, thankyou always at your service 24 7 https t co Y564tyBZ2e https t co iwnG2zhyuN , SyedSaa1 , ,1403,Thimphu 
2/23/20 9:28, switch over to swine female of pig https t co o3r37qeh3k , SyedSaa1 , ,1403,Thimphu 
2/23/20 9:15, Timo Werner Liverpool suit me and Jurgen Klopp is world s best https t co oI6vY8J6fX via SkySports , ChhedupSangay , ,937,Thimphu 
2/23/20 9:09, good morning dear Olga https t co oInoUuYbsu https t co Iw5H5XMYRN , SyedSaa1 , ,1403,Thimphu 
2/23/20 8:18, happy Sunday dear Caramela https t co 0V6E4JNlYW https t co a6bhvqqr6v , SyedSaa1 , ,1403,Thimphu 
2/23/20 8:01, You could have the opportunity for a fresh start in your home More for Sagittarius https t co FfKav1h4Nc , kintsho bht , ,27,Thimphu 
2/23/20 8:01, Today s New Moon visits your 11th House of Friendship inspiri More for Taurus https t co EECfQYA8HL , cixx67 , ,1494,Thimphu 
2/23/20 8:00, The New Moon hits close to home today occurring in your 1st H More for Pisces https t co uojyhA9mo8 , LobzangYeshey1 , ,301,Thimphu 
2/23/20 7:07, The quality and condition of textbook will determine the student xe2 x80 x99s interest towards learning And I xe2 x80 x99m painstakingly cleaning the pages for my daughter The difference is apparent We need to teach our kids to preserve the books https t co vXccUWxqns , Khampaa , ,3847,Thimphu 
2/23/20 6:52, I wish every Bhutanese a Happy Losar Tashi Delek , PhurbaPhuba , ,740,Thimphu 
2/23/20 6:44, Just posted a photo Thimphu Bhutan https t co XttM3DQUYt , MasterTshewang , ,147,Bhutan 
2/23/20 6:05, good morning Farwa very beautiful post https t co vfC6oSrnPT https t co IAvXh9CaEY , SyedSaa1 , ,1403,Thimphu 
2/23/20 4:15, Creative concepts Artistic innovations Unique business models what more do you want Catch us at the Bhutan India Start Up Summit https t co VTdEf6XB1Y , Indiainbhutan , ,7971,Thimphu 
2/23/20 1:32, With previous wins looks like Bernie is headed to be the Democratic challenger to President Trump https t co NTrIEpiHKf , TenzingLamsang , ,18662,Thimphu 
2/23/20 1:30, Indian Supreme Court xe2 x80 x99s third most senior judge Justice Arun Mishra praised PM Modi and termed him as an internationally acclaimed visionary and a versatile genius who thinks globally and acts locally Can SC judges in India praise politicians https t co Z4V3N1I6iZ , TenzingLamsang , ,18662,Thimphu 
2/23/20 1:23, xf0 x9f x98 x82 xf0 x9f x98 x82Do watch https t co nJSZ8wyOSx , TenzingLamsang , ,18662,Thimphu 
2/22/20 19:00, Commemorating the very auspicious Birth Anniversary of our beloved Monarch His Majesty the King Her Majesty the Queen Mother Ashi Dorji Wangmo Wangchuck launched the Tarayana Microfinance website on 20 02 20 pc Facebook MyBhutan Bhutan royalfamily happiness https t co oMCRMuNH02 , MyBhutan , MyBhutan Bhutan royalfamily happiness ,938,Thimphu 
2/22/20 18:22, good night dear https t co fWijzFcXMv https t co wZuyqJPp9n , SyedSaa1 , ,1403,Thimphu 
2/22/20 18:17, she died https t co 2fnyjwVG9u https t co XqVjFP7T62 , SyedSaa1 , ,1403,Thimphu 
2/22/20 18:11, not agree can you define https t co JLFABT0PPp , SyedSaa1 , ,1403,Thimphu 
2/22/20 18:10, you also ignore me madam https t co kWNnEXGTaH , SyedSaa1 , ,1403,Thimphu 
2/22/20 18:02, ekkittenn xf0 x9f xa4 x9d Kathy bates incroyable et Sam Rockwell mvp , Kradoukiel , ,122,Thimphu 
2/22/20 17:34, Lonely Planet officially declares Bhutan as number one country to travel for 2020 https t co ajT9tP7905 , ChhedupSangay , ,937,Thimphu 
2/22/20 17:17, passangyt Well this could be a serious point of discussion May not be blaming the system but must be narrating the true incident If everyone blame the system and leaves there s some point we need to consider and rethink May be we need to correct together to stop blaming us xf0 x9f x98 x82 , ChhedupSangay , ,937,Thimphu 
2/22/20 16:57, Thank you xf0 x9f x99 x8f for the delicious lunch offering to the Monks and us the followers Bhudha Point Kuensel Phodrang https t co 9hCVTYOhve , bhutan majestic , ,1136,Thimphu 
2/22/20 16:32, good night dear Sandra sweet dreams CU https t co L8LXcJJ48f https t co W4bBNRULxS , SyedSaa1 , ,1403,Thimphu 
2/22/20 16:09, What a lovely tribute xf0 x9f x91 x8f xf0 x9f x91 x8f xf0 x9f x91 x8f xf0 x9f x92 x95 xf0 x9f x92 x95 xf0 x9f x92 x95 https t co G62cxwtSUV , Tonglenpa , ,440,Thimphu 
2/22/20 15:54, Jeep or Chick https t co EvFO4twA62 , SyedSaa1 , ,1403,Thimphu 
2/22/20 14:59, sure https t co ua6Orr3DGN , SyedSaa1 , ,1403,Thimphu 
2/22/20 14:48, sorry this game is new for me https t co BABMDVOELX , SyedSaa1 , ,1403,Thimphu 
2/22/20 14:37, one word is enough for me stuburn https t co cXR1Ow5ogU , SyedSaa1 , ,1403,Thimphu 
2/22/20 14:35, abytharakan Forest conservation in Bhutan is overly simplified into just preservation amp planting trees Forest is overcrowded with trees amp trees overtaking meadows resulting in loss of biodiversity Always looking to substitute locally available renewable resource with non renewable one , pnamgyel , ,585,Thimphu 
2/22/20 13:17, both passed away https t co iFL1zBpJvA , SyedSaa1 , ,1403,Thimphu 
2/22/20 11:55, A turbulent year for the judiciary https t co WVA7EuqFsG What would bring the rat year , ChhedupSangay , ,937,Thimphu 
2/22/20 9:51, What kind of impact are we making in this world SaturdayThoughts , GenuineShadow , SaturdayThoughts ,384,Thimphu 
2/22/20 9:48, As we go for a major reform in eduction system this is not a good sign me think Practice of school ranking unfair GG Committee https t co WB9wbbJzcx , tashi2020 , ,0,Thimphu 
2/22/20 9:44, RBG ARCHITECT Much of forest in Bhutan is overstocked meaning trees in a stand are crowded and stand too close together amp they compete for light water and nutrients They provide a poorer habitat for wildlife birds and plant diversity Local uses of wood keeps forest ecosystem healthy , pnamgyel , ,585,Thimphu 
2/22/20 9:30, While most current archers use aluminum compound bows you can often see games played with traditional wood bows travel bhutan archery https t co Cj2RXDTorw , PeakBhutan , travel bhutan archery ,37,Thimphu 
2/22/20 9:26, A ton of steel emits 1 85 tons of C Environmentally amp economically speaking hoisting steel prayer flags is a bad idea For the forested Bhutan using wood a local renewable resource is the best https t co TYg0aF8pjl , pnamgyel , ,585,Thimphu 
2/22/20 8:37, mention not https t co x14Hquk0aP , SyedSaa1 , ,1403,Thimphu 
2/22/20 8:27, good morning friend https t co ozQpmLJ2hh https t co HAKK61mBB1 , SyedSaa1 , ,1403,Thimphu 
2/22/20 8:17, Participated at the ongoing Phurpai Drubchen Vajrakilaya Prayers presided over by His Eminence Dorji Lopon Rinpoche at Kuensel Phodrang This Drubchen is performed by Central Monastic Body coinciding with the 40th birth anniversary of His Majesty the King https t co LSpTaekg2V , ShaTashiDorji , ,978,WangduePhodrang 
2/22/20 8:01, Today you xe2 x80 x99re moved to liberate yourself from obligations and c More for Sagittarius https t co FfKav1h4Nc , kintsho bht , ,27,WangduePhodrang 
2/22/20 8:01, Light bulb moments raise your awareness of self to an all new More for Taurus https t co EECfQYA8HL , cixx67 , ,1494,Thimphu 
2/22/20 8:00, The day takes on a quicker pace than what you xe2 x80 x99re used to thro More for Pisces https t co uojyhA9mo8 , LobzangYeshey1 , ,301,Thimphu 
2/22/20 6:57, good morning Mish https t co 2mLinilLXF https t co AtjxprCQMh , SyedSaa1 , ,1403,Thimphu 
2/22/20 6:32, Who to start , DeependraKoira5 , ,5,Thimphu 
2/22/20 6:30, Along the snowman trek you won t find a lot of people but you will occasionally come across some very remote villages like Laya trekking travel remoteplaces https t co llc3XX7JWk , PeakBhutan , trekking travel remoteplaces ,37,Thimphu 
2/22/20 6:04, Somewhere on your journey don xe2 x80 x99t forget to turn around and enjoy the view https t co Hp97w6zg9L , TsherNgon , ,3,Bhutan 
2/22/20 4:24, so cute https t co wLHgQgQqly , SyedSaa1 , ,1403,Thimphu 
2/22/20 4:23, good morning Joan very beautiful hands and rings so as your nail color https t co nXTeA1xHvR https t co xPDIlras1b , SyedSaa1 , ,1403,Thimphu 
2/22/20 3:36, EBGamesAus NintendoAUNZ Bethesda ANZ No one No one at all Me every morning when will eb games start selling brand new games at 69 , chunjurrinchhen , ,187,Thimphu 
2/22/20 3:12, 40th Birth Anniversary of His Majesty the King https t co fOMIdUCYMT https t co mBNAYzCcqc , tsheridorji , ,211,Thimphu 
2/22/20 3:02, Join us at the Bhutan India Start Up Summit at Taj Tashi Thimphu on 28 29 February 2020 Presentations Entrepreneurship Workshop Start Up Exhibition and much much more See you there https t co mEyvauxBjK , Indiainbhutan , ,7971,Thimphu 
2/22/20 3:00, xf0 x9d x97 x9a xf0 x9d x97 xb2 xf0 x9d x98 x81 xf0 x9d x98 x84 xf0 x9d x97 xb6 xf0 x9d x98 x81 xf0 x9d x97 xb5 xf0 x9d x98 x81 xf0 x9d x97 xb5 xf0 x9d x97 xb2 xf0 x9d x98 x81 xf0 x9d x97 xbf xf0 x9d x97 xb2 xf0 x9d x97 xbb xf0 x9d x97 xb1 Explore and subscribe to the Top 5 most downloaded songs from Tashi Tunes For more information call 7700 xf0 x9f x93 x9e T amp C apply https t co 7T5r7j4WaG , TashiCell , ,1635,Thimphu 
2/22/20 2:15, I think they are looking for Cordyceps along the snowman trek Cordyceps are used extensively in traditional Chinese medicine chinesemedicine trekking travel https t co G07PAiOKWv , PeakBhutan , chinesemedicine trekking travel ,37,Thimphu 
2/22/20 1:34, Here we are celebrating 40th Birthday Anniversary of our King Jigme Khesar Namgyel Wangchuck in College of Natural Resources Royal University of Bhutan Our colleagues and students are excited for the momentum https t co 9EHYUv4IGF , JambayJax , ,23,Punakha 
2/21/20 18:45, May all the best things of the world happen in your majesty xe2 x80 x99s life because you are definitely one of the best monarch who always spreads love and positivity we pray for your health and happiness on this special day xf0 x9f x99 x8f happy birthday your Majesty xf0 x9f x92 x90 https t co iSyM7lda8H , DziJ , ,1616,Punakha 
2/21/20 18:26, BlessedMonk Nice lines xe2 x9d xa4 , YBhutanese , ,156,Punakha 
2/21/20 18:18, Will definitely do this xf0 x9f x98 x8a xf0 x9f x90 x95 https t co AT4IUaaxtQ , YBhutanese , ,156,Punakha 
2/21/20 18:10, rondelwt TenzingLamsang SujanChinoy True n ageed la , YBhutanese , ,156,Punakha 
2/21/20 18:00, Artistic beauty awaits you at every corner in Bhutan Unique and awe inspiring here is one architectural standout that is a must see MyBhutanArt MyBhutanArchitecture Architecture wanderlust adventureseeker doyoutravel travelmore goexplore wonderfulplaces https t co qCW9vsqxsC , MyBhutan , MyBhutanArt MyBhutanArchitecture Architecture wanderlust adventureseeker doyoutravel travelmore goexplore wonderfulplaces ,938,Thimphu 
2/21/20 18:00, beauties in Saree https t co ORg67sA1Lm , SyedSaa1 , ,1403,Thimphu 
2/21/20 17:57, beautiful blouse https t co QVhtWBWA9o , SyedSaa1 , ,1403,Thimphu 
2/21/20 17:54, girls in Saree https t co boM9T5csOA , SyedSaa1 , ,1403,Thimphu 
2/21/20 17:42, Long Live The Boddhisattva King xf0 x9f x99 x8f xf0 x9f x99 x8f xf0 x9f x99 x8f fromBhutan https t co B02BCdryok , YBhutanese , fromBhutan ,156,Thimphu 
2/21/20 17:01, 4th Day of 1st Phurbi Drupchen at Kuenselphodrang Thimphu Wake up call at 3am and ceremony begins at 4am Thank you xf0 x9f x99 x8f for delicious breakfast tea with snacks and lunch Met my good friend Lobay Mepham who had xe2 x80 xa6 https t co mALjqZrUtd , bhutan majestic , ,1136,Thimphu 
2/21/20 16:56, kamaalrkhan BeingSalmanKhan Best critic and trust worthy my ass kamaalrkhan , Tandy38410231 , ,2,Thimphu 
2/21/20 15:51, Che7cho BhutanFootball Great news for all football lovers Congratulations to all national squad xf0 x9f x99 x8f xf0 x9f x99 x8f xf0 x9f x99 x8f your Mafesty , cringngedup3 , ,49,Thimphu 
2/21/20 15:47, I m your old buddy aalu https t co oRKo0vjlNq , SyedSaa1 , ,1403,Thimphu 
2/21/20 15:39, MM34406396 Thank you xf0 x9f x98 x8a , AcholalaT , ,12,Thimphu 
2/21/20 14:56, When you realize that your king recognizes the importance of your work the emotions overwhelmed and it is hard to organize your thoughts So on behalf of the national football squad I offer our deepest love respect amp gratitude to his majesty the king Thank you your majesty xf0 x9f x99 x8f https t co 0zlPrq1Yrf , Che7cho , ,2285,Thimphu 
2/21/20 14:48, Do not teach your children never to be angry teach them how to be angry Yeah Something to think about Every emotion depends upon the way its handled Don t get mad smile and creep them out instead Just a mere thought xf0 x9f xa4 x98 xe2 x98 xba xef xb8 x8f , BidhaChencho , ,28,Paro 
2/21/20 13:16, juulianaprz I want your money in my pocket , Xiao920 , ,72,Thimphu 
2/21/20 12:51, rajarshi cfc TheBlues The day you start sounding original the world ends , chunjurrinchhen , ,187,Thimphu 
2/21/20 12:41, good evening beautiful Salma https t co igZjPnHOOQ https t co 3TMBxvqEmp , SyedSaa1 , ,1403,Thimphu 
2/21/20 12:17, Bhutan xe2 x80 x93 Number 1 Country to Travel in 2020 xf0 x9f x8c xbf xf0 x9f x8c xbf xf0 x9f x8c xbf xf0 x9f x8c xbf xf0 x9f x8c xbf xf0 x9f x8c xbf xf0 x9f x8c xbf xf0 x9f x8c xbf xf0 x9f x8c xbf xf0 x9f x8c xbf xf0 x9f x8c xbf xf0 x9f x8c xbf xf0 x9f x8c xbf xf0 x9f x8c xbf xf0 x9f x8c xbf xf0 x9f x8c xbf xf0 x9f x8c xbf The Lonely Planet has truly branded Bhutan as xe2 x80 x9cNo ordinary country xe2 x80 x9d And it recognised Bhutan as number 1 country to travel for 2020 TourismBhutan Happinessisaplace 40th Birthanniversay https t co ePQvB778LA , tourismbhutan , TourismBhutan Happinessisaplace 40th Birthanniversay ,10563,Thimphu 
2/21/20 12:08, good manners https t co JvmVsf5G5K , SyedSaa1 , ,1403,Thimphu 
2/21/20 11:27, Book your Bhutantour now with worldtourplan https t co HPRKE1ogzP https t co cxmM6DAQxS , worldtourplan09 , Bhutantour worldtourplan ,197,Thimphu 
2/21/20 11:25, Bhutan s national football players to receive salary from DHI https t co lqG9kvdgfI , needrupzangpo , ,2668,Thimphu 
2/21/20 11:23, due to his care you look pretty https t co 85HXbp7lFz , SyedSaa1 , ,1403,Thimphu 
2/21/20 11:20, I was holding the camera still really The wind can be strong at the BBS towers in Thimphu making the flags flutter a lot photography wind flags https t co 748lBl0iZ8 , PeakBhutan , photography wind flags ,37,Thimphu 
2/21/20 11:10, susantananda3 ajitanjum One IPS converted to politician will be offended by this post He thinks our ancestors were human only , vikrantparate , ,16,Thimphu 
2/21/20 11:05, Thread by ChhedupSangay Some of the important announcements by Hon PM on the 40th Birth Anniversary of His Majesty xe2 x97 x8b21st Economic Road MTrom Master Plan xe2 x97 x8bDigital education for all children at school xe2 x97 x8bStart Tech Park in Mongar xe2 x97 x8bInternet from Assam xe2 x80 xa6 https t co HMLmxvquP8 , ChhedupSangay , ,937,Thimphu 
2/21/20 10:43, His Majesty The King Jigme Khesar Namgyel Wangchuck is 40 today Joining the entire nation and the people of Bhutan all over the world in wishing His Majesty a wonderful day today and also praying for His Majesty s long life and happiness kingkhesarsbirthday bhutan king5 https t co hsDHyGU1vt , yiwangpindarica , kingkhesarsbirthday bhutan king5 ,6940,Thimphu 
2/21/20 10:15, HMK40 Run and Walk Tripple 40 40 DRC members 40 KMS on His Majesty s 40th Birth Anniversary from Changlimithang to Paro Isuna Happy Birthday Your Majesty PS I am supposed to get 40KM STRAVA recorded otherwise https t co QJF3BaLihR , WangdiKheta , ,134,Thimphu 
2/21/20 9:15, A deer in the takin preserve in Thimphu travel animalpreserve https t co hkWQUzL0Nm , PeakBhutan , travel animalpreserve ,37,Thimphu 
2/21/20 8:51, The members of Druk Running Club ran 40 KM from Thimphu to Shaba Paro to commemorate the 40th birth anniversary of our beloved King HMK40 Bhutan https t co KSiKhoFmJS , pem pa , HMK40 Bhutan ,315,Thimphu 
2/21/20 8:44, very beautiful https t co DWWLeFD4Gv , SyedSaa1 , ,1403,Thimphu 
2/21/20 8:01, You have a golden opportunity to work your magic today perfec More for Sagittarius https t co FfKav1h4Nc , kintsho bht , ,27,Thimphu 
2/21/20 8:01, You xe2 x80 x99re adamant about promoting your beliefs today but beware More for Taurus https t co EECfQYA8HL , cixx67 , ,1494,Thimphu 
2/21/20 8:00, You xe2 x80 x99re inventive and idealistic in all your affairs today as More for Pisces https t co uojyhA9mo8 , LobzangYeshey1 , ,301,Thimphu 
2/21/20 7:28, SujanChinoy The gain for India in not insisting on reciprocity is that while it may have to have to give in the short term it will have far more benefits in the long term amp in the big picture It is also a realistic policy that recognises size differences and this assuages concerns fears , TenzingLamsang , ,18662,Thimphu 
2/21/20 7:20, A sky burial area Rather than burying the bodies are left in the open in high mountain areas allowing the birds to take away the remains While it is possible to see one of these sites it usually requires a bit of a hike skyburial travel https t co O78VNpJ4cl , PeakBhutan , skyburial travel ,37,Thimphu 
2/21/20 7:18, The benefits of wood in building construction https t co SIzsFC723W , pnamgyel , ,585,Thimphu 
2/21/20 7:14, India has promoted regional cooperation in South Asia in a spirit of generosity without insisting on reciprocity SujanChinoy A positive example of the above in Bhutan s case would be the Indian govt understanding amp agreeing to a SDF fee discounted for regional tourists https t co PDF37kt4vW , TenzingLamsang , ,18662,Thimphu 
2/21/20 7:03, Photo by Mahendra Timsina The verditer flycatcher Eumyias thalassinus is an Old World flycatcher It is found from the Himalayas through Southeast Asia to Sumatra birding birdwatching birds wildlife photography conserve love nature earth asia acholala tours and travels https t co 970664N5oI , AcholalaT , acholala tours and travels ,12,Thimphu 
2/21/20 6:20, Colonialism Explained teenvogue https t co j5oMKvh9s6 , pnamgyel , ,585,Thimphu 
2/21/20 6:02, good morning Saba have a nice day https t co gxWQtco2an https t co 9mw6AmIazN , SyedSaa1 , ,1403,Thimphu 
2/21/20 5:34, Happy Birthday Your Majesty https t co 4EgSgQbHKC , iamYoeser , ,324,Thimphu 
2/21/20 5:31, On this most momentous occasion the 40th Birth Anniversary of our precious King the admins of this page are honoured to join the people of Bhutan in offering our wishes to His Majesty Happy Birthday Your Majesty Long Live The King https t co N5MoUkShYp , BhutanPhub , ,1,Thimphu 
2/21/20 5:27, Coinciding with the 40th Birthday of His Majesty The King Samcholing Middle Secondary School under Draggteng Gewog in Trongsa is officially upgraded to a Higher Secondary School today https t co f34UCuyDOJ , BBSBhutan , ,48289,Thimphu 
2/21/20 5:19, may be https t co OMEIcduvqE , SyedSaa1 , ,1403,Thimphu 
2/21/20 5:17, my personal experience https t co 9N4SFfCmjR , SyedSaa1 , ,1403,Thimphu 
2/21/20 5:15, baloch girls are not trustworthy https t co ga5QVrOKBl , SyedSaa1 , ,1403,Thimphu 
2/21/20 5:14, good morning my AK https t co Onjq3yFYj5 https t co Ltel9lqoIt , SyedSaa1 , ,1403,Thimphu 
2/21/20 5:13, On this joyous occasion of 40th Birth Anniversary of our King Bhutan Tours amp Luxury Exclusive fraternity would like to offer our sincere prayers and wishes for His Majesty s Long Live and Good xe2 x80 xa6 https t co xXxgdkW0Ph , bhutantripinfo , ,442,Bhutan 
2/21/20 5:10, Simply Bhutan is a Living Museum located in Thimphu It gives the visitors a chance to participate in the some of the cultural activities practiced in Bhutan travel museum https t co VNOvUidE7W , PeakBhutan , travel museum ,37,Thimphu 
2/21/20 4:18, Auspicious 40 As our People xe2 x80 x99s King His Majesty the King Jigme Khesar Namgyel Wangchuck attains 40 years old I join the entire nation in offering humble wishes for the well being and prosperity of His Majesty https t co LidUbw9wXK , dawapenjor , ,1243,Thimphu 
2/21/20 4:03, Happy Birthday Your Majesty https t co lI1BZN7oAK , pgyamtsho , ,517,Thimphu 
2/21/20 4:00, Happy Birthday Your Majesty xf0 x9f x87 xa7 xf0 x9f x87 xb9 Sand Story by Kseniya Simonova https t co B7bh9knfVU via YouTube , gasebtandin , ,2288,Thimphu 
2/21/20 3:26, Bhutan is very fortunate to have His Majesty at this critical juncture in our history HM inspires the nation through HM xe2 x80 x99s long term vision gives it heart in difficult situations amp shows compassion to its most needy A very Happy 40th Birth Anniversary to HM Pic HM xe2 x80 x99s Fb 2018 https t co 9Ccu86Plf4 , TenzingLamsang , ,18662,Thimphu 
2/21/20 3:00, TashiCell joins our nation to celebrate the auspicious occasion of xf0 x9d x97 x9b xf0 x9d x97 xb6 xf0 x9d x98 x80 xf0 x9d x97 xa0 xf0 x9d x97 xae xf0 x9d x97 xb7 xf0 x9d x97 xb2 xf0 x9d x98 x80 xf0 x9d x98 x81 xf0 x9d x98 x86 xf0 x9d x98 x81 xf0 x9d x97 xb5 xf0 x9d x97 xb2 xf0 x9d x97 x9e xf0 x9d x97 xb6 xf0 x9d x97 xbb xf0 x9d x97 xb4 xf0 x9d x97 x9d xf0 x9d x97 xb6 xf0 x9d x97 xb4 xf0 x9d x97 xba xf0 x9d x97 xb2 xf0 x9d x97 x9e xf0 x9d x97 xb5 xf0 x9d x97 xb2 xf0 x9d x98 x80 xf0 x9d x97 xae xf0 x9d x97 xbf xf0 x9d x97 xa1 xf0 x9d x97 xae xf0 x9d x97 xba xf0 x9d x97 xb4 xf0 x9d x98 x86 xf0 x9d x97 xb2 xf0 x9d x97 xb9 xf0 x9d x97 xaa xf0 x9d x97 xae xf0 x9d x97 xbb xf0 x9d x97 xb4 xf0 x9d x97 xb0 xf0 x9d x97 xb5 xf0 x9d x98 x82 xf0 x9d x97 xb0 xf0 x9d x97 xb8 xe2 x80 x99 xf0 x9d x98 x80 xf0 x9d x9f xb0 xf0 x9d x9f xac xf0 x9d x98 x81 xf0 x9d x97 xb5 xf0 x9d x97 xaf xf0 x9d x97 xb6 xf0 x9d x97 xbf xf0 x9d x98 x81 xf0 x9d x97 xb5 xf0 x9d x97 xb1 xf0 x9d x97 xae xf0 x9d x98 x86 We pray for His Majesty xe2 x80 x99s good health and continued sound guidance Courtesy Google https t co Mh6jCohVbb , TashiCell , TashiCell ,1635,Thimphu 
2/21/20 2:45, karen tshering shmueli Happier to learn , namgayzam , ,21003,Thimphu 
2/21/20 2:36, alykhanrajani MFABhutan TshetenWangyel tajtashi bhutan Drukair tourismbhutan CanadainBhutan BhutanUN nadirypatel Dcholton DBHartman DKentCAN Looking forward to seeing you back soon , namgayzam , ,21003,Thimphu 
2/21/20 1:56, We are a blessed people to have You at the helm We are a blessed people to have You in our lives and our dreams We are a blessed people to call You our King Happy Birthday Your Majesty to Your best decade yet xf0 x9f x99 x8f xf0 x9f x8c xb8 xf0 x9f x8c xb8 xf0 x9f x8c xb8 xf0 x9f x99 x8f PeoplesKing Drukyul https t co ZWAqaFD1pu , kuengawangmo , PeoplesKing Drukyul ,1902,Thimphu 
2/21/20 1:37, Happiest birthday to this man of the nation xe2 x9d xa4 xe2 x9d xa4 xe2 x9d xa4 https t co z2AxUhQisg , BidhaChencho , ,28,Paro 
2/21/20 1:36, As we celebrate this blessed day I join all Bhutanese in offering my prayers for the long life and good health of our beloved Northern Star His Majesty the Druk Gyalpo A very Happy 40th Birthday la https t co kVjlpnoakr , Chhimmy , ,1681,Paro 
2/21/20 1:05, If you think that narrow mountain valleys and short runways mean just small planes think again They operate the Airbus 320 here airbus travel plane bhutan https t co 2WS94ArsgT , PeakBhutan , airbus travel plane bhutan ,37,Thimphu 
2/20/20 23:43, Happy 40th Birth Anniversary of His Majesty The People xe2 x80 x99s King Jigme Khesar Namgyel Wangchuck Long Live His Majesty xf0 x9f x99 x8f xf0 x9f x99 x8f xf0 x9f x99 x8f Palden Drukpa Gyalo bhutan happybirthdayyourmajesty 40thbirthday xe2 x80 xa6 https t co eY0hx3VZeu , bhutan majestic , bhutan happybirthdayyourmajesty 40thbirthday ,1136,Thimphu 
2/20/20 18:41, Please read this book xf0 x9f xa5 xba robinince https t co y6sxPP98ex , namgayzam , ,21003,Thimphu 
2/20/20 18:16, xf0 x9f x99 x8f xf0 x9f x8f xbc xf0 x9f x99 x8f xf0 x9f x8f xbc xf0 x9f x99 x8f xf0 x9f x8f xbcHAPPY BIRTHDAY LA ME WONG CHOG xf0 x9f x99 x8f xf0 x9f x8f xbc xf0 x9f x99 x8f xf0 x9f x8f xbc xf0 x9f x99 x8f xf0 x9f x8f xbc The king who cooked for his people He is a gift The celestial body a loyal son to the elders and dutiful father to young children and posterity He is the true xe2 x80 xa6 https t co ZqnXPk1mfe , BMVTNT , ,70,Thimphu 
2/20/20 18:08, I join the nation in offering my best wishes xc2 xa0and sincere prayers for His Majesty The King xe2 x80 x99s long life good health and continued peace progress and prosperity of our Country Grateful for His Majesty xe2 x80 x99s everpresent guidance and wisdom https t co XV2YNHacke , FMBhutan , ,2280,Thimphu 
2/20/20 18:06, Bhutan Lilly Travels join the nation in wishing His Majesty a very happy 40th Birthday with prayers of much solidarity respect and love May the land of THUNDER DRAGON PELDEN DRUKPA forever sail in glorious times HAPPY 40th BIRTHDAY YOUR MAJESTY https t co oWZ5R2spoh , FlyingBirdTour , ,26,Thimphu 
2/20/20 17:48, The People xe2 x80 x99s King We at Hotel Druk humbly submit our prayers for Your Majesty xe2 x80 x99s long life so we all continue to be blessed by your benevolence Wishing Your Majesty a very very happy birthday https t co EGDuEtaNLe , DrukHotel , ,166,Thimphu 
2/20/20 17:47, We celebrate the selfless sacrifices unconditional love compassion from our extraordinary king We celebrate and embrace the spirit of gratitude to our king We must never forget that the highest appreciation is not to utter words but to live by them May His Majesty live long https t co 7kCET8nGOz , Yarphelki , ,197,Thimphu 
2/20/20 16:33, Happy 40th Birthday Your Majesty xf0 x9f x99 x8f xf0 x9f x8f xbc xf0 x9f x99 x8f xf0 x9f x8f xbc xf0 x9f x99 x8f xf0 x9f x8f xbcLong Live Our Dragon King xf0 x9f x99 x8f xf0 x9f x8f xbc xf0 x9f x99 x8f xf0 x9f x8f xbc xf0 x9f x99 x8f xf0 x9f x8f xbc Thimphu Bhutan https t co ZiBT1l591m , duptshering6 , ,426,Bhutan 
2/20/20 16:08, My deepest respects and humble prayers la Happy 40th birthday Your Majesty la xf0 x9f x99 x8f xf0 x9f x99 x8f xf0 x9f x99 x8f https t co Wo3FtQSzBW , lhakidolma , ,1247,Thimphu 
2/20/20 16:04, 21 February 2020 Our Love amp Light xe2 x9c xa8 xf0 x9f x92 x9b xe2 x9c xa8 Happy Birthday Your Majesty HM40 peldendrukpagyalo dharmaking K5 bhutanking blessedbhutanese bhutanese happinessisaplace bhutan Original Artwork by tintin in bhutan Graphic Rendering Drukpro Media Team https t co tyCYxZCMgR , czdorji , HM40 peldendrukpagyalo dharmaking K5 bhutanking blessedbhutanese bhutanese happinessisaplace bhutan ,2220,Thimphu 
2/20/20 15:56, both no https t co IwbYIVwQIF , SyedSaa1 , ,1403,Thimphu 
2/20/20 15:43, traversymedia Congratulations king brat You derserve 1000M hats off to you , SonamCh96724371 , ,8,Thimphu 
2/20/20 15:03, Photo by Mahendra Timsina The tawny fish owl is a fish owl species in the family known as typical owls Strigidae It is native from southern Nepal to Bangladesh Vietnam and China birding birdwatching birds wildlife conserve love earth asia acholala tours and travels https t co VTlT3sCenG , AcholalaT , acholala tours and travels ,12,Thimphu 
2/20/20 15:02, agreed with you https t co 6YrmoGaYgJ , SyedSaa1 , ,1403,Thimphu 
2/20/20 13:05, There is a saying that Himalayan Roads can Thrill You or Kill You If you saw Ice Road Truckers season in India yes the roads are similar driving roads iceroadtruckers dangerousroads himalayas https t co vmAmMkqXm0 , PeakBhutan , driving roads iceroadtruckers dangerousroads himalayas ,37,Thimphu 
2/20/20 13:03, xf0 x9d x97 x95 xf0 x9d x97 xbf xf0 x9d x97 xb6 xf0 x9d x97 xbb xf0 x9d x97 xb4 xf0 x9d x97 xb6 xf0 x9d x97 xbb xf0 x9d x97 xb4 xf0 x9d x98 x86 xf0 x9d x97 xbc xf0 x9d x98 x82 xf0 x9d x98 x86 xf0 x9d x97 xb2 xf0 x9d x98 x81 xf0 x9d x97 xae xf0 x9d x97 xbb xf0 x9d x97 xbc xf0 x9d x98 x81 xf0 x9d x97 xb5 xf0 x9d x97 xb2 xf0 x9d x97 xbf xf0 x9d x97 xaf xf0 x9d x97 xbc xf0 x9d x97 xbb xf0 x9d x98 x82 xf0 x9d x98 x80 Available for all Tashicell subscribers on 21st February 2020 For more info call 7700 xf0 x9f x93 x9e TashiCell https t co RQVqRsbpK8 , TashiCell , TashiCell ,1635,Thimphu 
2/20/20 12:46, As the nation comes together to celebrate the birthday of the Fifth Dragon King I offer my humble prayers for His Majesty s continued good health and wellbeing https t co 3oIrogJjQE , needrupzangpo , ,2668,Thimphu 
2/20/20 12:41, Happiest 40th birthday to His Majesty The King May all be auspicious for the People s King https t co 0D7kXJO25N , BhutanMediaFdn , ,716,Thimphu 
2/20/20 12:09, ycrinzin Opposite of fake town la , tsnamgyal , ,22,Thimphu 
2/20/20 12:07, On the joyous occasion of the 40th birth anniversary of our beloved King we the management and staffs of the Tourism Council of Bhutan would like to humbly join the nation in offering His Majesty a very Happy LONG LIVE YOUR MAJESTY https t co RCazPmo24k , tourismbhutan , ,10563,Thimphu 
2/20/20 11:08, xe2 x80 x9cHappy 40th Birth Anniversary Your Majesty xe2 x80 x9d https t co ZPWe2Ypj91 , BhutanCricket , ,7942,Thimphu 
2/20/20 11:01, Some of the cheese wheels being aged in the Swiss Cheese factory in bhutan The wheel on the bottom shelf looks like it has been there for some time https t co 82Mzj29IKW , PeakBhutan , cheese bhutan ,37,Thimphu 
2/20/20 10:54, Thursday Special Blessings from Ap Gaynyen Jagpa Melan xe2 x80 x99s Monastery The Dechenphug for the well being of all Sentient Beings bhutan thimphubhutan dechenphug thursdayspecial thursdayspecialblessings xe2 x80 xa6 https t co OJoeUgJ01w , bhutan majestic , bhutan thimphubhutan dechenphug thursdayspecial thursdayspecialblessings ,1136,Thimphu 
2/20/20 10:44, 3rd Day of Phurbi Drupchen Met with my long lost Ladakhi Friend who is now studying at Tango Buddhist University Delicious breakfast and lunch from the organizers Kadrinchey La xf0 x9f x99 x8f Lobays Bhudha Point Kuensel xe2 x80 xa6 https t co 673LfmLobV , bhutan majestic , ,1136,Thimphu 
2/20/20 10:30, BBS Radio Article 3 Spiritual Heritage Section 1 to Section 7 https t co lyW6Fz48Qj , BBSBhutan , ,48289,Thimphu 
2/20/20 9:22, i prefer black coffee dear https t co Med4Syhy1D https t co WMTESj2Mca , SyedSaa1 , ,1403,Thimphu 
2/20/20 8:59, No new COVID19 cases in 9 regions outside Wuhan on 20th Feb Some good news along with falling infection rates Wishing the Chinese people and govt all the best in combatting this scourge https t co j5kEevzlia , TenzingLamsang , COVID19 ,18662,Thimphu 
2/20/20 8:39, Big respect for this lady to come out of such a traumatic blow and then take up the same profession where her late husband lost his life https t co jhKIceYYs5 , TenzingLamsang , ,18662,Thimphu 
2/20/20 8:09, Umm I think I maybe one of those who has watched this movie on repeat 3 times and again and again xf0 x9f xa4 xa6 xe2 x80 x8d xe2 x99 x80 xef xb8 x8f xf0 x9f xa4 xab xf0 x9f xa4 x97 JojoRabbit , brooksound , JojoRabbit ,45,Thimphu 
2/20/20 8:01, Feelings are mixed between caution and optimism today as you c More for Sagittarius https t co FfKav1h4Nc , kintsho bht , ,27,Thimphu 
2/20/20 8:01, The price of wisdom weighs on your mind as the Moon collides w More for Taurus https t co EECfQYA8HL , cixx67 , ,1494,Thimphu 
2/20/20 8:00, Your associations with others are highlighted now and you re r More for Pisces https t co uojyhA9mo8 , LobzangYeshey1 , ,301,Thimphu 
2/20/20 7:54, My prayers on the eve of of 40th birth anniversary of our great HM 5th King for his health and wellbeing of all Bhutanese xf0 x9f x87 xa7 xf0 x9f x87 xb9 , PhurbaPhuba , ,740,Thimphu 
2/20/20 7:45, The heating unit at the Swiss Cheese factory or was it the Red Panda brewery in Bumthang bhutan Maybe I had too much beer to know for sure https t co ot22LMCX40 , PeakBhutan , Cheese brewery bhutan ,37,Thimphu 
2/20/20 7:07, AnneMarie Lol I feel like you are the female version of Eminem xf0 x9f xa4 xa3 , Xiao920 , ,72,Thimphu 
2/20/20 7:01, Air Ticket Quotation https t co 83hAlakMfA , umsb123 , ,48,Thimphu 
2/20/20 6:15, SlushiiMusic Cute couple Congrats bruh xe2 x9d xa4 xef xb8 x8f , Xiao920 , ,72,Thimphu 
2/20/20 6:07, Bhutanese journalists can apply for a 3 day training on climate change reporting After the training the trainees will be encouraged to apply for two climate change reporting grants one each in 2020 and 2021 For details please call 02 331705 or write to bmf bmf bt , BhutanMediaFdn , ,716,Thimphu 
2/20/20 6:05, A local dark ale from Bhutan I ll admit that I didn t like this one very much but I don t https t co 3hUTmOnT83 , PeakBhutan , ,37,Thimphu 
2/20/20 6:03, Tashi Delek to the entire Tarayana team xf0 x9f x99 x8f xf0 x9f x8f xbb https t co 5RdHc2i7bN , czdorji , ,2220,Thimphu 
2/20/20 6:00, Tribute to His Majesty from Legal Family Please listen pause for a while and thank His Majesty for his countless service to the Nation and his selfless sacrifices His Majesty is Bhutan and Bhutan is Him Long Live Your Majesty SoundCloud np https t co Wz1eHIuh9c , ChhedupSangay , SoundCloud np ,937,Thimphu 
2/20/20 5:50, Utterly disgusting behavior I hope the perpetrators are caught and justice delivered https t co 5ri0t4sVZj , tenzinbhutan , ,119,Thimphu 
2/20/20 5:42, Great day , TandinZ36806284 , ,1,Thimphu 
2/20/20 4:20, good morning Sandra https t co G6Eh2sz53X https t co Opa5uaoaal , SyedSaa1 , ,1403,Thimphu 
2/20/20 4:12, For current and aspiring Bhutanese politicians Remember that your past and present will be in full spotlight once you enter the race for public office Opponents media SM critics and others will point them out and the public has every right to know everything relevant https t co qhAgV3teDn , TenzingLamsang , ,18662,Thimphu 
2/20/20 4:02, Travel Hub Thimphu https t co Twuky9F6LH , l tobgyel , ,115,Bhutan 
2/20/20 3:55, Geeta Mohan IndiaToday POTUS PMOIndia realDonaldTrump narendramodi Best of luck Geeta , TenzingLamsang , ,18662,Thimphu 
2/20/20 3:55, Sangaywk Looks lovely and spicy xf0 x9f xa5 xb5 , DziJ , ,1616,Thimphu 
2/20/20 3:54, VaadaVivaada I have never called India xe2 x80 x98Modi xe2 x80 x99s Hindu Fascist India xe2 x80 x99 Interesting though that you chose to put those words in my mouth , TenzingLamsang , ,18662,Thimphu 
2/20/20 3:43, I think there is a lot of sympathy for China with the Covid 19 and also admiration on its drastic steps to contain its spread within a province amp its borders But the hard snapping back at a few asking legitimate questions on initial cover up amp mess up does China no favors , TenzingLamsang , China Covid 19 ,18662,Thimphu 
2/20/20 3:40, RBG ARCHITECT cutting a cake is a borrowed concept from the Greeks Birthday candles blowing out never was our custom Today Bhutanese parents r eager to cut cakes and candles Studies have shown that when someone blows out candles the bacteria atop the cake multiplies an average of 14 times , DziJ , ,1616,Thimphu 
2/20/20 3:39, good morning Manni https t co 6d4CbWefX6 https t co cJEeJR1l06 , SyedSaa1 , ,1403,Thimphu 
2/20/20 3:35, good morning doctor https t co vSkNwCEMOu https t co r1Ymovxw9u , SyedSaa1 , ,1403,Thimphu 
2/20/20 3:35, I though it was used in the context of the collapsing Ottoman Empire being called the xe2 x80 x98Sick Man of Europe xe2 x80 x99 as it faced stronger amp hostile foreign powers on all sides Hardly the case with China Maybe sensitivity is that the Japanese used it too but that is not well known https t co l1hf4oB8MB , TenzingLamsang , ,18662,Thimphu 
2/20/20 3:24, good morning Olga https t co kBb4nqeCt1 https t co oHTJvlzZlj , SyedSaa1 , ,1403,Thimphu 
2/20/20 3:22, good morning Geethanjali have a nice day https t co K2VGr0mM4D https t co 0gdsmGI1N8 , SyedSaa1 , ,1403,Thimphu 
2/20/20 3:22, jackpot15 Especially us sinners xf0 x9f xa5 xa9 xf0 x9f x8d xbb xf0 x9f x8d xb7 xf0 x9f x92 x83 , DziJ , ,1616,Thimphu 
2/20/20 3:15, good morning doctor https t co 7vLKteJL0o https t co iUOKIu9dfg , SyedSaa1 , ,1403,Thimphu 
2/20/20 2:15, An Indian Leader in the Fight Against Climate Change https t co LCNtgT0yat , pnamgyel , ,585,Thimphu 
2/19/20 22:01, Small landslides are a part of life in eastern Bhutan during the monsoon season They are usually cleared up quite quickly and luckily the main part of the country rarely sees these today https t co xV5qGCWvso , PeakBhutan , landslides monsoon ,37,Thimphu 
2/19/20 18:23, my favt subject https t co VPfX8zhYUf , SyedSaa1 , ,1403,Thimphu 
2/19/20 17:58, I just shared the Spa Retreat Lot on TheSims4 Gallery Modernspa Showusyourbuilds https t co 49HHV06ycp , Bu773rf1y8 , TheSims4 Modernspa Showusyourbuilds ,1,Thimphu 
2/19/20 17:44, good night Malka https t co pqM3kTEhVx https t co Lba1WhfaHy , SyedSaa1 , ,1403,Thimphu 
2/19/20 16:46, pls apply pain killer Gel https t co mTxp0XFTSu , SyedSaa1 , ,1403,Thimphu 
2/19/20 16:33, Mood this days xf0 x9f x99 x83 xf0 x9f x99 x83 newbeginnings freshstart https t co 1911baQ1Px , sonamtenzin244 , newbeginnings freshstart ,531,Thimphu 
2/19/20 16:02, ithinkthatway xf0 x9f x92 xaf true , sonamtenzin244 , ,531,Thimphu 
2/19/20 15:51, good night queen https t co ITpAaAbGCd , SyedSaa1 , ,1403,Thimphu 
2/19/20 15:49, 2nd Day at Kuenselphodrang Buddha Point Thimphu attending Phurbi Drupchen Lucky to find a copy of The Biography of Late 69th Je Khenpo Geshey Gendun Rinchen xe2 x80 x9cThe Smiling Moon xe2 x80 x9d is on sale and some part from the xe2 x80 xa6 https t co bdc89BC6kb , bhutan majestic , ,1136,Thimphu 
2/19/20 15:40, Colorado xe2 x80 x99s cannabis industry is surging Cannabis shops in the state notched sales of nearly 1 75 billion in 2019 setting a new annual record for the state according to Colorado Department of Revenue data xe2 x80 xa6 https t co aMRdZUQdRT , insidebhutan , ,736,Thimphu 
2/19/20 15:12, Catch us at the Bhutan India Start Up Summit at Taj Tashi Thimphu on 28 29 February 2020 Presentations Entrepreneurship Workshop Start Up Exhibition and much much more See you there https t co 2oYG5f1Gx8 , Indiainbhutan , ,7971,Thimphu 
2/19/20 13:13, 1st Vlog of 2020 Biryani Experience at the Biryani House amp Cafe Thimphu https t co kXWd37DZCd via YouTube bhutan food blogger indianfood foodie weekend , ImihcWangmo , bhutan food blogger indianfood foodie weekend ,312,Thimphu 
2/19/20 12:56, beautiful blouse https t co hVxDHYLsSN , SyedSaa1 , ,1403,Thimphu 
2/19/20 11:52, Finland becomes the first country in the world to offer 7 months of paid equal parental leaves for both moms and dads https t co JyGbijgOnm , Sanrangi , ,56,Thimphu 
2/19/20 11:30, Admission Announcement 2020 https t co UH1tIvrKce , umsb123 , ,48,Thimphu 
2/19/20 11:15, I normally don t get this view during breakfast dining view travel https t co hLv8eFvOCJ , PeakBhutan , dining view travel ,37,Thimphu 
2/19/20 11:14, Your Journeys Into Happiness Kingdom Begins with Us Contact us for your free consultation bhutantraveltrips luxurybhutantravel bhutanwonderlandtours incrediblebhutantours punakhafestivaltours xe2 x80 xa6 https t co sNqB38Hng6 , bhutantripinfo , bhutantraveltrips luxurybhutantravel bhutanwonderlandtours incrediblebhutantours punakhafestivaltours ,442,Bhutan 
2/19/20 11:14, To Discover something new in life is nothing more than a exclusive adventures xe2 x9c x88 Never too late for it Travel with Bhutan Tours and luxury exclusive agent to get it right Contact xf0 x9f x92 x8c xe2 x98 x8e xef xb8 x8fus xe2 x80 xa6 https t co LmGTBB00ok , bhutantripinfo , ,442,Bhutan 
2/19/20 10:13, Met Dr Roberto Troya WWF s Vice President today We had meaningful discussions on further strengthening partnership btwn Bhutan and WWF in the areas of environment conservation sustainable livelihoods and climate change Also thanked Mr Dechen Dorji the outgoing WWF Country Rep https t co 0XdDlofYcW , FMBhutan , ,2280,Thimphu 
2/19/20 9:48, Good sense prevails https t co UcT5u8lILZ , TenzingLamsang , ,18662,Thimphu 
2/19/20 8:55, Which way to where The Royal Botanical Park on the way to Punakha is a nice place to stop and stretch your legs botanicalgarden travel https t co hMQSStkG5b , PeakBhutan , botanicalgarden travel ,37,Thimphu 
2/19/20 8:40, Photo by Mahendra Timsina The red naped ibis Pseudibis papillosa also known as the Indian black ibis or black ibis is a species of ibis found in the plains of the Indian Subcontinent birding conserve earth preserve nature and environment acholala tours and travels https t co HTD8YhOxAw , AcholalaT , acholala tours and travels ,12,Thimphu 
2/19/20 8:15, OmairTAhmad Here too in forested Bhutan the drying up of springs for drinking amp agriculture is a serious issue An investigation into water budget in a watershed is urgently needed Water loss from forest through evapo transpiration process is never part of policy discourse https t co 4prZ5Yd4Km , pnamgyel , ,585,Thimphu 
2/19/20 8:01, You xe2 x80 x99re highly resourceful today filled with a sudden passion More for Sagittarius https t co FfKav1h4Nc , kintsho bht , ,27,Thimphu 
2/19/20 8:01, You want to enjoy enriching experiences today and won t be sat More for Taurus https t co EECfQYA8HL , cixx67 , ,1494,Thimphu 
2/19/20 8:00, Today you xe2 x80 x99re engaged in an evocative reimagining of yourself More for Pisces https t co uojyhA9mo8 , LobzangYeshey1 , ,301,Thimphu 
2/19/20 5:49, good morning Dr https t co 4b05TiUflY https t co 0uGgKowt85 , SyedSaa1 , ,1403,Thimphu 
2/19/20 5:48, lanat https t co YQGGQhjM3Z https t co Z4yaO3Zfzb , SyedSaa1 , ,1403,Thimphu 
2/19/20 4:55, When visiting bhutan try to convince your guide to bring you to one of the restaurants where the locals eat The food there is likely to be spicier than in the tourist restaurants but will give you a more authentic taste of what is available in Bhutan food travel https t co KxiHDvHUmR , PeakBhutan , bhutan food travel ,37,Thimphu 
2/19/20 4:31, BeingSalmanKhan SohailKhan theJAEvents beingbhav sahilpromotions ShahDaisy25 imKamaalKhan WhoSunilGrover All The Best , JigmdT , ,4,Punakha 
2/19/20 4:18, Director DoA accompanied by MoAF officials visited Water wasabi adaptation trial at Tendrelthang under Chang geog Thimphu to investigate the current status interact with the officials involved in the research discuss issues and to provide advisories https t co vL8lLAVMJq https t co 0PeYmYfxYv , moafbhutan , ,412,Thimphu 
2/19/20 4:17, Everything has an end Liverpool UNBEATEN run comes to an end xf0 x9f x98 x8f xf0 x9f x98 xaf xf0 x9f x98 x82 xf0 x9f x98 x92 mixed emotions , DeependraKoira5 , mixed ,5,Thimphu 
2/19/20 4:05, Letter of intent and regret letter xe2 x80 x93 FSAPP https t co 6RVHwbfLh7 , moafbhutan , ,412,Thimphu 
2/19/20 3:22, Catch us at the Bhutan India xf0 x9f x87 xae xf0 x9f x87 xb3 xf0 x9f x87 xa7 xf0 x9f x87 xb9 Start Up Summit at Taj Tashi Thimphu on 28 29 February 2020 Presentations Entrepreneurship Workshop Start Up Exhibition and much much more See you there https t co vMxg4V2BSS , Indiainbhutan , ,7971,Thimphu 
2/19/20 3:20, BBS Radio Article 2 The Institution of Monarchy Section 17 to 26 https t co xgfqa49YMH , BBSBhutan , ,48289,Thimphu 
2/19/20 3:16, 19th Feb 2020 1st Day of Phurpai Drupchen at Kuenselphodrang presided over by Ven Dorji Lopen Rinpoche and monks from Central Monastic Body Long Live Buddha Dharma amp Sangha xf0 x9f x99 x8f xf0 x9f x99 x8f xf0 x9f x99 x8f Bhudha Point Kuensel Phodrang https t co h3FSf4YTnv , bhutan majestic , ,1136,Thimphu 
2/19/20 3:05, The large Buddha statue overlooking the Thimphu valley is something that every room and building at Six Senses Thimphu provides a view of https t co PChRP77bwm sixsenses travel hotel bhutan https t co zpXDMdGuLe , PeakBhutan , sixsenses travel hotel bhutan ,37,Thimphu 
2/19/20 1:48, AishaLUMS good morning murshad madam xda x86 xd9 x88 xd8 xa6 xd8 xb5 xd8 xa7 xd8 xa8 xd8 xa7 xd9 x88 xda xa9 xd8 xa7 xda x91 xd9 x88 xdb x8c pls brush your beautiful teeth apply lotion on your beautiful hands and feet pls have glass of milk https t co g3GDv9uzYp https t co d98jcOw54p , SyedSaa1 , ,1403,Thimphu 
2/19/20 1:46, AishaLUMS good morning murshad madam xda x86 xd9 x88 xd8 xa6 xd8 xb5 xd8 xa7 xd8 xa8 xd8 xa7 xd9 x88 xda xa9 xd8 xa7 xda x91 xd9 x88 xdb x8c pls brush your beautiful teeth apply lotion on your beautiful hands and feet pls have glass of milk https t co 5CWKwuLPMK , SyedSaa1 , ,1403,Thimphu 
2/19/20 1:40, If you are traveling to Bhutan from Europe or the Americas why not combine the tour with a tour of Northern India travel bhutan india goldentemple https t co LbtmsEnnif https t co tIf6UGtJRC , PeakBhutan , travel bhutan india goldentemple ,37,Thimphu 
2/18/20 18:31, 18th Feb Accompanying My Boss to Kuenselphodrang to offer prayers to Our Big Boss Starting tomorrow till 27th Feb there will be Phurpai Drupchen Varjakiliya Ceremony presided over by Ven Dorji Lobay Rinpoche xe2 x80 xa6 https t co Qspxpj80mb , bhutan majestic , ,1136,Thimphu 
2/18/20 18:00, It is Winter in Bhutan This is a beautiful season to visit Season Bhutan MyBhutan https t co HXMUFLQZAM , MyBhutan , Bhutan Season Bhutan MyBhutan ,938,Thimphu 
2/18/20 17:58, Spring is land awakening when Love is in the breeze and everything is Heavenly made Start booking with us Its never too late to grab whats waiting for you bhutantraveltrips luxurybhutantravel xe2 x80 xa6 https t co ZlUueWSThZ , bhutantripinfo , bhutantraveltrips luxurybhutantravel ,442,Bhutan 
2/18/20 17:57, There is no PATH to HAPPINESS HAPPINESS is the PATH bhutantraveltrips luxurybhutantravel Happinesstravel bhutantravelwithus GNH Bhutan Tours amp Luxury Exclusive https t co 0vxnVCJQuu , bhutantripinfo , bhutantraveltrips luxurybhutantravel Happinesstravel bhutantravelwithus GNH ,442,Bhutan 
2/18/20 17:57, The best and most beautiful things in the world cannot be seen or even touched they must be felt with the xe2 x80 xa6 https t co FxDQLCXi5W , bhutantripinfo , ,442,Bhutan 
2/18/20 17:56, Thank you for the real happiness for last 10 years You have always been my lucky charm from day one We are so blessed to have you in our lives You bring so much joy and happiness around our family So on this xe2 x80 xa6 https t co a6jdhYvZWW , lhakidolma , ,1247,Thimphu 
2/18/20 17:55, krchome58 YouTube net core blazor mysql CRUD example without using ORM entity framework , younten , ,112,Thimphu 
2/18/20 17:49, shahedC davidfowl Do u have blog on net core blazor mysql using raw mysql example Without using ORM , younten , ,112,Thimphu 
2/18/20 17:46, SoltanOfficial Oh yes xf0 x9f xa4 xa9 , Xiao920 , ,72,Thimphu 
2/18/20 17:37, bikalpapaudel kathmandupost Why is why I say xe2 x80 x98Not just China xe2 x80 x99 Some stronger than others though , TenzingLamsang , ,18662,Thimphu 
2/18/20 17:25, Strong reaction by Chinese Embassy in Kathmandu to critical coverage on NCOVID 19 by kathmandupost For those who think that foreign aid is a free lunch There are costs not only for sovereignty but other things like press freedom etc Not just China https t co zjc4sZlaJt , TenzingLamsang , ,18662,Thimphu 
2/18/20 16:35, DROELOEMUSIC Can t wait for this xf0 x9f xa5 xba xe2 x9d xa4 xef xb8 x8f , Xiao920 , ,72,Thimphu 
2/18/20 16:34, NEW DROELOE MUSIC INCOMING xf0 x9f x98 x8d https t co YlaFN8JiDA , Xiao920 , ,72,Thimphu 
2/18/20 16:29, sanholobeats LEDpresents haleylan 90 today xf0 x9f x98 x8c xe2 x9d xa4 xef xb8 x8f , Xiao920 , ,72,Thimphu 
2/18/20 16:28, I hate Indians https t co BqRuvfl4hL , SyedSaa1 , ,1403,Thimphu 
2/18/20 16:25, SlushiiMusic Please oh please don t let anything disrupt u from making music I love it music bro xe2 x9d xa4 xef xb8 x8f xe2 x9d xa4 xef xb8 x8f xe2 x9d xa4 xef xb8 x8f Your my inspiration senpai xf0 x9f xa5 xba xf0 x9f xa5 xba xf0 x9f xa5 xba , Xiao920 , ,72,Thimphu 
2/18/20 16:21, agreed https t co wLaj6F9D4Y , SyedSaa1 , ,1403,Thimphu 
2/18/20 16:10, BTS twt Best three pics https t co bv8EjrU8e5 , Scarlet bunny , ,142,Thimphu 
2/18/20 16:10, BTS twt Aren xe2 x80 x99t these three the best pics https t co 41b9yzdpSc , Scarlet bunny , ,142,Thimphu 
2/18/20 16:00, Joined fellow desuups and other volunteers armed forces locals and forest officials to contain the forest fire above old lanjophaka bridge A big Thank You to Kencho Sum and the volunteers desuupduty27 , pem pa , desuupduty27 ,315,Thimphu 
2/18/20 14:57, Listened to arthurgunn122 on Spotify amp Soundclound today Am a fan You should see Bhutanese Facebook and Instagram We are all going crazy over Dibesh Pokharel xf0 x9f x98 x82 xf0 x9f x87 xa7 xf0 x9f x87 xb9 , namgayzam , ,21003,Thimphu 
2/18/20 14:34, not interested https t co PNQc82f32G , SyedSaa1 , ,1403,Thimphu 
2/18/20 13:38, How s my team Please comment for better points and changes UEFA MATCH DAY SEVEN https t co UDtFjcPzMY , DeependraKoira5 , UEFA ,5,Thimphu 
2/18/20 13:32, Living a Rural Life You live in the capital yet you are not liberated xf0 x9f x98 x82 from basic plumbing works Took a pause to appreciate this magnificent Tashi Chhodzong on my way back from water source https t co 7knstFx87W , ChhedupSangay , ,937,Thimphu 
2/18/20 12:30, Live painting in Bhutan is not exactly what you might expect It is actually more of a self painting You will be given a canvas with some outlines and the supplies required to fill in the areas painting travel livepainting https t co Ceb5kMRRSw , PeakBhutan , painting travel livepainting ,37,Thimphu 
2/18/20 12:30, thebhutanese Chapsuchow , Norbu12 , ,45,Thimphu 
2/18/20 11:31, You have an itch today to improve yourself and this is ultima More for Capricorn https t co p6mL9a2MGB , yiwangpindarica , ,6940,Thimphu 
2/18/20 9:50, yes I smoke pipe and Sheesha https t co DjJvw2OY6w https t co FOBaT7ppvc , SyedSaa1 , ,1403,Thimphu 
2/18/20 9:47, 2019 Autumn Semester end re exam Result is hereby xc2 xa0declared https t co Ah6A41bVxc , umsb123 , ,48,Thimphu 
2/18/20 9:28, MK Restaurant for good food Thimphu Bhutan https t co 9mmdxVjr2j FoodtourinBhutan Traveltips RestaurantinThimphu WorldTourPlan BhutanTourism TLC Eatingplace https t co JY3HQBDPQt , worldtourplan09 , FoodtourinBhutan Traveltips RestaurantinThimphu WorldTourPlan BhutanTourism TLC Eatingplace ,197,Thimphu 
2/18/20 9:27, sonakshisinha I love you so much I am a big fan of You Hope to meet you one day , SonamTshering14 , ,77,Thimphu 
2/18/20 8:46, ValentinoKhan Happy Birthday Bro xf0 x9f x8e x82 xf0 x9f xa5 xb3 , Xiao920 , ,72,Thimphu 
2/18/20 8:01, Last minute purchases call your name today and price tags are More for Sagittarius https t co FfKav1h4Nc , kintsho bht , ,27,Thimphu 
2/18/20 8:01, No one can tell you what to believe right now As an ever evol More for Taurus https t co EECfQYA8HL , cixx67 , ,1494,Thimphu 
2/18/20 8:00, Disputes can arise among friends or in a social circle that yo More for Pisces https t co uojyhA9mo8 , LobzangYeshey1 , ,301,Thimphu 
2/18/20 7:50, A small russet sparrow in the trees birds travel trees https t co SUNI6p956b , PeakBhutan , birds travel trees ,37,Thimphu 
2/18/20 6:39, good night my dear Joan https t co UcFbT1ZUue https t co dzUm3aOt47 , SyedSaa1 , ,1403,Thimphu 
2/18/20 5:43, BBS Radio Article 2 The Institution of Monarchy Section 1 to Section 10 https t co IWHJZCzgm8 , BBSBhutan , ,48289,Thimphu 
2/18/20 5:20, We have one chance Either you live life the fullest or die rotten the choice is in your hand xf0 x9f xa4 x98 , i ix ix vi , ,8,Thimphu 
2/18/20 4:50, any comments madam Senator https t co bym60elIUZ https t co MNrvR3ynqv , SyedSaa1 , ,1403,Thimphu 
2/18/20 4:05, The large Buddha Statue overlooking the Thimphu valley in Bhutan travel bhutan buddha https t co fG6kJQgfR3 , PeakBhutan , travel bhutan buddha ,37,Thimphu 
2/18/20 3:59, Tsering What xe2 x80 x99s in the name We know he is Dibesh changed to Arthur due to some reason But he does not want to hide his original name as well Listen to his music that xe2 x80 x99s it And these English name change is common in English speaking countries What is the big deal , karungiri , ,174,Thimphu 
2/18/20 3:22, namgayzam BhutanFdn And painting by our very own Ugyen Doya Super proud of him emergingartist bhutanesecontemporaryartist vastbhutan xf0 x9f x92 x9b , czdorji , emergingartist bhutanesecontemporaryartist vastbhutan ,2220,Thimphu 
2/18/20 3:12, good morning Manni https t co QMro02jIIJ https t co QIvIc99oDS , SyedSaa1 , ,1403,Thimphu 
2/18/20 1:50, zhonba Bro I still see few windows XP too Forget windows 7 , cringngedup3 , ,49,Thimphu 
2/17/20 22:54, AishaLUMS Good morning my madam xda x86 xd9 x88 xd8 xa6 xd8 xb5 xd8 xa7 xd8 xa8 xd8 xa7 xd9 x88 xda xa9 xd8 xa7 xda x91 xd9 x88 xdb x8c please brush your beautiful teeth apply lotion on your beautiful hands n feet have glass of milk thank you https t co sm29pTiH3f , SyedSaa1 , ,1403,Thimphu 
2/17/20 22:45, The site where Chimi Lhakhang is constructed was blessed by Lama Kunley a k a the Divine Madman You can find many strange sounding stories on various web sites about this individual monastery divinemadman travel bhutan https t co NiU3u2rBvI , PeakBhutan , monastery divinemadman travel bhutan ,37,Thimphu 
2/17/20 18:48, good night Koko https t co beVOD0nK7g https t co lBypJm1RvG , SyedSaa1 , ,1403,Thimphu 
2/17/20 18:36, Hoping for a Martial HAT TRICK against Chelsea It s not impossible You can Martial SILENCE THE DOUBTERS https t co EZllDoO508 , DeependraKoira5 , ,5,Thimphu 
2/17/20 18:21, WWahanvi agreed not agreed https t co jZLRbhndUb , SyedSaa1 , ,1403,Thimphu 
2/17/20 18:12, FantasyFootyFix Chelsea 0 2 Man Utd First Scorer Martial Time 10 minutes , DeependraKoira5 , ,5,Thimphu 
2/17/20 17:26, happybirthdaytoourhopeboy xe2 x99 xa1 H o p e w o r l d xe2 x99 xa1 https t co 4V8U3QqVUC , Sonamom6 , happybirthdaytoourhopeboy ,1,Punakha 
2/17/20 17:20, Hail Rui Pinto who exposed Mancity s dirty little secrets Bye bye City In tow years time all greedy players would have gone and you would be relegated like before , jigmethinley , ,680,Punakha 
2/17/20 16:55, Do not let anyone oppress you That s the only way you won t collapse Don t let anyone intimidate you even if they re stronger than you Only then can you hold out https t co CryNNevp0X , tenzinwangmod , ,0,Thimphu 
2/17/20 16:02, mine too right now I smoke pipe with italian tobacco https t co zV4hZrYTxZ https t co 0VqSfykglN , SyedSaa1 , ,1403,Thimphu 
2/17/20 15:30, PartyPupils I m a beginner and i ve been trying to create my own tune or bass which is proving to be very difficult Seeing other artists create tracks using exact samples in just a jiffy makes me wanna quit making music Nothings original these days xf0 x9f x98 xa5 , Xiao920 , ,72,Thimphu 
2/17/20 15:16, you too sooki https t co iDCKP1yRle https t co uZNUxvWM5u , SyedSaa1 , ,1403,Thimphu 
2/17/20 14:30, Photo by Mahendra Timsina The plumbeous water redstart is a passerine bird in the Old World flycatcher family Muscicapidae It is found in South Asia Southeast Asia and China Males are slate blue in colour while females are grey birding acholala tours and travels https t co WCWRf164Er , AcholalaT , birding acholala tours and travels ,12,Thimphu 
2/17/20 14:25, Excision arudzg Excision God xf0 x9f x99 x8c xf0 x9f x94 xa5 , Xiao920 , ,72,Thimphu 
2/17/20 14:03, good evening Mish https t co MjbATCmOxP https t co f1BOSPxXTq , SyedSaa1 , ,1403,Thimphu 
2/17/20 13:40, Welcome Back Home Overdue Lunch for Dr Gyembo amp Family Ashi Pem Dem amp Niece Karma BMT Happiness House https t co yovTfpUXif , bhutan majestic , ,1136,Thimphu 
2/17/20 13:26, ThereyouareZzz zaynmalik shaedband zaynvanss ZaynForHero imhereagainlol Olivia zquad Zayngel luv Zayns My Life zjm powerful malikzgwad ashustandstill Trampoline BestRemix iHeartAwards yeah xf0 x9f xa4 x9f xf0 x9f x8f xbd xf0 x9f xa4 x9f xf0 x9f x8f xbd , 1d choden , Trampoline BestRemix iHeartAwards ,426,Paro 
2/17/20 13:13, this is I m https t co QGChmwOdnc https t co qDb59YWjXj , SyedSaa1 , ,1403,Thimphu 
2/17/20 10:13, jeromegoa modagoamuseum Dearest Jerome my deepest condolences Will miss him dearly I xe2 x80 x99m glad that at least I met him and you during your last visit to Bhutan in May 2018 I pray for his soul to Rest In Peace May you have the strength to overcome this great loss So sorry my friend , dawapenjor , ,1243,Thimphu 
2/17/20 9:27, alykhanrajani CanadainBhutan tourismbhutan Drukair Welcome to Bhutan , chenchoDema1 , ,781,Thimphu 
2/17/20 9:25, The raven represents a form of Mahakala Bhutan s guardian deity bird birding raven bhutan travel https t co yxpSpLpYSQ , PeakBhutan , bird birding raven bhutan travel ,37,Thimphu 
2/17/20 8:29, SaketGokhale Congress destroying congress , vikrantparate , ,16,Thimphu 
2/17/20 8:19, Thank you for the lovely Losar card BhutanFdn It xe2 x80 x99s special to me because it features a painting of my favourite place in Bhutan xf0 x9f xa5 xba I xe2 x80 x99m framing it xf0 x9f x99 x8f xf0 x9f x8f xbc xe2 x9c xa8 https t co uglPECqjI6 , namgayzam , ,21003,Thimphu 
2/17/20 8:01, Aspects of your home life could become truly bewildering at th More for Sagittarius https t co FfKav1h4Nc , kintsho bht , ,27,Thimphu 
2/17/20 8:01, Confusing circumstances complicate matters in your social life More for Taurus https t co EECfQYA8HL , cixx67 , ,1494,Thimphu 
2/17/20 8:00, You might feel lost at sea unsure of what you want today To More for Pisces https t co uojyhA9mo8 , LobzangYeshey1 , ,301,Thimphu 
2/17/20 7:46, beauty in beautiful blouse https t co M3AyPqVEhY , SyedSaa1 , ,1403,Thimphu 
2/17/20 7:38, beauty in beautiful blouses https t co Tp9l8gLzwa , SyedSaa1 , ,1403,Thimphu 
2/17/20 7:35, beauty in beautiful blouse https t co xl587uZjfA , SyedSaa1 , ,1403,Thimphu 
2/17/20 6:45, To reach the Dzong in Trongsa you need to cross this small footbridge fortress travel bhutan https t co 0mvW4T1WWl , PeakBhutan , fortress travel bhutan ,37,Thimphu 
2/17/20 6:27, my mother s Camera https t co VakgU6SU0n https t co A8o47JVSTd , SyedSaa1 , ,1403,Thimphu 
2/17/20 6:20, mine too https t co nJIomtpzqb , SyedSaa1 , ,1403,Thimphu 
2/17/20 5:11, AishaLUMS good morning xd9 x85 xdb x8c xda x88 xd9 x85 xda x86 xd9 x88 xd8 xa6 xd8 xb5 xd8 xa7 xd8 xa8 xd8 xa7 xd9 x88 xda xa9 xd8 xa7 xda x91 xd9 x88 xdb x8c I hope you brush you beautiful teeth apply lotion on your beautiful hands n feet had glass of milk https t co 5ckAOL8XIs , SyedSaa1 , ,1403,Thimphu 
2/17/20 5:10, kamaalrkhan Fuck with your review kamaalrkhan , Tandy38410231 , ,2,Thimphu 
2/17/20 5:08, Bhutan A Pioneer in Mahseer Conservation Bhutan has a rich aquatic biodiversity and Mahseers is one of the largest fish which reins our aquatic ecosystems Two Mahseer species are found in Bhutan xe2 x80 x99s major river Golden Mahseer and Chocolate Mahseer https t co Pro64t8kME https t co vn0ktH2wEs , moafbhutan , ,412,Thimphu 
2/17/20 4:48, PareshKothari13 sir Greetings from Bhutan , GadtaulaS , ,0,Thimphu 
2/17/20 4:11, Offered prayers and received blessing before dawn today at Punakha Dzong with Buum Tashi Keyni xe2 x80 x9d marking the beginning of Punakha Domche Special prayers offered for global efforts in overcoming covid 19 xf0 x9f x99 x8f xf0 x9f x8f xbb https t co Q49xOk1Dao , FMBhutan , ,2280,Thimphu 
2/17/20 4:01, ChhedupSangay Seriously xf0 x9f x98 x90 Why take the risk mamama height of estoopidityy , DziJ , ,1616,Thimphu 
2/17/20 3:31, xe2 x80 x9cRestore us to yourself O Lord that we may be restored xe2 x80 x9d xe2 x80 x94Lamentations 5 21 , GenuineShadow , ,384,Thimphu 
2/17/20 2:54, Uhhh Overwatch hanzo and mccree as shrek characters art https t co MoD12d2L9y , Caniiibal , hanzo mccree shrek art ,13,Thimpu 
2/17/20 2:40, A small part of the mask section at the Ugyen Choling museum mask festival museum bhutan https t co dtuIG2DixT , PeakBhutan , mask festival museum bhutan ,37,Thimphu 
2/16/20 23:55, According to the Tibetan Buddhist tradition based on the lineage texts regarding prayer wheels spinning such a wheel will have much the same meritorious effect as orally reciting the prayers buddhism prayer travel https t co Z2pxzzowsR , PeakBhutan , buddhism prayer travel ,37,Thimphu 
2/16/20 21:00, The Trongsa Dzong with the watch tower museum above Although built as a watch tower the trees have been allowed to grow and viewing the dzong from the tower is pretty difficult these days fortress travel museum https t co r4BzEE82RL , PeakBhutan , fortress travel museum ,37,Thimphu 
2/16/20 19:32, Source of peace and compassion Authentic Bhutan Tours https t co M5mpxCrFQ0 , Bhutantravels , ,1067,Bhutan 
2/16/20 17:47, good night Ayesha https t co FJxz1H4uvo https t co Q2hfL1Xv4g , SyedSaa1 , ,1403,Thimphu 
2/16/20 17:10, my munshi is suitable for her https t co UBk733Tuy1 https t co jhnF1KrBLj , SyedSaa1 , ,1403,Thimphu 
2/16/20 16:51, Welcome Home Game of Golf for Dasho Tandin Dasho Pasang amp Golf Guru Tokey Dorji bhutan welcomehome goodbuddies gameofgolf passionforgolf weekendgolf golfforlife Indian Embassy Golf Club Thimphu https t co Qw6TyJVd3C , bhutan majestic , bhutan welcomehome goodbuddies gameofgolf passionforgolf weekendgolf golfforlife ,1136,Thimphu 
2/16/20 16:42, The Scripts Of The Yekar xe0 xbc xbc xe0 xbd xa1 xe0 xbd xb2 xe0 xbd x91 xe0 xbc x8b xe0 xbd x91 xe0 xbd x80 xe0 xbd xa2 xe0 xbc xbd The Unknown Mystical Lady Halcyon Days Are Briefly Memorial https t co PGpmkDoXps , KKarzeen , ,32,Thimphu 
