1/26/20 8:44, OfficialSidFC sidharth shukla Yes I am sidheart OurPrideSid , Kezang18699253 , OurPrideSid ,1,Thimphu 
1/26/20 8:02, Stay alert to unexplored possibilities that could bring you un More for Virgo https t co ytH6jMhay1 , czdorji , ,2211,Thimphu 
1/26/20 8:01, Your passions may be amplified today especially if your adren More for Sagittarius https t co FfKav1h4Nc , kintsho bht , ,28,Thimphu 
1/26/20 8:01, Honor and appreciate the friends who bring sunny delight into More for Taurus https t co EECfQYA8HL , cixx67 , ,1494,Thimphu 
1/26/20 8:00, Making a good impression on others is essential to you now bec More for Pisces https t co uojyhA9mo8 , LobzangYeshey1 , ,301,Thimphu 
1/26/20 7:31, bngtnshoe barbiefobia xf0 x9f xa5 xb0 xf0 x9f xa5 xb0 xf0 x9f xa5 xb0that is so adorable xf0 x9f x98 xad xf0 x9f x98 xad xf0 x9f x92 x9c xf0 x9f x92 x9c xf0 x9f x92 x9c xf0 x9f x92 x9c xf0 x9f x92 x9c xf0 x9f x92 x9c , selden e , ,4,Paro 
1/26/20 7:14, Sometimes people hate you because of the way other people love you xf0 x9f x92 x9c xf0 x9f x92 x9c xf0 x9f x92 x9c xf0 x9f x92 x9c xf0 x9f x92 x9c xf0 x9f x92 x9c NeverFeelHated xf0 x9f x92 x9c BTS , selden e , NeverFeelHated BTS ,4,Paro 
1/26/20 5:33, kamaalrkhan Is it just because u said so Forget it man U kamaalrkhan is super flop not Salman Khan , Tandy38410231 , ,5,Paro 
1/26/20 5:28, ZameerS26759984 Hats off to you Maza agaya caller of the week , Kezang18699253 , ,1,Thimphu 
1/26/20 4:37, Do you remember when you joined Twitter I do MyTwitterAnniversary https t co sYDneXcb3s , iamYoeser , MyTwitterAnniversary ,328,Thimphu 
1/26/20 3:33, namgayzam Yes on your footage of the picture with a dark body shade It xe2 x80 x99s a mountain goat goral but in your picture it looked like a wild boar with the hanging ears , pphurba , ,4,Thimphu 
1/26/20 3:32, Meghalaya Outlaw Bhutan trucks continue to flout rules and dominate highways https t co tND0cIDBQb GoogleAlerts , Chhimmy , GoogleAlerts ,1677,Thimphu 
1/26/20 3:00, On this 71st Indian Republic Day team TashiCell would like to extend our felicitation to the people of India Hope the harmony and peace of our unsullied relationship expands further TashiCell https t co D2fi2VSslN , TashiCell , TashiCell ,1630,Thimphu 
1/26/20 2:15, passangyt passangyt I am wondering what is the total rooftop space available in the country and the total projected solar power Somewhere surely there is a govt report , pnamgyel , ,560,Thimphu 
1/26/20 2:11, AchuKhegpa RaspaPLUSdevi Nope In fact relations improved under his tenure , TenzingLamsang , ,18404,Thimphu 
1/26/20 2:09, A very Happy 71st RepublicDay to my Indian Friends Here are some Republic Day greetings in the thebhutanese from Bhutan India Friendship Association BIFA Druk Holdings amp Investment DHI Bhutan National Bank BNB Tourism Council of Bhutan TCB amp Kholongchu Hydro Project https t co 13hWdmsKdz , TenzingLamsang , RepublicDay ,18404,Thimphu 
1/25/20 20:31, vantae mono I support you xf0 x9f x98 x8a xf0 x9f x92 x9c xf0 x9f x92 x9c , selden e , ,4,Paro 
1/25/20 18:51, AaluMethi good night friend cu tomorrow from motorway https t co 3P4DyvuwCQ , SyedSaa1 , ,1326,Thimphu 
1/25/20 18:45, great comment https t co f7igVR5qSU , SyedSaa1 , ,1326,Thimphu 
1/25/20 18:45, winterVerry1230 BTS twt xf0 x9f x92 x9c xf0 x9f x92 x9c how adorable xf0 x9f x98 x8d xf0 x9f x98 x8d xf0 x9f x98 x8d xf0 x9f x98 x8d isn t he xf0 x9f x92 x9c xf0 x9f xa5 xb0 , selden e , ,4,Paro 
1/25/20 18:00, Want to visit Bhutan We are the only platform that lets you a design your trip with a expert experience designer b choose from our favorite experiences OR c craft your own custom experience at the lowest government rate MyBhutan MyBhutanDesign MyBhutanExplorer https t co LumWPJNVAu , MyBhutan , Bhutan MyBhutan MyBhutanDesign MyBhutanExplorer ,932,Thimphu 
1/25/20 17:55, RahulDrall18 Hate you Asim , Kezang18699253 , ,1,Thimphu 
1/25/20 17:36, OfficialSidFC sidharth shukla Thank you the caller of week , Kezang18699253 , ,1,Thimphu 
1/25/20 17:35, imanveergurjar winter0073 Thank you for being Sidhearts love ManOfWordSid , YBhutanese , ManOfWordSid ,180,Thimphu 
1/25/20 17:25, ColorsTV Vivo India BeingSalmanKhan She was like like Like Like Answering to someone else not to caller of a week haha ManOfWordSid , YBhutanese , ManOfWordSid ,180,Thimphu 
1/25/20 16:48, Devoleena 2 BiggBoss Finally devo opened her eyes wildly GLAD ManOfWordSid , YBhutanese , ManOfWordSid ,180,Thimphu 
1/25/20 16:46, RealVinduSingh BeingSalmanKhan Was said in bad way but dont mean in bad way haha Salman sir clearly said about it ManOfWordSid , YBhutanese , ManOfWordSid ,180,Thimphu 
1/25/20 16:44, dhruvrastogi04 Salman sir is give footage to nallaAsim hahahah ColorsTV ManOfWordSid , YBhutanese , ManOfWordSid ,180,Thimphu 
1/25/20 16:10, View India should have friendly sensitive foreign policy for Bhutan The Economic Times https t co pVCArYKkpT via economictimes , wangaydorji , ,247,Thimphu 
1/25/20 16:02, AFCCup PSM Makassar pkrsvrofficial YangonUnitedFC Chencho , Khamsa , ,274,Thimphu 
1/25/20 15:39, Not good https t co bbhW2ibuIq , namgayzam , ,20645,Thimphu 
1/25/20 15:35, Dear friends in Nepal Do be careful PMBhutan I hope we are prepared for this xf0 x9f x98 x9f WuhanCoronovirus https t co q8lol3SzDt https t co ruA6Zblixy , namgayzam , Nepal WuhanCoronovirus ,20645,Thimphu 
1/25/20 15:21, There xe2 x80 x99s an animal in this photo Can you spot it Taken at Chari earlier today https t co WeytQOtbfQ , namgayzam , ,20645,Thimphu 
1/25/20 14:59, Warm Welcome Home from my two buddies Tyson amp Teddy Teddy pee pee out of excitement Happiness is The Moment BMT Happiness House https t co 8xvL0mhyqK , bhutan majestic , ,1131,Thimphu 
1/25/20 14:57, Happy amp Healthy New Year Greetings from multi talented Bhutanese Actor Singer and Entrepreneur Nidup Dorji Thimphu Bhutan https t co iK1LR2Tnqh , bhutan majestic , ,1131,Thimphu 
1/25/20 14:55, My Two Mother xe2 x80 x99s with Handsome Jamyang Thimphu Bhutan https t co AyJalMuYvi , bhutan majestic , ,1131,Thimphu 
1/25/20 14:49, Heard about cornovirus widespread for few days hope bhutan is taking a best precaution for the outbreak Better be safe then be sorry xf0 x9f xa4 x98 xf0 x9f x8f xbb , i ix ix vi , ,8,Thimphu 
1/25/20 14:47, MrSamratX Yes China is the only credible and real threat to the chicken neck But just amazed how a xe2 x80 x98shady xe2 x80 x99 political activist can make such a self defeating statement on disconnecting India xe2 x80 x99s most vulnerable geographical area even if temporarily with help of others Foot in the mouth , TenzingLamsang , ,18404,Thimphu 
1/25/20 14:43, Good year to start 2 xef xb8 x8f xe2 x83 xa3 xe2 x9a xbd xef xb8 x8f2 xef xb8 x8f xe2 x83 xa3 xe2 x9a xbd xef xb8 x8f https t co s6fPHv2IVJ , Che7cho , ,2263,Thimphu 
1/25/20 14:41, Shu6ham Where ever was ShenazGil the team looked best in my point of view I support ShenazGil , i ix ix vi , ,8,Thimphu 
1/25/20 14:37, TalhaGulbargavi Just laying out what will happen to anyone attempting anything on the chicken neck area , TenzingLamsang , ,18404,Thimphu 
1/25/20 14:01, Best notice on cleanliness I may have been to Chari as a toddler but since I have no memory of it this would count as my 1st time My grandmother opened our house to monks from Chari in those days when we had no cars amp hotels in Thimphu They still perform our rimdros xf0 x9f x92 x93 https t co miw8rHzV2X , namgayzam , ,20645,Thimphu 
1/25/20 13:53, Reason to take precautions Health officials announce first case of coronavirus https t co l1doe2ZOE1 via thehimalayan , ChhedupSangay , ,916,Thimphu 
1/25/20 12:43, ravimaharaj20 Hence the word imaginary , TenzingLamsang , ,18404,Thimphu 
1/25/20 12:39, SharjeelImam xe2 x80 x98s imaginary rag tag militia will have to contend with the XXXIII Corp of Indian Army composed of upto 60 000 soldiers HQ in Sukna near Siliguri comprising of 3 specialized mountain divisions Sikkim Binnaguri amp Kalimpong 2 Air Force bases amp artillery units , TenzingLamsang , SharjeelImam ,18404,Thimphu 
1/25/20 12:33, View India should have friendly sensitive foreign policy for Bhutan The Economic Times https t co mwzgSAWHn6 via economictimes , ChhedupSangay , ,916,Thimphu 
1/25/20 12:27, Greetings from the Tourism Council of Bhutan On the happy occasion of India xe2 x80 x99s 71st Republic Day the Chairperson members and Secretariat of the Tourism Council of Bhutan offer our sincere greetings and felicitation to the Government and people of the Republic of India https t co c9yVHKwR3E , tourismbhutan , ,10384,Thimphu 
1/25/20 11:35, yummy ymmy mouth watering move towards KPK https t co 0dmroOhKwP https t co 9mOuJHOa59 , SyedSaa1 , ,1326,Thimphu 
1/25/20 11:31, Your energy tank rarely ever reaches empty You typically have More for Capricorn https t co p6mL9a2MGB , yiwangpindarica , ,6939,Thimphu 
1/25/20 11:22, Step by step to Buddha losarwalk thimphu bhutan https t co DEhJzU0RcV , jamja79 , Buddha losarwalk thimphu bhutan ,494,Thimphu 
1/25/20 11:20, Here is to hoping China can get this under control In a globalized world misery does not recognize or respect borders https t co VMX7c9hcIW , TenzingLamsang , ,18404,Thimphu 
1/25/20 10:41, Bodo lands and people border a large section of Bhutan xe2 x80 x99s International Border with India Assam Hope this means peace stability and development in those Bodo areas https t co GnQ61barBN , TenzingLamsang , ,18404,Thimphu 
1/25/20 10:27, Wise words by Ambassador Gautam Bambawale on need for sensitivity to Bhutan xe2 x80 x99s SDF fee of Rs 1 138 per day for regional tourists He had a very successful amp popular tenure in Bhutan followed by Pakistan during Uri strike and then China during Doklam https t co u6WJ9No3ZM , TenzingLamsang , ,18404,Thimphu 
1/25/20 10:26, Traditional Day of Offering xe0 xbd xa0 xe0 xbd x96 xe0 xbd xb4 xe0 xbd xa3 xe0 xbc x8b xe0 xbd x96 xe0 xbc x8b xe0 xbd x95 xe0 xbd xb4 xe0 xbd xa3 xe0 xbc x8b xe0 xbd x96 xe0 xbd xa0 xe0 xbd xb2 xe0 xbc x8b xe0 xbd x89 xe0 xbd xb2 xe0 xbd x93 xe0 xbd x98 xe0 xbc x8d xe2 x80 x94 xe2 x80 x94 xe2 x80 x94 xe2 x80 x94 xe2 x80 x94 xe2 x80 x94 xe2 x80 x94 xe2 x80 x94 xe2 x80 x94 xe2 x80 x94 xe2 x80 x94 xe2 x80 x94 xe2 x80 x94 xe2 x80 x94 xe2 x80 x94 xe2 x80 x94 xe2 x80 x94 xe2 x80 x94 xe2 x80 x94 Visited Punakha and Wangdue Phodrang Dzong this morning to offer my prayers The first day of the twelve month of the lunar calendar is xe2 x80 xa6 https t co DU0g3qVbga , ShaTashiDorji , ,964,WangduePhodrang 
1/25/20 9:59, A beautiful dakini and crystal clear blue sky buddhapoint https t co 0sUCvxfPg6 , Khamsa , buddhapoint ,274,Thimphu 
1/25/20 9:51, Read this thread and keep calm Counters claims of coronoavirus being the most infectious ever with good evidence https t co wNQwMMOlQi , TenzingLamsang , coronoavirus ,18404,Thimphu 
1/25/20 9:47, Stay Safe from coronavirus , bhutan majestic , coronavirus ,1131,Thimphu 
1/25/20 9:46, DpakPoudyal Said one mountain goat to another , TenzingLamsang , ,18404,Thimphu 
1/25/20 9:34, our next birthday boy xf0 x9f xa5 xb3 xf0 x9f x92 x95 https t co luPsF3yGZ6 , Sonamom6 , ,1,Punakha 
1/25/20 9:32, o u r 7 d o r k i e s xe2 x9d xa4 https t co SdYaQRJh6S , Sonamom6 , ,1,Punakha 
1/25/20 9:09, This is the Achilles heel of Nepalese Foreign policy Even a junior diplomat in Nepal would know India abhors 3rd party mediation in its issues with Pakistan They turned down USA EU China amp others amp any offer touches a raw nerve But some leader in Nepal had to do this https t co MSK2GoNysZ , TenzingLamsang , ,18404,Thimphu 
1/25/20 9:05, MrXBob EBGamesAus Lol right , chunjurrinchhen , ,185,Thimphu 
1/25/20 8:45, Happy Traditional Day of Offering Tashi Delek bhutan celebration culture traditional day https t co VD93LPMKNr , pgyamtsho , bhutan celebration culture traditional day ,516,Thimphu 
1/25/20 8:13, Useful public health information regarding the recent outbreak of the coronavirus in China publichealth awareness publicinformation courtesy WHO Thimphu Bhutan https t co Nyzis7tKku , GasebDendup , publichealth awareness publicinformation ,11,Thimphu 
1/25/20 8:02, You can xe2 x80 x99t put off an important decision any longer Unfortunat More for Virgo https t co ytH6jMhay1 , czdorji , ,2211,Thimphu 
1/25/20 8:01, Don t fall into your favorite trap of biting off more than you More for Sagittarius https t co FfKav1h4Nc , kintsho bht , ,28,Thimphu 
1/25/20 8:01, Anticipation gives you reason to smile inside You may be so e More for Taurus https t co EECfQYA8HL , cixx67 , ,1494,Thimphu 
1/25/20 8:00, EBGamesAus Every jrpg ever , chunjurrinchhen , ,185,Thimphu 
1/25/20 8:00, Thinking symbolically rather than literally can get you throug More for Pisces https t co uojyhA9mo8 , LobzangYeshey1 , ,301,Thimphu 
1/25/20 7:02, DeepakAdk SouthAsiaCheck Congratulations Deepak and look forward to your new innings , TenzingLamsang , ,18404,Thimphu 
1/25/20 5:58, happy losar everyone xf0 x9f x98 x80 xf0 x9f x98 x80 , sonamtenzin244 , ,525,Thimphu 
1/25/20 5:30, kamaalrkhan Yeah like u , Tandy38410231 , ,5,Thimphu 
1/25/20 5:01, Happy Chunypai Losar and Traditional Day of Offering to all fellow Bhutanese and especially my friends and colleagues from the East la xf0 x9f x99 x8f xf0 x9f x87 xa7 xf0 x9f x87 xb9 , TenzingLamsang , ,18404,Thimphu 
1/25/20 4:24, RaspaPLUSdevi Thank you la , iamYoeser , ,328,Thimphu 
1/25/20 4:08, DeepakAdk SouthAsiaCheck Congratulations , namgayzam , ,20645,Thimphu 
1/25/20 3:17, passangyt Our rooftops are just lying idle It is reported that in France all new homes are to be installed with solar panels , pnamgyel , ,560,Thimphu 
1/25/20 3:07, SonamPodo Thank you la , iamYoeser , ,328,Thimphu 
1/25/20 3:00, LOSAR TASHI DELEK TO ALL May everyone be blessed with good health happiness and peace TashiCell ChunipaLosar https t co 0XxpRJtCIZ , TashiCell , TashiCell ChunipaLosar ,1630,Thimphu 
1/24/20 22:58, I need to give justification as well Lol https t co DK6lqMvqjT , dorji yenten , ,23,Thimphu 
1/24/20 19:35, InoxentFahadS TeamSidharthFC OfficialSidFC ColorsTV BiggBoss Sudhanshu Vats If its real we are not ready If its fake than please dont put such dirty prank here we sidhearts will get irritate more for it and our mind get disturbed and get mentally sick thinking over it FairAndHonestSid , YBhutanese , FairAndHonestSid ,180,Thimphu 
1/24/20 19:32, MehnazMahin I heard call was from Sid s fan Now seeing for Fakenazz FairAndHonestSid , YBhutanese , FairAndHonestSid ,180,Thimphu 
1/24/20 19:30, MehnazMahin He knew it will raise on WKV hahaha Smart enough FairAndHonestSid , YBhutanese , FairAndHonestSid ,180,Thimphu 
1/24/20 19:28, HerdHUSH BeingSalmanKhan Hope ColorsTV n BeingSalmanKhan will be fair enough to ask him about fixed deposit addressed to Arti FairAndHonestSid JusticeForArti , YBhutanese , FairAndHonestSid JusticeForArti ,180,Thimphu 
1/24/20 19:26, kashmerashah mjmarcjangra ArtiSingh005 Sometime i think bb markers are also fake They show sth in promo n we see sth in night show FairAndHonestSid , YBhutanese , FairAndHonestSid ,180,Thimphu 
1/24/20 19:22, irfankhan4real sidharth shukla RealVinduSingh HerdHUSH OfficialSidFC JThakers sambhavnaseth ArshiKOfficial iamkamyapunjabi I told you already Sid is not TRP hunger FairAndHonestSid , YBhutanese , FairAndHonestSid ,180,Thimphu 
1/24/20 19:21, ArtisinghFC pra998 ArtiSingh005 It was said by Asim in bad way He himself revealed in national television JusticeForArti , YBhutanese , JusticeForArti ,180,Thimphu 
1/24/20 19:15, ShuklaDashmesh Sumitmech11 GAUAHAR KHAN realumarriaz kamaalrkhan EndemolShineIND ColorsTV Now they are blind n dum Please do sth on it ColorsTV BeingSalmanKhan Asim must get exposed on it FairAndHonestSid , YBhutanese , FairAndHonestSid ,180,Thimphu 
1/24/20 19:13, BrainiacAdi dhruvrastogi04 Haue how sweet she reacted on it Happy for her FairAndHonestSid , YBhutanese , FairAndHonestSid ,180,Thimphu 
1/24/20 19:12, king snow008 Sumitmech11 BiggBoss I guess Naati pinki will be irritating n flipper like fakenazz hahahaha omg what a fake lady she yaar FairAndHonestSid , YBhutanese , FairAndHonestSid ,180,Thimphu 
1/24/20 19:09, RealVinduSingh paras army Done sir FairAndHonestSid , YBhutanese , FairAndHonestSid ,180,Thimphu 
1/24/20 19:08, is yabir imParagTyagi MumbaiPolice MahaCyber1 CPMumbaiPolice BiggBoss realumarriaz It s almost time to spit on imParagTyagi lol this clips is much more funny than Sana s entertainment in the house xf0 x9f xa4 xa3 , rinzin wangmmo , ,21,Thimphu 
1/24/20 19:07, realhimanshi thank paras that he supported you saying to fakenazz that Himanshi was right n u tortured her Amd u bloody woman sitting outside n supporting that bloody nallaAsim crocodile mouth guy f k you n your nallaAsim FairAndHonestSid , YBhutanese , FairAndHonestSid ,180,Thimphu 
1/24/20 19:01, SidShukla 1 Arya73478428 RealVinduSingh HerdHUSH Omg seriously Hope its not a prank yaar So excited to watch FairAndHonestSid , YBhutanese , FairAndHonestSid ,180,Thimphu 
1/24/20 18:57, Sumitmech11 I guess this is not a good poll probably FairAndHonestSid , YBhutanese , FairAndHonestSid ,180,Thimphu 
1/24/20 18:57, shefalijariwala ColorsTV BiggBoss Learn how to defend first before calling yourself SHERNI , rinzin wangmmo , ,21,Thimphu 
1/24/20 18:57, Moumita17738164 Deepika41896933 Haha yes yaar She didnt leave her parents too yaar FairAndHonestSid , YBhutanese , FairAndHonestSid ,180,Thimphu 
1/24/20 18:55, GAUAHAR KHAN Okay now i am telling you GAUAHAR KHAN u r fixed deposit for Asim n other guys too FairAndHonestSid , YBhutanese , FairAndHonestSid ,180,Thimphu 
1/24/20 18:53, Sumitmech11 Is our hero hungry for TRP FairAndHonestSid , YBhutanese , FairAndHonestSid ,180,Thimphu 
1/24/20 18:49, Soniaady1421 Deepika41896933 BeingSalmanKhan NallaAsim will never accept his fault And he is trying hard to take Sid out of the show Being 25yrs old guys in bb n worst player I ever see in my life FairAndHonestSid , YBhutanese , FairAndHonestSid ,180,Thimphu 
1/24/20 18:45, indiann9 sidharth shukla We get frustrated just watching 1hr show They are together for 118days and think how much Sid will get angry n frustrated towards nallasim I n we Sidhearts are really proud of him that he have super patients power FairAndHonestSid , YBhutanese , FairAndHonestSid ,180,Thimphu 
1/24/20 18:42, GAUAHAR KHAN Funny you seriously you dont know what fixed DEPOSIT means FairAndHonestSid , Kezang18699253 , FairAndHonestSid ,1,Thimphu 
1/24/20 18:41, Moumita17738164 Deepika41896933 First paras And than Sid Lastly landed with no one FairAndHonestSid , YBhutanese , FairAndHonestSid ,180,Thimphu 
1/24/20 18:39, ColorsTV sidharth shukla Vivo India BeingSalmanKhan I really wish that if bb can warn nalla to stay away from Sid that will be better Sid always try to stay away n keep distance feom nalla but yaar he never leave Sid alone Always torturing fighting for footage Nalla deserve slap FairAndHonestSid , YBhutanese , FairAndHonestSid ,180,Thimphu 
1/24/20 18:32, Natal Day https t co qUuJQ33Sz1 , DawaDDema1 , ,71,Thimphu 
1/24/20 18:29, GAUAHAR KHAN Son of a father No humanity shameless nalla FairAndHonestSid , YBhutanese , FairAndHonestSid ,180,Thimphu 
1/24/20 18:28, flakeofice irfankhan4real ColorsTV EndemolShineIND No way I know Vikas will try to bring bloody Fakenazz close to him Sid and that i never want to see them together again FairAndHonestSid , YBhutanese , FairAndHonestSid ,180,Thimphu 
1/24/20 18:14, dhruvrastogi04 Sad that atri dont know the meaning of fixed deposit FairAndHonestSid JusticeForArti , YBhutanese , FairAndHonestSid JusticeForArti ,180,Thimphu 
1/24/20 18:11, ColorsTV imrealasim sidharth shukla Vivo India BeingSalmanKhan what is this bb13 is becoming worst ever And this is not appropriate to ask here Arti help Sid just because they are good friends each other Not puppet or fixed deposit dum ColorsTV FairAndHonestSid JusticeForArti , YBhutanese , FairAndHonestSid JusticeForArti ,180,Thimphu 
1/24/20 18:08, ColorsTV Vivo India BeingSalmanKhan fixed deposit isnt a drama on national television yaar Lets see how nalla will explain on it to BeingSalmanKhan ColorsTV FairAndHonestSid , YBhutanese , FairAndHonestSid ,180,Thimphu 
1/24/20 18:06, dhruvrastogi04 True FairAndHonestSid , YBhutanese , FairAndHonestSid ,180,Thimphu 
1/24/20 18:01, Tune in to Episode 23 to watch Mark Wiens hike to Tiger s Nest The episode premieres on our Facebook and YouTube pages on Saturday at 10 00AM EST 11 30PM BTT https t co 707qSj5Ak8 , MyBhutan , ,932,Thimphu 
1/24/20 17:47, On the occasion of xe2 x80 x9cTraditional Day of Offering xe2 x80 x9d and xe2 x80 x9cChunyi Pai Losar xe2 x80 x9d I would like to offer my heartfelt Losar Tashi Delek to all , FMBhutan , ,2230,Thimphu 
1/24/20 17:21, tserim8 Thank You , iamYoeser , ,328,Thimphu 
1/24/20 17:20, sweet https t co zTbtKY3Xlz , SyedSaa1 , ,1326,Thimphu 
1/24/20 17:19, A Traditional Day of Offering Wishing everyone a very Happy Chunipa Losar Losar Tashi Delek , iamYoeser , ,328,Thimphu 
1/24/20 17:15, StephenCorrySvl WWF Survival Greenpeaceafric greenpeaceindia greenpeaceusa StephenCorrySvl Thank you for the info Yes I would love to read the book , pnamgyel , ,560,Thimphu 
1/24/20 16:19, Ruptly Legend , Bhutan is , ,85,Thimphu 
1/24/20 16:00, Artistic beauty awaits you at every corner in Bhutan Unique and awe inspiring here is one architectural standout that is a must see MyBhutanArt MyBhutanArchitecture Architecture wanderlust adventureseeker doyoutravel travelmore goexplore wonderfulplaces https t co 6iFvWfu67w , MyBhutan , MyBhutanArt MyBhutanArchitecture Architecture wanderlust adventureseeker doyoutravel travelmore goexplore wonderfulplaces ,932,Thimphu 
1/24/20 15:38, StephenCorrySvl WWF Survival Greenpeaceafric greenpeaceindia greenpeaceusa I am reading the two books https t co 4izQgVzrYZ , pnamgyel , ,560,Thimphu 
1/24/20 15:02, xe2 x80 x9cBetween stimulus and response is a space In that space lies our power to choose our response In our response lies our growth and our freedom xe2 x80 x9d Viktor Frankl So simple yet so profound and very very difficult to practice Still one tries , Chhimmy , ,1677,Thimphu 
1/24/20 15:02, OmairTAhmad joydeepgupta AtikaRehman namgayzam dawapenjor Generally the development is the reason for habitat loss for wildlife But for pygmy hog it looks the culprit is the forest policy banning fire and encouraging trees on grasslands , pnamgyel , ,560,Thimphu 
1/24/20 14:09, wrong more comments on that kind of pics https t co eQ4jvhNJqa https t co 3B9lYysn4r , SyedSaa1 , ,1326,Thimphu 
1/24/20 13:33, ChhedupSangay I am not sure who teaches to code It xe2 x80 x99s not a carpenter skill kind of thing , cringngedup3 , ,48,Thimphu 
1/24/20 13:31, DrTedros Dr Tedros it has spread to so many other countries if this is not global what is , DziJ , ,1605,Thimphu 
1/24/20 13:06, Father May we take time tonight just to say thank You Please let us renew our bodies with great peaceful sleep tonight as You watch over us In Jesus Name AMEN , GenuineShadow , ,383,Thimphu 
1/24/20 12:57, Forest fire at Gyelpozhing May there be rain fall Om Mani Padme Hum , nangseld123 , ,5,Thimphu 
1/24/20 11:57, you are quite right https t co aoBRXwY21W , SyedSaa1 , ,1326,Thimphu 
1/24/20 11:38, Being around with the people you cheer makes your day worthy though you are penniless xf0 x9f x98 x9c xe2 x9d xa4 xf0 x9f x99 x89 24 01 2020 with you https t co 0zKGg5nagv , penchu171 , ,3,Thimphu 
1/24/20 11:31, An air of unpredictability might make you more nervous than ne More for Capricorn https t co p6mL9a2MGB , yiwangpindarica , ,6939,Thimphu 
1/24/20 10:33, A little visual aid https t co ZBKNciEnbr , TenzingLamsang , ,18404,Thimphu 
1/24/20 10:32, pinakishillong India is at 80 All above numbers wrong except for Bhutan xe2 x80 x99s rank The headline is wrong , TenzingLamsang , ,18404,Thimphu 
1/24/20 10:22, Actually that spot goes to Bhutan at rank 25 of 180 countries comparable to even xe2 x80 x98developed xe2 x80 x99 countries India is ranked at 80 Get your facts and geography right https t co EPOHf2ws24 , TenzingLamsang , ,18404,Thimphu 
1/24/20 9:23, Delighted to meet H E Dr Andreas Baum Amb of Switzerland to Bhutan this morning We have discussed on possible Swiss assistance for the Digital Drukyul Flagship Program and technical support for TVET sector in Bhutan https t co ewbwsEuGYy , FMBhutan , ,2230,Thimphu 
1/24/20 8:59, China xe2 x80 x99s National Health Commission respiratory expert who on 10th Jan said WuhanPneumonia is under control and is a mild condition now himself has the coronavirus after visiting Wuhan https t co V87dBGB8I2 , TenzingLamsang , WuhanPneumonia coronavirus Wuhan ,18404,Thimphu 
1/24/20 8:12, sonamtenzin244 Is it the Nitrous Oxide , Bhutan is , ,85,Thimphu 
1/24/20 8:02, You xe2 x80 x99re yearning for more diversity in your world Something ne More for Virgo https t co ytH6jMhay1 , czdorji , ,2211,Thimphu 
1/24/20 8:01, It xe2 x80 x99s no secret that you often play the role of cheerleader whe More for Sagittarius https t co FfKav1h4Nc , kintsho bht , ,28,Thimphu 
1/24/20 8:01, Although carving out a path strictly on your own terms is extr More for Taurus https t co EECfQYA8HL , cixx67 , ,1494,Thimphu 
1/24/20 8:00, Exploring the hidden recesses of your imagination leads to sig More for Pisces https t co uojyhA9mo8 , LobzangYeshey1 , ,301,Thimphu 
1/24/20 6:56, Exciting to see innovation initiatives going beyond tools by xe2 x80 x9centering the much more challenging territory of changing mindsets and developing new competencies xe2 x80 x9d xe2 x81 xa6 AlexOprunenco xe2 x81 xa9 ricap undp xe2 x81 xa9 xe2 x81 xa6 UNDP innovation xe2 x81 xa9 https t co 3Baq8sMe0S , NaglerUNDP , innovation mindsets ,1552,Thimphu 
1/24/20 5:32, RaspaPLUSdevi yea i do feel good but my cheek bones hurt while laughing so hard xf0 x9f x98 x85 xf0 x9f x98 x85 , sonamtenzin244 , ,525,Thimphu 
1/24/20 5:23, xe2 x80 x9cCollective wellbeing is as fundamental as GDP xe2 x80 x9d says Scottish Prime Minister Sturgeon More countries are shifting beyondGDP xe2 x81 xa6 WEAll Alliance xe2 x81 xa9 GNH https t co f5GAmpwZQ7 , NaglerUNDP , beyondGDP GNH ,1552,Thimphu 
1/24/20 5:12, elonmusk amancalledscott ChrisDungeon mithunoorath Yes while hiding under their radar , DeywaZop , ,4,Thimphu 
1/24/20 4:36, atayongba IndiaToday More complicated than that Indian political opinion takes longer time to turn or move given their sheer size They had the same govt for 4 decades Economic downturn has started and ppl seem concerned but it has not yet started biting hard enough for them to turn on their govt , TenzingLamsang , ,18404,Thimphu 
1/24/20 4:03, xf0 x9d x97 x98 xf0 x9d x98 x85 xf0 x9d x97 xbd xf0 x9d x97 xb2 xf0 x9d x97 xbf xf0 x9d x97 xb6 xf0 x9d x97 xb2 xf0 x9d x97 xbb xf0 x9d x97 xb0 xf0 x9d x97 xb2 xf0 x9d x97 xae xf0 x9d x97 xba xf0 x9d x97 xae xf0 x9d x98 x87 xf0 x9d x97 xb6 xf0 x9d x97 xbb xf0 x9d x97 xb4 xf0 x9d x97 xbb xf0 x9d x97 xb2 xf0 x9d x98 x84 xf0 x9d x97 xb3 xf0 x9d x97 xb2 xf0 x9d x97 xae xf0 x9d x98 x81 xf0 x9d x98 x82 xf0 x9d x97 xbf xf0 x9d x97 xb2 xf0 x9d x98 x80 xf0 x9d x97 xb6 xf0 x9d x97 xbb xf0 x9d x97 x9a xf0 x9d x97 xae xf0 x9d x97 xb9 xf0 x9d x97 xae xf0 x9d x98 x85 xf0 x9d x98 x86 xf0 x9d x97 x94 xf0 x9d x9f xad xf0 x9d x9f xac xf0 x9d x98 x80 xf0 x9d x97 xae xf0 x9d x97 xbb xf0 x9d x97 xb1 xf0 x9d x97 x9a xf0 x9d x97 xae xf0 x9d x97 xb9 xf0 x9d x97 xae xf0 x9d x98 x85 xf0 x9d x98 x86 xf0 x9d x97 x94 xf0 x9d x9f xae xf0 x9d x9f xac xf0 x9d x98 x80 xf0 x9d x98 x80 xf0 x9d x98 x81 xf0 x9d x97 xae xf0 x9d x97 xbf xf0 x9d x98 x81 xf0 x9d x97 xb6 xf0 x9d x97 xbb xf0 x9d x97 xb4 xf0 x9d x97 xae xf0 x9d x98 x81 xf0 x9d x97 xb7 xf0 x9d x98 x82 xf0 x9d x98 x80 xf0 x9d x98 x81 xf0 x9d x97 xa1 xf0 x9d x98 x82 xf0 x9d x9f xb4 xf0 x9d x9f xb5 xf0 x9d x9f xb5 xf0 x9d x9f xac For product specifications visit https t co ZmhexkrVBe https t co sFdM8Fqf8J Samsung ReadyAction Bhutan https t co EWETfDmcov , TashiCell , Samsung ReadyAction Bhutan ,1630,Thimphu 
1/24/20 3:46, drukanddrukpa Wow Hope I get to try once , pem pa , ,307,Thimphu 
1/24/20 3:22, India xe2 x80 x99s 71st Republic Day will be celebrated in the morning of 26th January 2020 at the India House Estate The National Flag xf0 x9f x87 xae xf0 x9f x87 xb3 will be hoisted at 9 am All members of the Indian community and Bhutanese friends of India are welcome to attend the event MEAIndia IndianDiplomacy https t co UxofqaGTxI , Indiainbhutan , ,7827,Thimphu 
1/24/20 2:22, Big country small country A church in Jerusalem gifted by the Ottoman Empire to France in 1856 is still owned by France Wow The King of Ladakh gave 8 enclaves around Mt Kailash to Bhutan in the 17th century https t co 3BifkJUqZs , dorpen71 , ,1034,Thimphu 
1/24/20 2:15, IndiaToday Main message is that be it politics or economy Modi government and team still has the trust and patience of the majority of the Indian masses However these are early days and a mid term poll amp a poll in the 4th year would be much more revealing depending on the situation , TenzingLamsang , ,18404,Thimphu 
1/24/20 2:08, IndiaToday On economy while 60 feel it is slowing down the important number for now is that 50 still believe it is better than under UPA amp only 30 believe it is worse Politics like society is a comparison game 57 sympathetic to FM Nirmala Sitharaman with 39 saying good job , TenzingLamsang , ,18404,Thimphu 
1/24/20 2:07, WangchukSangay Tashi delek for creating a carton of myself riding a bike Lol thanks anyway , zzezenn , ,1778,Thimphu 
1/24/20 2:05, floridakevin88 elprofetaviejo Fredofrr He is talking about Zimbabwe money , chunjurrinchhen , ,185,Thimphu 
1/24/20 1:59, IndiaToday MOTN20 survey shows continuing political dominance of BJP Modi as most popular PM in Indian history at 37 53 preference for Modi compared to 13 for Rahul in distant 2nd amp fire brand UP CM Yogi Adityanath seen as best performing CM Loss of seats is nominal , TenzingLamsang , MOTN20 ,18404,Thimphu 
1/23/20 19:08, irfankhan4real Fused fakenazz n flushmi Omg its still stuck in my mind haha TheRiseOfSidharth , YBhutanese , TheRiseOfSidharth ,180,Thimphu 
1/23/20 19:07, JThakers Nice Go Sidhearts go TheRiseOfSidharth , YBhutanese , TheRiseOfSidharth ,180,Thimphu 
1/23/20 19:04, irfankhan4real RealVinduSingh I mean it too hahaa U defined well TheRiseOfSidharth , YBhutanese , TheRiseOfSidharth ,180,Thimphu 
1/23/20 19:03, VijMahhi Fakanazz came inside bb13 to make boyfriend And she us with no one at the end Omg cheap TheRiseOfSidharth , YBhutanese , TheRiseOfSidharth ,180,Thimphu 
1/23/20 19:00, irfankhan4real RealVinduSingh Hahaaa great explanation TheRiseOfSidharth , YBhutanese , TheRiseOfSidharth ,180,Thimphu 
1/23/20 18:51, kokokokorikon KuenselOnline I find the same Auto and it s lazy really , ChhedupSangay , ,916,Thimphu 
1/23/20 18:51, ColorsTV shefalijariwala vishalsingh713 Vivo India BeingSalmanKhan All Paras Mahira n Shefali played nicely tonight I am so happy for their defence TheRiseOfSidharth , YBhutanese , TheRiseOfSidharth ,180,Thimphu 
1/23/20 18:43, IamDelnazzIrani BiggBoss ColorsTV U better watch bb13 till end U will see your fav shenazz very cheap mad mentally irritating Sala moti eating up my mind TheRiseOfSidharth , YBhutanese , TheRiseOfSidharth ,180,Thimphu 
1/23/20 18:39, MehnazMahin Yeah so fakenazz decided to make Shefali out of the game but i guess she wont follow to Vishal final hearing TheRiseOfSidharth , YBhutanese , TheRiseOfSidharth ,180,Thimphu 
1/23/20 18:38, webtelworld MehnazMahin Winner only sid N flipper fakenazz TheRiseOfSidharth , YBhutanese , TheRiseOfSidharth ,180,Thimphu 
1/23/20 18:36, MehnazMahin Yes true Shafali n Mahira is very strong physically too TheRiseOfSidharth , YBhutanese , TheRiseOfSidharth ,180,Thimphu 
1/23/20 18:32, VijMahhi Sana is fake and she dont deserve sid love so forget sana , Kezang18699253 , ,1,Thimphu 
1/23/20 18:23, htshowbiz Vishal is no where in the game Psycho him TheRiseOfSidharth , YBhutanese , TheRiseOfSidharth ,180,Thimphu 
1/23/20 18:03, This DGW has not been that good 8 players played and scored aren t that good Waiting for Liverpool players to do WHAT THEY ALWAYS DO SCORE SCORE SCORE Bobby Firmino being a great differential and triple captained Salahb and Trent recent clean sheets I feel confident https t co aeQypd2GJK , DeependraKoira5 , ,3,Thimphu 
1/23/20 17:53, petegoodridge Oh okay I too was not convinced that it is genuine but chances are never zero , DeependraKoira5 , ,3,Thimphu 
1/23/20 17:44, TashiGyeltshen Our own au czdorji in 2016 to her daughter https t co 8xSSgByeY6 , namgayzam , ,20645,Thimphu 
1/23/20 17:30, Being in my rightful place the haven of literature Riku Dhan Subba s Blog Let xe2 x80 x99s Fall In Love with Writing https t co Quhrh5LBcJ , rikusubba , ,946,Thimphu 
1/23/20 16:50, Mom at her best The Power in me Thimphu Bhutan https t co D2rRe0dyOo , bhutan majestic , ,1131,Thimphu 
1/23/20 16:12, Did Mangal Singh the young BPC employee in Gomtu who shared so many suicidal posts really commit suicide Don t trust info on Bhutanese Forum I hope it s not true , PaSsu Diary , ,5970,Thimphu 
1/23/20 16:09, davidmhecht UGAICON Congratulations , namgayzam , ,20645,Thimphu 
1/23/20 16:05, Today I realized I laugh more than any other around me I mean I find things more funnier which makes me laugh unstoppable while others around me just smile or makes xe2 x80 x9chaha xe2 x80 x9d sound once and then their laughter is done crazyfeeling , sonamtenzin244 , crazyfeeling ,525,Thimphu 
1/23/20 16:00, ngadamo thats the spirit xf0 x9f x91 x8d xf0 x9f x8f xbb xf0 x9f x91 x8d xf0 x9f x8f xbb , sonamtenzin244 , ,525,Thimphu 
1/23/20 15:58, Only in China A hospital within 6 days https t co K2GwCOa6Ij , TenzingLamsang , ,18404,Thimphu 
1/23/20 15:38, Double Gameweek Most Captained and Most triple captained player sadio mane is reportedly dropped out of squad https t co hzi7iDnjyo , DeependraKoira5 , ,3,Thimphu 
1/23/20 15:24, Five Essential Elements to Develop Your Mindfulness Practice https t co kkJXV2i0Ef , TingKarr8 , ,27,Thimphu 
1/23/20 15:06, LORD thank You for Your protection provision and for making our path straight today Please let us rest well tonight in the covering and shelter of the Living God In Jesus Name AMEN , GenuineShadow , ,383,Thimphu 
1/23/20 14:34, WHO Coronavirus questions and answers Q amp A https t co bDOXdRXxV5 , gasebtandin , ,2263,Thimphu 
1/23/20 14:19, VikramRout6 Asteen N Shenazz TheRiseOfSidharth , YBhutanese , TheRiseOfSidharth ,180,Thimphu 
1/23/20 13:58, Traditional way of Bhutanese life at simply Bhutan photooftheday photooftheweek https t co QABwmmiBRY , 17750879 , photooftheday photooftheweek ,33,Thimphu 
1/23/20 13:40, NC introduces the Lhengye Zhungtshog Bill 2020 The Social and Cultural Affairs Committee SCAC of the House introduced the Lhengye Zhungtshog Bill 2020 today Honorable Ugyen Namgay Deputy Chair of the committee xe2 x80 xa6 https t co VVu5vX12pW , lhakidolma , ,1243,Thimphu 
1/23/20 12:59, kokokokorikon KuenselOnline Lazy tweeting , Khampaa , ,3848,Thimphu 
1/23/20 11:52, Thursday Special Blessings from local protective deity Ap Gaynyen for the well being of All Sentient Beings Long live Buddha Dharma amp Sangha xf0 x9f x99 x8f xf0 x9f x99 x8f xf0 x9f x99 x8f bhutan thursdayspecial blessingsforall thimphu xe2 x80 xa6 https t co LRZ34T86At , bhutan majestic , bhutan thursdayspecial blessingsforall thimphu ,1131,Thimphu 
1/23/20 11:31, The magical and mystical weave a captivating spell that you wa More for Capricorn https t co p6mL9a2MGB , yiwangpindarica , ,6939,Thimphu 
1/23/20 11:27, LotusPostrado So finally you met another man from Bhutan , pem pa , ,307,Thimphu 
1/23/20 10:43, BBC News Burnout Sick and tired of feeling sick and tired https t co qUF10D8hDf , ChhedupSangay , ,916,Thimphu 
1/23/20 10:35, A five day Lead Auditor xe2 x80 x99s Training Course based on ISO 22000 2018 Food Safety Management System was organized by the Bhutan Agriculture and Food Regulatory Authority MoAF with funding support from the EURDCCRP allocated for Organic Accreditation https t co mzaio18QLh https t co Gvntu16549 , moafbhutan , ,411,Thimphu 
1/23/20 10:20, Vacancy Announcement for specialist head under RDC Yusipang https t co P8NEX0QVzM , moafbhutan , ,411,Thimphu 
1/23/20 10:20, Addendum for supply and installation of incubator and poultry equipments https t co SeEoA7p9xD , moafbhutan , ,411,Thimphu 
1/23/20 10:20, Shortlisted candidates for the post of ESP https t co cUIQn2ZaXC , moafbhutan , ,411,Thimphu 
1/23/20 10:19, Eighty two officials attended a DogPopulationManagement and AnimalHealth coordination workshop in Gelephu from January 9 12 with a theme Fostering team building for enhanced collaboration and effective service delivery of animal health services https t co tW9fxwKkSn https t co 5rVyk47geE , moafbhutan , DogPopulationManagement AnimalHealth Gelephu ,411,Thimphu 
1/23/20 10:16, Shortlisted candidate for the post of Driver III https t co 6Pye6Dizky , moafbhutan , ,411,Thimphu 
1/23/20 10:14, The Hon xe2 x80 x99ble Sanam Lyonpo Yeshey Penjor visited the eight chiwogs of Nubi and Tangsibje gewogs Trongsa from 1 12 January https t co 7VSXCRVDwx https t co 1WBl8MvHez , moafbhutan , Nubi Tangsibje Trongsa ,411,Thimphu 
1/23/20 10:09, passangyt Don t say this man xf0 x9f x98 x82 , ChhedupSangay , ,916,Thimphu 
1/23/20 10:02, Tender for construction of smart irrigation system https t co rRKTVNeVKB , moafbhutan , ,411,Thimphu 
1/23/20 10:01, Twelve officials from livestock BAFRA and health attended a workshop to develop the standard operating procedures for WHO identified Global AMR surveillance system pathogens and waste management guidelines https t co B27J6P8rcn https t co G9zLe88B29 , moafbhutan , BAFRA ,411,Thimphu 
1/23/20 9:59, ChawlaSwati For sure , TenzingLamsang , ,18404,Thimphu 
1/23/20 9:58, Tender for supply and installation of incubator and poultry equipments https t co obInYnPC96 , moafbhutan , ,411,Thimphu 
1/23/20 9:57, The 3rd FoothillsFestival was held at Gelephu public ground A three days festival from 16 18 January is expected to promote the agriculture and livestock products as well as cultural traditions from 12 gewogs under Sarpang https t co HF8K4JZZTS , moafbhutan , FoothillsFestival Gelephu Sarpang ,411,Thimphu 
1/23/20 9:42, Sangaywk Free to torture xe2 x80 x98fellow Muslims xe2 x80 x99 as long as that credit line is open , TenzingLamsang , ,18404,Thimphu 
1/23/20 9:40, Sangaywk Yes as compared to the conventional photo frames one gets in most places these days Snow lion and dragons are more auspicious than any decorative glossy photo frame of today , TenzingLamsang , ,18404,Thimphu 
1/23/20 9:37, I have never gotten this hypocrisy from Imran Khan Pakistan has been very vocal on Muslims in most parts of the world including J amp K but is silent as a door mouse on the detention of 1 mn Uighur civilians with credible allegations of abuse amp torture https t co PFjZV7Eqtf , TenzingLamsang , ,18404,Thimphu 
1/23/20 9:29, Sangaywk The snow lion is a celestial creature that symbolizes power strength authority etc The dragon is again an important symbolic creature with it taking prime space on the Bhutanese flag , TenzingLamsang , ,18404,Thimphu 
1/23/20 8:08, Harry19814254 IamSinghaniya GnAkshay2 sidharth shukla Fakrbazz a great drama queen , YBhutanese , ,180,Thimphu 
1/23/20 8:02, Sparks are flying and you may impulsively jump to defend your More for Virgo https t co ytH6jMhay1 , czdorji , ,2211,Thimphu 
1/23/20 8:02, In rural areas road widening means goodbye to drinking water for a while as dozers wreck havoc on water lines If only our agencies talked to each other https t co Ji0ycJM3fb , TenzingLamsang , ,18404,Thimphu 
1/23/20 8:01, Self discovery arrives in unpredictable ways You may learn mo More for Sagittarius https t co FfKav1h4Nc , kintsho bht , ,28,Thimphu 
1/23/20 8:01, Change doesn xe2 x80 x99t always come easily to you but there is unrelen More for Taurus https t co EECfQYA8HL , cixx67 , ,1494,Thimphu 
1/23/20 8:00, You could be a fish swimming upstream today because the group More for Pisces https t co uojyhA9mo8 , LobzangYeshey1 , ,301,Thimphu 
1/23/20 7:34, Truth of Life https t co QptfmjZGDR , gasebtandin , ,2263,Thimphu 
1/23/20 7:34, Sounds almost like Bhutan with tougher bank loans on vehicles and falling car sales https t co OKNB58CieS , TenzingLamsang , ,18404,Thimphu 
1/23/20 6:56, A strong comeback from JeffBezos after it was learnt that Muhammad Bin Salman allegedly got his phone hacked as part of efforts to intimidate the slain columnist JamalKhashoggi https t co AhR5xq3Ftm , TenzingLamsang , JamalKhashoggi ,18404,Thimphu 
1/23/20 6:33, xe2 x80 x98A particularly alarming aspect of this case Luo s Twitter account was anonymous How did police in China track down the owner of the account xe2 x80 x99 BethanyAllenEbr https t co zEoJCc0JGe , TenzingLamsang , ,18404,Thimphu 
1/23/20 6:21, good morning Sonya you become thick https t co mfWS06DCb7 https t co OdwAzcOIE0 , SyedSaa1 , ,1326,Thimphu 
1/23/20 6:18, Good to see Will mean more peace for the region https t co NRB6dwRavP , TenzingLamsang , ,18404,Thimphu 
1/23/20 6:08, Jamtsho13 That would be my ultimate wish fulfilled I neither have a bike nor can I ride it xf0 x9f xa5 xba , zzezenn , ,1778,Thimphu 
1/23/20 5:56, Jamtsho13 And m still very jealous you are a biker xf0 x9f x98 x81 , zzezenn , ,1778,Thimphu 
1/23/20 5:55, Holy Spirit help us to make one good choice after another help us to live justly love mercy and walk humbly with God In Jesus Name AMEN , GenuineShadow , ,383,Thimphu 
1/23/20 5:30, Jamtsho13 And get well soon Looks like you broke your collarbone while riding a bike , zzezenn , ,1778,Thimphu 
1/23/20 5:29, Jamtsho13 Lol m jealous that you are a biker seriously I can stare at a bike for hours xf0 x9f x98 x86 , zzezenn , ,1778,Thimphu 
1/23/20 5:22, TashiGyeltshen Sharing Thanks TG , namgayzam , ,20645,Thimphu 
1/23/20 5:12, Found this lovely old photo and antique frame of HM The Fourth King in his early 20s Both the photo amp frame are very unique It is also very auspicious with 2 snow lions amp 2 dragons Took the pic in house of late Ap Chopel La where I occasionally buy fresh bale or Tibetan bread https t co PQKiz60DnI , TenzingLamsang , ,18404,Thimphu 
1/23/20 4:13, New China virus Cases triple as infection spreads to Beijing and Shanghai BBC https t co B8wJRE382a , gasebtandin , ,2263,Thimphu 
1/23/20 4:12, Coronavirus China advises against travel to Wuhan as deaths surge BBC https t co mHr16Rym0i , gasebtandin , ,2263,Thimphu 
1/23/20 4:04, Coronavirus explained What you need to know CNN https t co oGbFbG1Ypu , gasebtandin , ,2263,Thimphu 
1/23/20 4:00, Reports Death toll from new pneumonia rises to 17 NHK WORLD JAPAN News https t co pgQpRtdIdz , gasebtandin , ,2263,Thimphu 
1/23/20 3:56, REGISTER NOW Only 29 Days left for big event Bhutan Happiness Marathon Eastern Bhutan on 21st Feb 2020 conceding with birth anniversary of our 5th King Register through following link https t co ssLyRchm19 OR Email bhutannorter gmail com or bhutannorter bhutannorter com https t co iQh0dNGwZP , bhutannorter , ,28,Thimphu 
1/23/20 3:40, TREKKING IN BHUTAN Whether you are looking for a day hike or a strenuous adventure We offer it all Pristine mountain lakes imposing glaciers and some of the world xe2 x80 x99s most endangered species await you in the Himalayas List of country xe2 x80 x99s finest treks trekkingInBhutan Hikking https t co V4PmvwS4eV , bhutannorter , trekkingInBhutan Hikking ,28,Thimphu 
1/23/20 3:30, good morning Anita https t co dGcGfwPY1z https t co t704FgpOBs , SyedSaa1 , ,1326,Thimphu 
1/23/20 3:15, beauty in Saree https t co aSLYMDgjHq , SyedSaa1 , ,1326,Thimphu 
1/23/20 3:13, walaikum good morning Faiza https t co ShFvtbjERr https t co nBaimyE07A , SyedSaa1 , ,1326,Thimphu 
1/23/20 3:11, ColorsTV Vivo India BeingSalmanKhan No i dnt want to see thm together sid is beta alone , kezwon , ,3,Thimphu 
1/23/20 3:09, On the joyous occasion of Her Royal Highness Princess Kezang Choden Wangchuck xe2 x80 x99s Birth Anniversary the Tourism Council of Bhutan would like to join the Nation in wishing Her Royal Highness a very Happy Birthday la We offer our prayers for continued happiness and good health https t co m04XHxILeo , tourismbhutan , ,10384,Thimphu 
1/23/20 3:01, good morning beautiful Cristina https t co KvTdkv2PD6 https t co h6xdIuOuMZ , SyedSaa1 , ,1326,Thimphu 
1/23/20 2:59, good morning dear Repa look very fresh https t co KpITbcR5O7 https t co m8zL7sOdEh , SyedSaa1 , ,1326,Thimphu 
1/23/20 2:56, good morning Reena https t co 76OsqrQitc https t co jaOxPZxF6H , SyedSaa1 , ,1326,Thimphu 
1/23/20 2:50, good morning my blue queen https t co WRlfiOqKdH https t co lKDnHwFYBV , SyedSaa1 , ,1326,Thimphu 
1/23/20 1:46, EASPORTSFIFA dele official Give us the Hueng Min Son SBC or headliner https t co 636CYOM0Np , chunjurrinchhen , ,185,Thimphu 
1/23/20 1:36, It is conveniently trendy to be a liberal in the social media , dorpen71 , ,1034,Thimphu 
1/23/20 0:07, ycrinzin chokey Maybe be for cid as printing is done in tpu for others no I suggest complete the process in dzongkhag if you are there and collect your card from tpu , Tobgay3 , ,103,Thimphu 
1/22/20 23:49, abhi so kar utha hoon dear good morning Anum https t co lBhXMXvVgm https t co eJBfupeqRc , SyedSaa1 , ,1326,Thimphu 
1/22/20 20:38, BTSARMY forever xf0 x9f x92 x9c xf0 x9f x92 x9c xf0 x9f x92 x9c xf0 x9f x92 x9c xf0 x9f x92 x9c xf0 x9f x92 x9c xf0 x9f x92 x9c xf0 x9f x92 x9c , selden e , BTSARMY ,4,Paro 
1/22/20 20:00, Tune in to Episode 22 to watch Mark taste delicacies from various districts of Bhutan all in one dish The episode premieres on our Facebook and YouTube pages on Thursday at 10 00AM EST 11 30PM BTT https t co x4BJs2LyMk , MyBhutan , ,932,Thimphu 
1/22/20 19:25, lets have a try pagal ho jao gi Dania https t co mEzZpexg4x , SyedSaa1 , ,1326,Thimphu 
1/22/20 19:25, beauties in Saree https t co lAD5J4K6SO , SyedSaa1 , ,1326,Thimphu 
1/22/20 19:03, If someone leaves you just remind yourself that they ain t Taehyung xf0 x9f x92 x9c xf0 x9f x92 x9c xf0 x9f x92 x9c xf0 x9f x92 x9c xf0 x9f x92 x9c xf0 x9f x92 x9c xf0 x9f x92 x9c xf0 x9f x92 x9c xf0 x9f x92 x9c xf0 x9f x92 x9c xf0 x9f x92 x9c xf0 x9f x92 x9c bts twt xf0 x9f x92 x9c , selden e , ,4,Paro 
1/22/20 19:02, JosephSimmm thenickmayorga xf0 x9f x92 x9c xf0 x9f x92 x9c xf0 x9f x92 x9c xf0 x9f x92 x9c xf0 x9f x92 x9cI love you so much Jojo xf0 x9f xa5 xb0 xf0 x9f xa5 xb0 xf0 x9f xa5 xb0 xf0 x9f xa5 xb0 , selden e , ,4,Paro 
1/22/20 18:51, thanks https t co 0JU4fKV4FV https t co nejC4qlLll , SyedSaa1 , ,1326,Thimphu 
1/22/20 18:49, IamSinghaniya GnAkshay2 sidharth shukla Playing woman card like flushmi StopTorturingSid , YBhutanese , StopTorturingSid ,180,Thimphu 
1/22/20 18:47, hello ayesha now I m in Islamabad some pics of the journey posted for you https t co svVCh6CXxO https t co fKYXH6DxjM , SyedSaa1 , ,1326,Thimphu 
1/22/20 18:47, IamSinghaniya Taking footage StopTorturingSid , YBhutanese , StopTorturingSid ,180,Thimphu 
1/22/20 18:41, this is the solution https t co yFIrxyFuHd https t co a6YFmHgwzZ , SyedSaa1 , ,1326,Thimphu 
1/22/20 18:38, KhabriKaPapa GnAkshay2 BiggBoss Fakenazz did enough n we saw a lot ColorsTV BeingSalmanKhan please kindly take action for her against Sid She was torturing Sid mentally till now but promo she is torturing Sid physically too Pagaaal ladki StopTorturingSid , YBhutanese , StopTorturingSid ,180,Thimphu 
1/22/20 18:28, ColorsTV Vivo India BeingSalmanKhan Flushmi seems irritating even more Vote for Mahira StopTorturingSid , YBhutanese , StopTorturingSid ,180,Thimphu 
1/22/20 18:25, ColorsTV sidharth shukla Vivo India BeingSalmanKhan fakenazz tortured Himamshi alot earlier and now its Sid bit i know Sid will never be in her trap Between sh exposed her dirty game herself StopTorturingSid , YBhutanese , StopTorturingSid ,180,Thimphu 
1/22/20 18:08, dhruvrastogi04 Yeah I am happy for his final hearing towards fakenazz StopTorturingSid , YBhutanese , StopTorturingSid ,180,Thimphu 
1/22/20 18:07, sambhavnaseth PrincuThakur BiggBoss ColorsTV We Sidhearts are happy for his final hearing towards fakenazz StopTorturingSid , YBhutanese , StopTorturingSid ,180,Thimphu 
1/22/20 18:03, ColorsTV Vivo India BeingSalmanKhan Keep her away from Sid StopTorturingSid , YBhutanese , StopTorturingSid ,180,Thimphu 
1/22/20 17:49, DrJillStein Much Respect , Bhutan is , ,85,Thimphu 
1/22/20 17:23, Mothers will always be mothers https t co 2yUxrpdrDO , gasebtandin , ,2263,Thimphu 
1/22/20 16:57, Dochula Pass is one of the most scenic locations in the entire kingdom offering a stunning panoramic view of the Himalayan mountain range xe2 x80 x8b coldwinter colderdochula photographybhutan explorebhutan destinationbhutan travelbeautifulbhutan asia acholalatoursandtravels https t co d0hBI5iwUm , AcholalaT , acholalatoursandtravels ,5,Thimphu 
1/22/20 16:49, He is right and i love your words StopTourturingSid https t co pZswjnOkrf , YBhutanese , StopTourturingSid ,180,Thimphu 
1/22/20 16:13, 13SkyDance Rd2101998 Happy birth day ParasOurPride , YBhutanese , ParasOurPride ,180,Thimphu 
1/22/20 16:11, iAmVJAndy sidharth shukla shehnaazshine What he said about Fakenazz s parents Dont dare to take someone s words in ve way He was just trying to sat that A DAUGHTER WHO CANT RESPECT HER PARENTS CANT RESPECT anybody in her life Blind people bluffing here StopTorturingSid , YBhutanese , StopTorturingSid ,180,Thimphu 
1/22/20 15:55, NamlocJojo Nice trad , Kradoukiel , ,117,Thimphu 
1/22/20 15:54, chokey For CID they process from the Dzongkhag Printing is done in Tpu Delivery ll take some time However you can process from dzongkhag and collect from tpu , Tobgay3 , ,103,Thimphu 
1/22/20 15:44, We are up early and in the office hashing out last minute details for BoatSmith Looking forward to a lunch date with SOTAR this afternoon , offwidthe , ,166,Thimphu 
1/22/20 15:37, Bluntmeethi PranithShetty16 Even i am not able to attend trends every time because of my busy schedules Hope other viewers n supporters will do understand me StopTorturingSid , YBhutanese , StopTorturingSid ,180,Thimphu 
1/22/20 15:36, gulumithi good evening friend reach Islamabad I m on my way to islamabad at motorway https t co aINIzlm8Gy , SyedSaa1 , ,1326,Thimphu 
1/22/20 15:33, Always wanted to ride a bike now my dream finally came true xf0 x9f xa4 xad xf0 x9f xa4 xad https t co 4Z4CYqsQGA , zzezenn , ,1778,Thimphu 
1/22/20 15:22, Father as we lay down in the care and comfort of Your loving arms tonight please give us peace protection and good sleep Let us rest in the covering of the Holy Spirit In Jesus Name AMEN , GenuineShadow , ,383,Thimphu 
1/22/20 14:46, Immune cell which kills most cancers discovered by accident by British scientists in major breakthrough https t co wcWxz7XvLp , nangseld123 , ,5,Thimphu 
1/22/20 14:25, BBS 2 Live TV Update Paro FC 3 2 Defenders FC at the first leg match of AFC qualifiers in Colombo Sri Lanka https t co VviZc8rhu7 , gasebtandin , ,2263,Thimphu 
1/22/20 14:11, Paro Football Club 2 2 Defenders Sri Lanka So far https t co K2CcYVouXD , PaSsu Diary , ,5970,Thimphu 
1/22/20 14:02, chokey don xe2 x80 x99t worry things will get better Government is working on building a system which will ease people on situations like yours But have to wait one two years cause now our country moving towards advancement of technologies , sonamtenzin244 , ,525,Thimphu 
1/22/20 11:31, You often put your best foot forward because you excel with yo More for Capricorn https t co p6mL9a2MGB , yiwangpindarica , ,6939,Thimphu 
1/22/20 11:28, Contradicting Supreme Court orders confuse courts https t co PgdsM5w0xx , ChhedupSangay , ,916,Thimphu 
1/22/20 10:07, The cheaper way to travel to Bhutan from UK is via Kathmandu Flight from UK to Kathmandu cost only xc2 xa3465 and from Kathmandu to Paro for 465 , Drukzon , ,7,Thimphu 
1/22/20 9:20, The Economist Intelligence Unit EIU has released its Democracy Index for 2019 Bhutan ranks at 91 a spot above Nepal We are clubbed under xe2 x80 x9cHybrid regime Our ranking has gradually improved since 2008 but has not changed since 2018 https t co jPmKnKA7St , namgayzam , Bhutan Nepal ,20645,Thimphu 
1/22/20 9:17, chokey Need birth certificate Go to Thimphu you can get from Dzongkhg thromde too Need hard copy of security clearance Go to Thimphu renew your CID which expires after a week of you flying out of country for two years Go to you can get from Dzongkhg thromde too , Tobgay3 , ,103,Thimphu 
1/22/20 8:25, beaadmires1D I M SO PROUD OF LOUIS TOMLINSON , 1d choden , ,413,Paro 
1/22/20 8:02, Entertainment ignites ideas and possibilities that go far beyo More for Virgo https t co ytH6jMhay1 , czdorji , ,2211,Thimphu 
1/22/20 8:01, Although it may go against your better judgment you still may More for Sagittarius https t co FfKav1h4Nc , kintsho bht , ,28,Thimphu 
1/22/20 8:01, It may sound like a brave strategy to charge into whatever fra More for Taurus https t co EECfQYA8HL , cixx67 , ,1494,Thimphu 
1/22/20 8:00, You are determined to create a future that supports your perso More for Pisces https t co uojyhA9mo8 , LobzangYeshey1 , ,301,Thimphu 
1/22/20 7:53, Iranian MP puts 3m bounty on President Donald Trump s head AJENews https t co BkjCQ3AlvV , ChhedupSangay , ,916,Thimphu 
1/22/20 7:47, Good times are good memories xe2 x9d xa4 xf0 x9f x92 x8b https t co 1CORM7X7DS , WangMo53147947 , ,1,Thimphu 
1/22/20 7:40, The irony of life is that nothing is really valuable What makes our lives most beautiful most satisfying most fulfilling and most happy are rather root causes of our sufferings We are just an actor Our scripts of present and previous deeds simply direct our action , ChhedupSangay , ,916,Thimphu 
1/22/20 7:31, The third and final day of the annual lo chey Wangdiphodrang https t co oZe4gGISav , GasebDendup , ,11,Thimphu 
1/22/20 7:30, arirang ASC the verivery finally , baka agashi , ,10,Thimphu 
1/22/20 7:20, Discussions on bail provision Some corrections it s not Section 14 of the Constitution its Article 7 16 of the Constitution When Constitution provides right to presume innocent doesn t mean whoever is charged and arrested are presumed guilt https t co sEYP6rh5Mk , ChhedupSangay , ,916,Thimphu 
1/22/20 6:44, kamaalrkhan BeingSalmanKhan Who the hell are you to ask when Asims father isn t asking , Tandy38410231 , ,5,Thimphu 
1/22/20 6:30, Editorial Our Views amp Perspectives Leveling the playing field https t co IhFWvu6EA3 , business bhutan , ,9357,Thimphu 
1/22/20 6:28, Dagapela xe2 x80 x93 Dalbari Road to complete by June this year https t co USXqx8nIbh https t co PV4QpQfOR3 , business bhutan , ,9357,Thimphu 
1/22/20 6:22, Govt to introduce GST at 7 https t co bmvQqnAU7M https t co 4bIBMS17AE , business bhutan , ,9357,Thimphu 
1/22/20 6:16, Poor budgeting affects country xe2 x80 x99s judicial system https t co lCntTn59X4 https t co aLaAGBV0Y6 , business bhutan , ,9357,Thimphu 
1/22/20 6:07, Native sheep population in Phobjikha halved https t co 1J6xdf2Abw https t co VDdYrav3My , business bhutan , ,9357,Thimphu 
1/22/20 6:03, Physically challenged friendly footpaths being built in P ling https t co pdx8doB8ci https t co L85AlGmXpH , business bhutan , ,9357,Thimphu 
1/22/20 6:00, PIT exemption ceiling to be to Nu 300 000 from Nu 200 000 https t co MdbinC2Ej2 https t co rmoKk02eqr , business bhutan , ,9357,Thimphu 
1/22/20 5:36, AlexeiKornienco NokiaMobile Exactly Lots of issues with android 10 specially the Google camera not functioning , mitty 347 , ,3,Thimphu 
1/22/20 5:31, fumblypd HillaryClinton Yeah Shut Up Stormzy style , Bhutan is , ,85,Thimphu 
1/22/20 4:37, We xe2 x80 x99ve seen remarkable progress xe2 x80 x94extreme poverty and child mortality rates are falling access to energy education and decent work is rising But we are far from the world we want The Decade of Action aims to spark an unstoppable force to reach the GlobalGoals ForPeopleForPlanet https t co nkoAdDYkfa , unbhutan , GlobalGoals ForPeopleForPlanet ,1348,Thimphu 
1/22/20 3:59, RealVinduSingh BiggBoss ColorsTV EndemolShineIND Sid shud win dis season wil b remembered fr sid , kezwon , ,3,Thimphu 
1/22/20 3:38, gulumithi good morning Aalu G proceeding towards islamabad https t co tgErAf2Cwi , SyedSaa1 , ,1326,Thimphu 
1/22/20 3:36, Dear JeffBezos I would like to bring Amazon to our beautiful kingdom of Bhutan and deliver business for the 21st century Please help me start Amazon Bhutan , dawapenjor , ,1241,Thimphu 
1/22/20 3:05, gulumithi good morning friend ready to proceed Islamabad Cu https t co DevBDHqwUE , SyedSaa1 , ,1326,Thimphu 
1/22/20 1:35, Babcock has my computer and is working on BoatSmith shit The lodge is warm , offwidthe , ,166,Thimphu 
1/21/20 20:00, Tune in to Episode 21 to watch Mark Wiens explore the nature trails of Phobjikha valley find the endangered black necked cranes and eat farm food The episode premieres on our Facebook and YouTube pages on Wednesday at 10 00AM EST 11 30PM BTT https t co FJToYorvrb , MyBhutan , ,932,Thimphu 
1/21/20 18:56, MonaSin04036066 VijMahhi n u didnt see sana talking abt sid to other hm , kezwon , ,3,Thimphu 
1/21/20 18:54, RealVinduSingh ApologiseToSidharthShukla asim is too much nw , kezwon , ApologiseToSidharthShukla ,3,Thimphu 
1/21/20 18:27, I m inviting you to join Use 2 Earn a site that lets you earn money with social media I just earned 55 00 and you can too Sign up today for a 25 on https t co e5sRpwcqeG https t co X5Da8CdM6P , Youtee506 , ,23,Thimphu 
1/21/20 18:26, Abrar2559047597 No regret No sorry on that ugly face StopUsingSidForTRP , YBhutanese , StopUsingSidForTRP ,180,Thimphu 
1/21/20 18:25, Imkgauravmishra vikingsaurabh RealVinduSingh Yeah I am with StopUsingSidForTRP , YBhutanese , StopUsingSidForTRP ,180,Thimphu 
1/21/20 18:24, ColorsTV sidharth shukla imrealasim Vivo India BeingSalmanKhan Are u blind ColorsTV Irritating question putting up StopUsingSidForTRP , YBhutanese , StopUsingSidForTRP ,180,Thimphu 
1/21/20 18:23, JThakers I am alway late for the trend StopUsingSidForTRP , YBhutanese , StopUsingSidForTRP ,180,Thimphu 
1/21/20 18:07, ColorsTV sidharth shukla Vivo India BeingSalmanKhan Sid knew A Z about bloody Fakenazz Better keep Sid away from that poison moti , YBhutanese , ,180,Thimphu 
1/21/20 18:00, ColorsTV sidharth shukla Vivo India BeingSalmanKhan Pagaal Keep that moti away from Sid Both Asim n Fakenazz torturing Sid mentally , YBhutanese , ,180,Thimphu 
1/21/20 18:00, Meet Lobsang Nima our featured Guide of the Week While planning your trip with MyBhutan you may either let us choose one of our staff guides for you or browse profiles to match with your favorite freelance guide MyBhutan MyBhutanGuide MyBhutan MyBhutanGuide https t co bUMs28gZ5A , MyBhutan , MyBhutan MyBhutanGuide MyBhutan MyBhutanGuide ,932,Thimphu 
1/21/20 17:56, ColorsTV Vivo India BeingSalmanKhan fakenass kick to her ass Irritating always , YBhutanese , ,180,Thimphu 
1/21/20 17:51, ColorsTV eyehinakhan Vivo India BeingSalmanKhan I already knew she wont give it to any one Biased hina fucking , YBhutanese , ,180,Thimphu 
1/21/20 17:31, beauty in saree https t co 712DgijBvP , SyedSaa1 , ,1326,Thimphu 
1/21/20 17:00, gulumithi ok friend I m too much tired cu tomorrow from Islamabad goodnight https t co oWgW7elZ3o , SyedSaa1 , ,1326,Thimphu 
1/21/20 16:34, good night Abha https t co rfVIpfzqtB https t co TlFH38U7s7 , SyedSaa1 , ,1326,Thimphu 
1/21/20 16:00, It is Winter in Bhutan This is a beautiful season to visit Season Bhutan MyBhutan https t co UqP7Pu7KXS , MyBhutan , Bhutan Season Bhutan MyBhutan ,932,Thimphu 
1/21/20 15:58, jub in Sending Sara and you all my love Rejoicing in the beautiful lives you two live Always in the present always in the change xf0 x9f x99 x8f xf0 x9f x8c xb8 , kuengawangmo , ,1898,Thimphu 
1/21/20 15:47, thanks tomorrow vl proceed to islamabad https t co zmYzNLV3ZR , SyedSaa1 , ,1326,Thimphu 
1/21/20 15:35, hello Alien I m in Lahore https t co fYzyrfS12y https t co WeKfFvwzEN , SyedSaa1 , ,1326,Thimphu 
1/21/20 15:20, From a different time in April 2016 when Republican Party leadership was fighting tooth amp nail to keep Trump out I got this pen from Indiana Republican Party HQ which was a clear snub to Trump They were rooting for their last hope Ted Cruz who dropped out a few days later https t co MFLIIzovgN , TenzingLamsang , ,18404,Thimphu 
1/21/20 15:05, Fucksake kitten I am up and have been for hours take a break so I can nap kittensareweird nosleep , offwidthe , kittensareweird nosleep ,166,Thimphu 
1/21/20 14:42, kamaalrkhan How can your kids be in Bollywood when they are as ugly as u xf0 x9f xa6 x8d xf0 x9f xa6 x8d xf0 x9f xa6 x8d , Tandy38410231 , ,5,Thimphu 
1/21/20 14:04, LORD let us remember we have work to do for Christ tomorrow so may we rest and restore our mind body and soul under the power and protection of the Holy Spirit as we lay down tonight We pray all things according to the will of God In Jesus Name Amen , GenuineShadow , ,383,Thimphu 
1/21/20 13:19, NokiaMobile When will Nokia 7 1 get January security patch update , mitty 347 , ,3,Thimphu 
1/21/20 11:31, There is little that can stand between you and your ambitious More for Capricorn https t co p6mL9a2MGB , yiwangpindarica , ,6939,Thimphu 
1/21/20 11:25, gulumithi way to Lahore just arrived at Lahore https t co hsF3QciPfX , SyedSaa1 , ,1326,Thimphu 
1/21/20 11:01, Nothing inspires me more than being able to talk with children https t co zyfy0wMDR5 , monutamang , ,319,Thimphu 
1/21/20 10:21, Air Ticket Quotation https t co Rk7trIkIJT , umsb123 , ,44,Thimphu 
1/21/20 10:10, Should visit Laring when you are in Sarbhang Bhutan , webnuk , ,82,Thimphu 
1/21/20 8:17, White sport hunting and nature preservation went hand in hand while traditional African hunting was antithetical to preservation , pnamgyel , ,560,Thimphu 
1/21/20 8:10, Under colonial conservation laws collection of fuelwood became wood theft hunting of animals became poaching amp pasturing cattle became grazing trespass National parks amp conservation laws are at once one part of the wider process of land amp resource grab by the colonial state https t co q7rnQs9iM2 , pnamgyel , ,560,Thimphu 
1/21/20 8:02, Standing on the cusp of a new vista is unsettling at first Bu More for Virgo https t co ytH6jMhay1 , czdorji , ,2211,Thimphu 
1/21/20 8:01, DRDO India has been in news a lot lately from this successful test to its Astra air to air missile being incorporated into fighter fleet LAC success missile shield etc In earlier years DRDO was not exactly a byword for efficiency Genuinely surprised What changed https t co N5hRjJbeJq , TenzingLamsang , ,18404,Thimphu 
1/21/20 8:01, Your adventurous heart propels your mind to higher heights Ho More for Sagittarius https t co FfKav1h4Nc , kintsho bht , ,28,Thimphu 
1/21/20 8:01, Expanding your career options is your primary goal now Howeve More for Taurus https t co EECfQYA8HL , cixx67 , ,1494,Thimphu 
1/21/20 8:00, At your core you know that you xe2 x80 x99re meant for something more tha More for Pisces https t co uojyhA9mo8 , LobzangYeshey1 , ,301,Thimphu 
1/21/20 5:49, People suspect this as an attempt to vandalism They narrate that the criminals must have thought this young monk as a caretaker of a Lhakhang Insane , ChhedupSangay , ,916,Thimphu 
1/21/20 5:44, Somewhere in the eastern Bhutan I hear an act of serious criminals Yesterday evening a young monk went missing after toilet and when searched he was found his hands tied his head covered by a large sack and abandoned in a cold freezing forest This is scary , ChhedupSangay , ,916,Thimphu 
1/21/20 5:25, Allowance for mother and child healthcare to be given from February https t co 0TfHzADYhs https t co Pal4l1LbQZ , business bhutan , ,9357,Thimphu 
1/21/20 5:19, Regional tourists to pay SDF of US 16 25 per person https t co zmSg1XQavp https t co wOzKuwWlxx , business bhutan , ,9357,Thimphu 
1/21/20 5:10, Govt holds Public Private Dialogue on GST https t co SauKpC3Y0q https t co br7DRCrLgR , business bhutan , ,9357,Thimphu 
1/21/20 5:06, Govt to come up with common center for industrial park applicants https t co YM8WFQyeUB https t co 7AYThN5eqR , business bhutan , ,9357,Thimphu 
1/21/20 5:01, NC defers decision on removal of unnatural sex clause https t co yNglh2FFLh https t co cbgrqBe4PW , business bhutan , ,9357,Thimphu 
1/21/20 4:54, Students trained on entrepreneurship https t co iCnYR7paZL https t co 9iZ3qkMn47 , business bhutan , ,9357,Thimphu 
1/21/20 4:51, 15 specialists from Bangladesh to arrive by mid February https t co fivwR0WnHp https t co CeHwxQWyW4 , business bhutan , ,9357,Thimphu 
1/21/20 4:11, He trusted his fans and told every little pieces that he thought his fans needed to know and what he got out of all the trust that he showed He truly doesn t deserves that What about weareone thing Did once fan forgot that now Chenstay xe2 x9c x8a xe2 x9c x8a xe2 x9c x8a , Tsherin01031084 , Chenstay ,4,Thimphu 
1/21/20 3:25, gasebtandin In our village we have to take buckets of thuep to the neighbors As children it was our job early in the morning This is better la xf0 x9f x98 x8a , Chhimmy , ,1677,Thimphu 
1/21/20 3:19, Family photo village break attendrituals , reenchentravels , ,18,Thimphu 
1/21/20 3:02, Today is the perfect day to celebrate and thank God for giving you Happy birthday to you my son Let xe2 x80 x99s celebrate today to another year filled with health happiness love and success , gasebtandin , ,2263,Thimphu 
1/21/20 2:48, LORD I can t we can t but YOU CAN THANK YOU for teaching me GOD can do ANYTHING Thank You for NEVER letting us DOWN and NEVER letting us GO Thank YOU for being our God and may we always be Your people PRAISE YOUR HOLY NAME In Jesus Name AMEN , GenuineShadow , ,383,Thimphu 
1/21/20 2:47, gm lonely https t co Lm8CNmtCFa https t co ocpr2la4LH , SyedSaa1 , ,1326,Thimphu 
1/21/20 2:45, pikksuger Im crying what the fuck is ur luck but TWINS did u name them , Caniiibal , ,10,Thimpu 
1/21/20 2:33, Blessings and happiness to you all Have a wonderful day thimphu thimphubhutan Changangkha https t co eKBKC0wERd , Bhutantravels , thimphu thimphubhutan ,1081,Bhutan 
1/21/20 2:31, Blessings from Bhutan The Land of Gross National Happiness Dochula Pass https t co LYhcxg0Hn9 , Bhutantravels , ,1081,Bhutan 
1/21/20 2:26, gulumithi view of Multan from hotel https t co fED2th0Xr2 , SyedSaa1 , ,1326,Thimphu 
1/21/20 2:22, India xe2 x80 x99s 71st Republic Day will be celebrated in the morning of 26th January 2020 at the India House Estate The National Flag xf0 x9f x87 xae xf0 x9f x87 xb3 will be hoisted at 9 am All members of the Indian community and Bhutanese friends of India are welcome to attend the event MEAIndia IndianDiplomacy https t co sp4zXrjZvb , Indiainbhutan , ,7827,Thimphu 
1/21/20 2:22, Looking forward to welcoming the delegation to the land of peaceful Dragon xf0 x9f x99 x8f https t co b1pqNJGlia , TingKarr8 , ,27,Thimphu 
1/21/20 2:21, Pokediger1 Poke my I please have robux my friends call me noob cause I don xe2 x80 x99t have robux username firce29961 , WangdiSingay , ,44,Thimphu 
1/21/20 2:18, AyesshaKatpar Good morning Ayesha I m on my tour of Pakistan now In Multan posting some pictures of Sukkur https t co X1ybRhgnMD , SyedSaa1 , ,1326,Thimphu 
1/21/20 2:10, gulumithi good morning dear friend within an hour proceed to Lahore https t co sAjtU1MpYw , SyedSaa1 , ,1326,Thimphu 
1/20/20 21:21, pikksuger give me ur luck bitch wtf , Caniiibal , ,10,Thimpu 
1/20/20 20:16, Matty just ended Adam Levine s career https t co N9E6QB45Wd , Tobgay333 , ,34,Thimphu 
1/20/20 18:53, JThakers RealVinduSingh aanvindersingh Omg whats going on inside bb13 Just because Salman sir told Asim that he is not seen , YBhutanese , ,180,Thimphu 
1/20/20 18:48, SummySunky Tonight s Episode was much irritating , YBhutanese , ,180,Thimphu 
1/20/20 18:47, Khushi09667126 Deepika41896933 ColorsTV BiggBoss See his annoying face ColorsTV what us this why Asim is targeting Sid always https t co 1aMhF2VPf7 , YBhutanese , ,180,Thimphu 
1/20/20 18:45, RealVinduSingh EndemolShineIND BiggBoss ColorsTV OrmaxMedia Most irritating man he is in da bb house he shud be thrown out of da house at da earliest , kezwon , ,3,Thimphu 
1/20/20 18:44, Omg Sid leaving the show , YBhutanese , ,180,Thimphu 
1/20/20 18:00, It is believed by Buddhists in Bhutan that dogs are the nearest life form to humans meaning the next stage of reincarnation after living a good life as a dog is as a human For this reason humans live very closely with dogs in Bhutan bhutan dog dogsofinstagram dogs https t co eYNB28gq4j , MyBhutan , bhutan dog dogsofinstagram dogs ,932,Thimphu 
1/20/20 16:00, This week s featured accommodation is Hotel Bhutan located in Thimphu pc Facebook Rent accommodations in Bhutan here https t co 9TkCjTCxiG Leave a comment below with which district in Bhutan you xe2 x80 x99d like to see the next Accommodation MyBhutanAccommodations https t co 3bYUpy40Cs , MyBhutan , Bhutan MyBhutanAccommodations ,932,Thimphu 
1/20/20 15:27, Conor McGregor just knocked out Donald Cerrone in 40 seconds called his rivals fools and said he s off to party https t co r4aLNTlUlF , Shachagyeltshen , ,124,Thimphu 
1/20/20 15:21, Chilli cultivation at Lhamoidzingkha It is a great opportunity for the residents of the places of south to produce vegetables during the winter bhutan bhutanagriculture winterchillies foodselfsufficiency organicfarming organicfood organic bhutanese https t co waaQMBkn1s , Fuentsho , bhutan bhutanagriculture winterchillies foodselfsufficiency organicfarming organicfood organic bhutanese ,382,Thimphu 
1/20/20 15:17, WHO Regional Director on Pneumonia Outbreak in China https t co gMBfeYLAYa , LekeytKhandu , ,84,Thimphu 
1/20/20 14:46, It seems to be around epiphany o xe2 x80 x99clock the cat was awoken a few hours ago and decided the fish tank was where it needed a dip I am hopeful for 40 minutes self entertainment catsareweird , offwidthe , catsareweird ,166,Thimphu 
1/20/20 14:13, Today is the first day of the rest of your life xe2 x9d xa4 xf0 x9f x99 x89 https t co Q5QsHFDe44 , penchu171 , ,3,Thimphu 
1/20/20 13:59, H istory is seen in a rear view mirror while the future is the dark foggy road ahead filled with unknown trouble Alan Caruba rearviewmirror darkfoggyroad photographybhutan explorebhutan destinationbhutan incrediblebhutan travelbeautifulbhutan asia acholalatoursandtravels https t co zzWyZsxUf9 , AcholalaT , acholalatoursandtravels ,5,Thimphu 
1/20/20 13:58, My soul can find no staircase to Heaven unless it be through Earth s loveliness Michelangelo dochula snowcappedmountains nature naturephotography photographybhutan explorebhutan destinationbhutan incredibleview incrediblebhutan travelbeautifulbhutan acholalatoursandtravels https t co IfH57qunUN , AcholalaT , acholalatoursandtravels ,5,Thimphu 
1/20/20 13:44, gulumithi good evening friend i m at Multan tomorrow vl proceed Lahore , SyedSaa1 , ,1326,Thimphu 
1/20/20 12:56, Tashiy92 open recurrent account of Nu 1000 you will save 1000 every month small steps towards saving money xf0 x9f x98 x85 , sonamtenzin244 , ,525,Thimphu 
1/20/20 12:39, Truly UNLIMITED plans that last the whole night starting at just NU 57 Subscribe to your favorite plan now For more information call 7700 xf0 x9f x93 x9e T amp C apply https t co j4lgx51p4p , TashiCell , ,1630,Thimphu 
1/20/20 12:15, kamaalrkhan Wat ever it is AsimRiaz is nothing without SidharthShukla AsimRiyaz only comes in screen when he fights wit Sidhart or else he is cham cha of RashmiDesai Fuck off AsimRiyaz lovers , Tandy38410231 , AsimRiaz SidharthShukla AsimRiyaz RashmiDesai AsimRiyaz ,5,Thimphu 
1/20/20 12:12, namgayzam Aue change your club now , Phuuuuubz19 , ,39,Thimphu 
1/20/20 11:31, Suspicion and intrigue weave a mysterious tapestry today You More for Capricorn https t co p6mL9a2MGB , yiwangpindarica , ,6939,Thimphu 
1/20/20 11:15, MOU on the Nehru Wangchuck Scholarship has recently been renewed This will foster the robust educational ties between xf0 x9f x87 xae xf0 x9f x87 xb3 xf0 x9f x87 xa7 xf0 x9f x87 xb9and strengthen people to people linkages https t co EC9fcPKfRj , Indiainbhutan , ,7827,Thimphu 
1/20/20 9:37, National Council MPs Dear National Council Please Repeal Sections 213 amp 214 Sign the Petition https t co hOvQthBs0Q via Change , kuengawangmo , ,1898,Thimphu 
1/20/20 9:31, TheTweetOfGod NoNatDisasters God concurs , Bhutan is , ,85,Thimphu 
1/20/20 9:18, Two books to read this week Nature Crime and Imposing Wilderness https t co FOh5CC55Ls , pnamgyel , ,560,Thimphu 
1/20/20 8:36, OmairTAhmad chimis joydeepgupta AtikaRehman zofeen28 scurve Should Bhutan xe2 x80 x99s name be reflected in the headline Misleading and factually incorrect as there has been no report of any death or rescue by military in Bhutan , dawapenjor , ,1241,Thimphu 
1/20/20 8:02, The allure of the past has a large impact on how you want to p More for Virgo https t co ytH6jMhay1 , czdorji , ,2211,Thimphu 
1/20/20 8:01, You can magically turn a gnawing annoyance into a significant More for Sagittarius https t co FfKav1h4Nc , kintsho bht , ,28,Thimphu 
1/20/20 8:01, Your heightened sensitivity can send you on an emotional journ More for Taurus https t co EECfQYA8HL , cixx67 , ,1494,Thimphu 
1/20/20 8:00, You might be required to walk a fine line between being assert More for Pisces https t co uojyhA9mo8 , LobzangYeshey1 , ,301,Thimphu 
1/20/20 7:22, JioCinema TeamSidharthFC BeingSalmanKhan Irritating AsimRaiz and love for SidHearts , Kezang18699253 , SidHearts ,1,Thimphu 
1/20/20 4:00, Global Summit on Regenerative Economy World Happiness amp Climate Action in October looks like a very interesting event with international GNH conference coinciding xe2 x81 xa6 CBS GNH xe2 x81 xa9 xe2 x81 xa6 UNSDSN xe2 x81 xa9 xe2 x81 xa6 JeffDSachs xe2 x81 xa9 https t co HUPteZHeQI , NaglerUNDP , GNH ,1552,Thimphu 
1/20/20 3:50, Pema Khandu thinks you could help sign today xe2 x98 x9d xef xb8 x8f https t co ZK2rql2LPv , kpema03 , ,904,Thimphu 
1/20/20 3:44, Sense of ownership We have pathetic sense of ownership over public properties We either use them ruthlessly more of like enemy s properties or shamelessly pocket them for private use I am lately https t co Ipyo8DPkqk , monutamang , ,319,Thimphu 
1/20/20 2:35, LORD help me not to focus on the circumstances of life nor weigh the obstacles standing in the way of Your divine will for my life HELP US TO TRUST YOU GOD Empower us to follow the promptings of the Holy Spirit In Jesus Name Amen , GenuineShadow , ,383,Thimphu 
1/19/20 23:59, Reminds me of Dumtoe incident in early 2009 https t co OoHnAwMFvX , RabiDahal , ,1284,Thimphu 
1/19/20 21:22, this is the solution https t co q5rtLXrGeq https t co kPERIVPXn0 , SyedSaa1 , ,1326,Thimphu 
1/19/20 21:21, agree https t co XmcFBPv6ig https t co s3rhKWUeKI , SyedSaa1 , ,1326,Thimphu 
1/19/20 21:18, this the solution Haya Agree https t co 6qXdGfgTpl https t co oVlcNqXVNr , SyedSaa1 , ,1326,Thimphu 
1/19/20 20:00, Today xe2 x80 x99s featured animal that lives in Bhutan is the Capped Langur pc ZooChat MyBhutanWild Nature wanderlust adventureseeker doyoutravel travelmore goexplore wonderfulplaces openmyworld lovetotravel adventurethatislife roamtheplanet travel instatevel https t co BlUpe81tgX , MyBhutan , Bhutan MyBhutanWild Nature wanderlust adventureseeker doyoutravel travelmore goexplore wonderfulplaces openmyworld lovetotravel adventurethatislife roamtheplanet travel instatevel ,932,Thimphu 
1/19/20 18:48, Woaaahh Well done Liverpool https t co Crf78zmuLT , namgayzam , ,20645,Thimphu 
1/19/20 18:45, This is a solid move to help people I love my church https t co dvrZVktOhs , offwidthe , ,166,Thimphu 
1/19/20 18:29, zhonba LCFC I would rather say they were better for last five minutes and that gave us second goal And yes I wouldn t know if their game plan was enough until the final whistle lol , ChhedupSangay , ,916,Thimphu 
1/19/20 18:22, ManUtd Boys doesn xe2 x80 x99t have confidence at all , Thinley25 , ,315,Thimphu 
1/19/20 18:01, Tune in to Episode 20 to watch Mark Wiens test out his wings with the black necked cranes The episode premieres on our Facebook and YouTube pages on Monday at 10 00AM EST 11 30PM BTT https t co EIsAtvbzQo , MyBhutan , ,932,Thimphu 
1/19/20 17:20, LCFC Okay one word report disappointing , zhonba , ,1623,Thimphu 
1/19/20 16:47, beauty in Saree https t co teiMoNnlqp , SyedSaa1 , ,1326,Thimphu 
1/19/20 16:33, gulumithi Ok friend pls take care of yourself cu tomorrow from Multan Good night https t co OC9R34fmY1 , SyedSaa1 , ,1326,Thimphu 
1/19/20 16:24, Day 11 12 13 14 100 Been doin CSS for the past days Completed it today and now I xe2 x80 x99m planning to try build sth simple 100DaysOfCode , theonlybhu , CSS 100DaysOfCode ,4,Thimphu 
1/19/20 15:57, LCFC As a Leicester City Fan you guys don t deserve to be top 4 Time to go to below 10th position Noticed you guys take every match easy coz you guys think you guys in top 3 Disappointing Week again You guys don t belong to top 4 , zhonba , ,1623,Thimphu 
1/19/20 15:05, LORD let us find rest tonight and thank You for being there when I needed You today thank You for being there when we needed You today and thank You for being there when we cried out for YOU Give us rest https t co 7uaQABX8VQ , GenuineShadow , ,383,Thimphu 
1/19/20 15:03, gulumithi as per your instructions no reply fazool tweet today , SyedSaa1 , ,1326,Thimphu 
1/19/20 13:21, gulumithi At Sukkur stay here as per doctor advice , SyedSaa1 , ,1326,Thimphu 
1/19/20 12:58, The thief comes only to steal and kill and destroy I have come that they may have life and have it to the full John 10 10 , GenuineShadow , ,383,Thimphu 
1/19/20 12:53, Dance of the Raksha Lango in front of all the beauty contestants at Sewgang monastery https t co D09mr7BsxC , ShaTashiDorji , ,964,WangduePhodrang 
1/19/20 12:49, Historical tour https t co 74YzHzLvJJ allaboutbhutan worldtourplan traveltips visitbhutan Wanderlust History , worldtourplan09 , allaboutbhutan worldtourplan traveltips visitbhutan Wanderlust History ,197,Thimphu 
1/19/20 12:39, namgayzam Lol these people need a fake account to even comment Go play Bharakuti or sth boy , Xiao920 , ,63,Thimphu 
1/19/20 11:31, You can make a lot of progress toward your goals if you singul More for Capricorn https t co p6mL9a2MGB , yiwangpindarica , ,6939,Thimphu 
1/19/20 11:26, Snow fallThimphu Bhutan , Tour4Bhutan , ,73,Thimphu 
1/19/20 11:05, fumblypd HarkiranJ Was a wild few sex , Bhutan is , ,85,Thimphu 
1/19/20 10:53, Okay https t co t3wdxkyhsx , namgayzam , ,20645,Thimphu 
1/19/20 9:16, The landscape affects the human psyche the soul the body and the innermost contemplations like music Every time you feel nature deeper you resonate better with her finding new elements of balance and freedom bhutanphotography travelbhutan acholalatoursandtravels https t co JIccMGFqFF , AcholalaT , acholalatoursandtravels ,5,Thimphu 
1/19/20 9:12, xe2 x80 x9cHike more Worry Less xe2 x80 x9d snowcappedmountains sunnyday clouds bluesky majestic incredibleview trek hike trails landscape photographymountains photographybhutan explorebhutan destinationbhutan lonelyplanet travelbeautifulbhutan Asia acholalatoursandtravels https t co mZ59JVNExX , AcholalaT , acholalatoursandtravels ,5,Thimphu 
1/19/20 9:09, The landscape is like being there with a powerful personality and I m searching for just the right angles to make that portrait come across as meaningfully as possible Galen Rowell altitude 4470masl horses trekking trails hike travelbeautifulbhutan acholalatoursandtravels https t co YW5dNeWfTe , AcholalaT , altitude acholalatoursandtravels ,5,Thimphu 
1/19/20 8:55, Here at Sewgang Lhakhang under Nyisho Gewog in Wangdue The festival is organized every after three years https t co 4BmPy1IgQf , ShaTashiDorji , ,964,WangduePhodrang 
1/19/20 8:01, Dismantling the foundations might seem scary today but it xe2 x80 x99s n More for Sagittarius https t co FfKav1h4Nc , kintsho bht , ,28,WangduePhodrang 
1/19/20 8:01, You xe2 x80 x99re a harbinger of getting things off to a fantastic start More for Taurus https t co EECfQYA8HL , cixx67 , ,1494,Thimphu 
1/19/20 8:00, You xe2 x80 x99re in the midst of a cosmic reality check today You xe2 x80 x99re un More for Pisces https t co uojyhA9mo8 , LobzangYeshey1 , ,301,Thimphu 
1/19/20 5:05, This is the best thing I have seen this year https t co vzLV7RgivR , offwidthe , ,166,Thimphu 
1/19/20 4:03, Lost and found A bag containing a hat plastic carpet damzey shirt and jacket found near Tashi cell office Gyelpishing The bag is damaged by dogs The owner may contact 17885281 , nangseld123 , ,5,Thimphu 
1/19/20 3:10, Tune in to Episode 19 for Mark s first taste of homemade Bhutanese food from a family home in Motithang The episode premieres on our Facebook and YouTube pages on Sunday at 10 00AM EST 11 30PM BTT https t co pkDGxg0BAS , MyBhutan , ,932,Thimphu 
1/19/20 2:31, My family xe2 x80 x99s happiest news of 2020 this time my son passed Dzongkha and therefore passed class X , dorpen71 , ,1034,Thimphu 
1/19/20 2:21, Lord give us Your wisdom and knowledge to make the right decisions to take the right path and to walk in Your ways today Please let Your will be done on earth as it is in Heaven In Jesus Name AMEN , GenuineShadow , ,383,Thimphu 
1/19/20 1:05, Clearview AI a facial recognition app will end privacy if there is any privacy left https t co pryhLjLkWz , dorpen71 , ,1034,Thimphu 
1/18/20 23:10, gulumithi good morning friend I m ready to go cu soon vl update you from every City https t co EuTpxD757n , SyedSaa1 , ,1326,Thimphu 
1/18/20 18:33, tsheringchodorj Please do xf0 x9f x92 x93 , namgayzam , ,20645,Thimphu 
1/18/20 18:18, Call me a sensational activist sabotaging legal process xe2 x80 x9d but I m just doing my bit in a country that has been given the gift of democracy Sign the petition to repeal 213 amp 214 folks xf0 x9f x99 x8f xf0 x9f x8f xbc loveislove loveaboveall https t co 1OGYIEOmaa , namgayzam , loveislove loveaboveall ,20645,Thimphu 
1/18/20 18:00, Want to visit Bhutan We are the only platform that lets you a design your trip with a expert experience designer b choose from our favorite experiences OR c craft your own custom experience at the lowest government rate MyBhutan MyBhutanDesign MyBhutanExplorer https t co w2HFghqro9 , MyBhutan , Bhutan MyBhutan MyBhutanDesign MyBhutanExplorer ,932,Thimphu 
1/18/20 17:46, gulumithi good night friend https t co 7btO1VImYU , SyedSaa1 , ,1326,Thimphu 
1/18/20 17:26, Another day https t co f9VSvz3Tlz , offwidthe , ,166,Thimphu 
1/18/20 16:32, NongrumSoni True yaar Really proud of him ChartbusterSid , YBhutanese , ChartbusterSid ,180,Thimphu 
1/18/20 16:18, Omg RealVinduSingh on bb13 Happy to see you sir ChartbusterSid , YBhutanese , ChartbusterSid ,180,Thimphu 
1/18/20 16:16, RealVinduSingh BeingSalmanKhan Hellow guys Sorry i am late for the trends i guess ChartbusterSid , YBhutanese , ChartbusterSid ,180,Thimphu 
1/18/20 15:46, imVkohli Good to see you in Bhutan Love from Bhutan xe2 x9d xa4 xe2 x9d xa4 xe2 x9d xa4 , penchu171 , ,3,Thimphu 
1/18/20 15:23, If time is a measure of cycles why can xe2 x80 x99t life be so , Somplextob , ,158,Thimphu 
1/18/20 14:32, broken https t co zvLtlBKKtW , SyedSaa1 , ,1326,Thimphu 
1/18/20 13:37, venkat s soviet roy Wow sir it just blocked my mind , cege79 , ,23,Thimphu 
1/18/20 13:30, jamesbernstein TenzingLamsang tsheringtobgay Probably not since it is a green machine , jamja79 , green ,494,Thimphu 
1/18/20 13:23, antithesis 1 sidgoyal1 Poor videography skill xf0 x9f x98 x80 , jamja79 , ,494,Thimphu 
1/18/20 12:49, travel long drive https t co 5A8XdqSoqv https t co 8UVun32iWf , SyedSaa1 , ,1326,Thimphu 
1/18/20 12:48, InternationalSpaceStation just crossed Bhutan xe2 x80 x99s space https t co eW0pc5kVCC , jamja79 , InternationalSpaceStation Bhutan ,494,Thimphu 
1/18/20 12:41, ChelseaFC Hublot From kingdom of Bhutan , TsheringJatsho , ,16,Thimphu 
1/18/20 12:37, ChhedupSangay Simply turn gelepgu and yonphula as entry point , cringngedup3 , ,48,Thimphu 
1/18/20 11:31, Your warmth and eagerness can break any ice in familiar or unf More for Capricorn https t co p6mL9a2MGB , yiwangpindarica , ,6939,Thimphu 
1/18/20 11:24, Useful news for Bhutanese shoppers https t co s1VIoMgrlr , TenzingLamsang , ,18404,Thimphu 
1/18/20 11:10, beauties in saree https t co sdLt9e2W9r , SyedSaa1 , ,1326,Thimphu 
1/18/20 10:54, coffee for you dear https t co Rl9qRimzJs https t co FAwBprbvuK , SyedSaa1 , ,1326,Thimphu 
1/18/20 10:12, Join us the mediation at the meditation cave at Dochula Dochula Pass https t co 0FL9r3KIib , Bhutantravels , ,1081,Bhutan 
1/18/20 10:08, Welcome to Bhutan and enjoy with the pristine environment of the country Dochula Pass https t co rnSzjyNKZ7 , Bhutantravels , ,1081,Bhutan 
1/18/20 8:20, Major changes as India moves to have a more well coordinated military with a joint command system https t co tDLggF8aKf , TenzingLamsang , ,18404,Thimphu 
1/18/20 8:18, ashokb56 I hear Delhi govt schools have improved a lot under AtishiAAP , TenzingLamsang , ,18404,Thimphu 
