2019-12-28 17:25:45, Happy birthday my dear Zigsel LhendrupGyeltshen May this new year bring you ample joy and happiness , nangseld123 , ,5,Thimphu 
2019-12-28 17:15:19, Thank you 2019 for everything hoping Ang praying for the best for the year 2020 , BhutanLeading , ,16,Thimphu 
2019-12-28 17:11:50, Do you see what I see If not try zoom in Happiness Thimphu Bhutan https t co hENRE1xhHR , bhutan majestic , ,1119,Thimphu 
2019-12-28 16:49:55, Reached safely xe2 x80 x94 in Washington D C https t co YUp0yoj0LA , RabiDahal , ,1282,Thimphu 
2019-12-28 16:47:03, kamaalrkhan The big star of Bollywood xf0 x9f xa4 xa3 xf0 x9f xa4 xa3 xf0 x9f xa4 xa3 https t co C1qkwUgnSi , Tandy38410231 , ,2,Thimphu 
2019-12-28 16:43:19, kamaalrkhan kamaalrkhan try acting urself I am imagining how you will react when no one will be there to watch your movie apart from you family xf0 x9f xa4 x90 xf0 x9f xa4 x90 xf0 x9f xa4 x90 , Tandy38410231 , ,2,Thimphu 
2019-12-28 16:34:21, There were times I d put just xe2 x82 xb9100 worth of petrol in my tank while other times xe2 x82 xb9500 I ve had just xe2 x82 xb950 to feed myself and my family I ve also had xe2 x82 xb910 000 to go out to eat I xe2 x80 x99ve had a house full of food and I https t co dLDHeknv8f , ucdorji , ,311,Thimphu 
2019-12-28 16:18:14, kamaalrkhan ColorsTV kamaalrkhan the one whom u hate cannot be alys wrong Feeling funny man xf0 x9f xa4 xad xf0 x9f xa4 xad xf0 x9f xa4 xad , Tandy38410231 , ,2,Thimphu 
2019-12-28 15:29:21, Interaction with the students participating Camp RUF Rural Urban Friendship at Panbang on importance of biodiversity conservation https t co afP0DeYtUb , BhuBioPortal , ,156,Thimphu 
2019-12-28 14:59:00, Thank you dis xf0 x9f x92 x93 https t co hWOY5ocWUH , namgayzam , ,20481,Thimphu 
2019-12-28 14:25:54, The Ministry of Agriculture and Forests appreciates the efforts taken by the Dzongkhags in fulfilling the Government s objectives of the SchoolFeedingAndHospitalProgramme https t co bN3arc1eum , moafbhutan , SchoolFeedingAndHospitalProgramme ,407,Thimphu 
2019-12-28 13:40:10, itsrotje Ow ow , classyliaa , ,172,Thimphu 
2019-12-28 13:05:39, This is the best Lomba poster For professional branding and promotion works get in touch with iBEST STUDIOS https t co HzNsaVkx5c , PaSsu Diary , ,5950,Thimphu 
2019-12-28 11:31:41, Your strategic ingenuity is more successful in fulfilling a de More for Capricorn https t co p6mL9a2MGB , yiwangpindarica , ,6942,Thimphu 
2019-12-28 10:54:02, I thought I was a good cook until I end up preparing a cheeseless emadatshi and a watery mushroom for my family and guest during lomba criticised badly , Kenchoo7 , criticised badly ,308,Paro 
2019-12-28 09:21:49, EBGamesAus FIFA is always my guilty pleasure game Huge fan of soccer but not a fan of EA Wish Konami did a better job with pes so I could play that instead , chunjurrinchhen , ,185,Thimphu 
2019-12-28 08:43:09, Yedorj thebhutanese Many educated family send their kid to school before 5 Most age 6 kids in rural are still not in school Now when it xe2 x80 x99s made 5 Urban animals feel something is taken away from them , cringngedup3 , ,48,Thimphu 
2019-12-28 08:04:23, EASPORTSFIFA premierleague Giving us useless cards like these when it s already half season passed We should be getting minimum 85 rated with good stats These are xf0 x9f x92 xa9 , chunjurrinchhen , ,185,Thimphu 
2019-12-28 08:02:46, Your experimental attitude leads you through doors now you nev More for Virgo https t co ytH6jMhay1 , czdorji , ,2199,Thimphu 
2019-12-28 08:02:23, Neil Druckmann Should have gone with the new game s model This one looks like a child s head was fit into an adult s body xf0 x9f xa4 xa3 , chunjurrinchhen , ,185,Thimphu 
2019-12-28 08:01:16, A casual conversation could morph into the debate of the decad More for Sagittarius https t co FfKav1h4Nc , kintsho bht , ,28,Thimphu 
2019-12-28 08:01:07, A thoughtful and timely response is better than a knee jerk re More for Taurus https t co EECfQYA8HL , cixx67 , ,1493,Thimphu 
2019-12-28 08:00:15, You might find yourself wrestling with dueling intentions toda More for Pisces https t co uojyhA9mo8 , LobzangYeshey1 , ,296,Thimphu 
2019-12-28 06:26:45, EkaliMusic Oh yes Elohim xf0 x9f x98 x8c , Xiao920 , ,60,Thimphu 
2019-12-28 05:51:30, ImVipulNarigara ValiantWorld chetans1987 RichiShuklaReal Congratulations , ugyen , ,134,Thimphu 
2019-12-28 05:04:35, The year 2019 has ended with good health and happiness Wishing all my Facebook friends a happy healthy New Year I hope the new year will bless you with health wealth and happiness , LekeytKhandu , ,84,Thimphu 
2019-12-28 03:20:27, DawaTenzin8 Good luck xf0 x9f x91 x8d xf0 x9f x8f xbb , sonamtenzin244 , ,521,Thimphu 
2019-12-28 02:57:49, Experience home stay in some of our handpicked homes in Bhutan this will give you an opportunity to spend time with a Bhutanese family https t co HPRKE1ogzP worldtourplan traveltips visitBhutan2020 bhutan travel tours Bhutanhomestay farmstay https t co Ys4H0Se7YI , worldtourplan09 , worldtourplan traveltips visitBhutan2020 bhutan travel tours Bhutanhomestay farmstay ,198,Thimphu 
2019-12-27 19:46:39, That is a sturdy hammock https t co J0dxlUjXFI , offwidthe , ,165,Thimphu 
2019-12-27 19:00:20, nsam10 If that is the case we are in massive trouble , sandeeps13 , ,271,Thimphu 
2019-12-27 19:00:14, Check out what our new friend Leah who visited us in Bhutan has to say about their experience with MyBhutan MyBhutanReview MyBhutanFeedback MyBhutanFamily https t co l5m2QyUpQY , MyBhutan , MyBhutanReview MyBhutanFeedback MyBhutanFamily ,926,Thimphu 
2019-12-27 18:48:41, RealDGGHD Why lamela , phuzinspurs , ,1304,Thimphu 
2019-12-27 16:57:11, heroixw itsrotje mardvell mmgkonyel classyryujin itsminjoe RPAutoBase Boboin , classyliaa , ,172,Thimphu 
2019-12-27 16:06:24, It s really a 3pm thoughts https t co CxeVLY5JCP , Kenchoo7 , ,308,Paro 
2019-12-27 15:50:47, After a long wait finally boarding Emirates p xe2 x80 x94 at IGIA T3 Indira Gandhi International Airport Terminal 3 New Delhi India https t co ezvVsIP4E4 , RabiDahal , ,1282,Thimphu 
2019-12-27 15:49:02, Warm wishes to the Royal Body Guard of Bhutan for their 59th Raising Day Ambassador Ruchira Kamboj joined the leadership of Bhutan in wishing the RBG on this joyous occasion https t co vN9z23S0MV , Indiainbhutan , ,7701,Thimphu 
2019-12-27 15:48:24, KRKBoxOffice BeingSalmanKhan kamaalrkhan what about you Do you know what really acting is To be Frank BeingSalmanKhan is far more better than you and even if u die and reborn u can t be like BeingSalmanKhan NEVER man , Tandy38410231 , ,2,Thimphu 
2019-12-27 15:48:21, Black Eyed Peas Where is the Love is a good song I am begining to appreciate for it s deep messages , sandeeps13 , ,271,Thimphu 
2019-12-27 15:40:51, ajaydevgn BeingSalmanKhan Happiest birthday BeingSalmanKhan bai , Tandy38410231 , ,2,Thimphu 
2019-12-27 15:40:35, nsam10 Yeah But in Bhutan fuel is of dubious quality I feel , sandeeps13 , ,271,Thimphu 
2019-12-27 15:40:01, DoctorRakRok Possible in future Tesla is already experimenting with such cars , sandeeps13 , ,271,Thimphu 
2019-12-27 15:33:37, kamaalrkhan aaathhooo to your non sense tweets , Tandy38410231 , aaathhooo ,2,Thimphu 
2019-12-27 14:21:12, lekeydorji thebhutanese RBG ARCHITECT It xe2 x80 x99s an excerpt from the research paper la , Khampaa , ,3848,Thimphu 
2019-12-27 14:02:36, ycrinzin Yedorj I think there is now a lot of pressure on the Education Minister to deliver this as early as possible As you saw the PM was pretty clear about what he wanted , TenzingLamsang , ,17977,Thimphu 
2019-12-27 14:01:52, FirstTeam101 Lebron Durant Leonard Curry , Kradoukiel , ,122,Thimphu 
2019-12-27 13:51:22, ycrinzin Yedorj PM said he wants it to be age 5 Education Minister told me it will happen by 2020 or 2021 Matter of time only , TenzingLamsang , ,17977,Thimphu 
2019-12-27 13:28:08, iSoumikSaheb PMBhutan FMBhutan DechenwangmoM Yes and we hope to get more from our close friend Bangladesh xf0 x9f x87 xa7 xf0 x9f x87 xb9 xf0 x9f x87 xa7 xf0 x9f x87 xa9 , TenzingLamsang , ,17977,Thimphu 
2019-12-27 13:08:27, Side note Given that PMBhutan amp FMBhutan Bhutan are doctors and the Health Minister DechenwangmoM comes from medical policy background the snacks served after a press meet are usually Green Tea amp Fruits or other health food A clean break from momos of past 2 governments https t co mWHub4jVVw , TenzingLamsang , ,17977,Thimphu 
2019-12-27 12:41:57, mardvell itsrotje mmgkonyel classyryujin heroixw itsminjoe RPAutoBase Ukeable xf0 x9f x99 x82 , classyliaa , ,172,Thimphu 
2019-12-27 12:38:14, mardvell itsrotje mmgkonyel classyryujin heroixw itsminjoe RPAutoBase Astaga , classyliaa , ,172,Thimphu 
2019-12-27 12:05:49, Gaedu College of Business Studies likely to be relocated to Monggar https t co iYop0QDj8u , ChhedupSangay , ,889,Thimphu 
2019-12-27 11:31:39, Assuming authority is not as effective as earning it You migh More for Capricorn https t co p6mL9a2MGB , yiwangpindarica , ,6942,Thimphu 
2019-12-27 10:55:52, thebhutanese RBG ARCHITECT Here xe2 x80 x99s some evidence from Australia as to why age 6 is right for children to start school https t co YW8w1moVWZ , Khampaa , ,3848,Thimphu 
2019-12-27 09:54:42, Flashback 2019 https t co f7zOpvZRnL , Indiainbhutan , ,7701,Thimphu 
2019-12-27 09:50:38, Just posted a photo https t co LeFTTli7u6 , tillayg , ,101,Thimphu 
2019-12-27 08:18:19, thebhutanese RBG ARCHITECT I hope the Prime Minister has scientific justification to such decision than a whimsical action , Khampaa , ,3848,Thimphu 
2019-12-27 08:02:46, The only person who can truly put a damper on your fun is your More for Virgo https t co ytH6jMhay1 , czdorji , ,2199,Thimphu 
2019-12-27 08:01:17, Protecting your property and resources may become your primary More for Sagittarius https t co FfKav1h4Nc , kintsho bht , ,28,Thimphu 
2019-12-27 08:01:07, Maintain an objective assessment of any information you learn More for Taurus https t co EECfQYA8HL , cixx67 , ,1493,Thimphu 
2019-12-27 08:00:16, Playing detective enables you to ferret out how a friend truly More for Pisces https t co uojyhA9mo8 , LobzangYeshey1 , ,296,Thimphu 
2019-12-27 07:02:54, No one can hate Lamela after that He is a true yiddo COYS , phuzinspurs , COYS ,1304,Thimphu 
2019-12-27 06:42:04, Awesome Memories from 2019 Thank you xf0 x9f x99 x8f https t co dlHNCr4FXc , bhutan majestic , ,1119,Thimphu 
2019-12-27 06:39:13, Going successfully xe2 x9c x8c xe2 x9c x8c xe2 x9c x8c https t co rv5nzszvKq , DawaDinku , ,15,Thimphu 
2019-12-27 06:37:13, Boxing Day Specials Happiness is The Moment Thank you xf0 x9f x99 x8f https t co oKmLaiTl8a , bhutan majestic , ,1119,Thimphu 
2019-12-27 06:30:35, Erik from Deutschland having amazing experience at Chelela 3988m above sea level Bhutan xe2 x80 x99s highest motor road mountain pass The white snow capped mountain you see is the Himalayan Goddess Mount Jhomolhari 7314m xe2 x80 xa6 https t co aDKjfZ9GPt , bhutan majestic , ,1119,Thimphu 
2019-12-27 06:26:33, A lot of phones are going to get smashed on walls and floors if Bmobile does to fix the network problem Call getting dropped after every 3 seconds xf0 x9f xa4 xac xf0 x9f xa4 xac xf0 x9f xa4 xac , bjobganchu , ,1106,Thimphu 
2019-12-27 06:20:20, Making rational decisions is easy Making irrational decisions is not , sandeeps13 , ,271,Thimphu 
2019-12-27 06:18:01, Thank you xf0 x9f x99 x8f John for choosing us as your local partner during your holiday We truly hope you had good time and taking back awesome memories We wish you Happiness and Safe Travels bhutan xe2 x80 xa6 https t co LQVRXgwlW5 , bhutan majestic , bhutan ,1119,Thimphu 
2019-12-27 06:12:43, Happening now at RIM Simtokha Everyone is invited to see what wonderful initiatives our own people have taken especially the young ones We only heard enough about youth issues in media Come to the event and https t co RmjVFP7zkB , PaSsu Diary , ,5950,Thimphu 
2019-12-27 06:06:13, How do I maximize the fuel efficiency of a car to reduce emissions , sandeeps13 , ,271,Thimphu 
2019-12-27 05:56:40, Good news https t co GtC2vQu7qi , monutamang , ,317,Thimphu 
2019-12-27 05:01:04, Happy birthday to my awesome lil xe2 x80 x99 brother kelden jatsho who has grown up to be an amazing man who is not only my best friend my confidante my partner in crime but also my personal chef xe2 x80 xa6 https t co p7WcZLee4K , Sonam Peldon , ,1700,Thimphu 
2019-12-27 04:32:11, Tender at FSAPP https t co zv4WrXZ1oc , moafbhutan , ,407,Thimphu 
2019-12-27 04:32:06, Minding our gaps Kuensel Contributed by xc2 xa0Dr Karma Phuntsho https t co MbcYyIhFL8 , gasebtandin , ,2234,Thimphu 
2019-12-27 04:30:39, Shortlisted candidates for Trade Attach xc3 xa9 at Dhaka https t co sNqhRSXJUp , moafbhutan , ,407,Thimphu 
2019-12-27 04:28:44, RNR Census Report 2019 available online It covers the profiles of agricultural holdings in terms of their geographic distribution general characteristics demography land and land use irrigation crops agricultural practices livestock and forestry https t co d1NFllFkFp https t co kVFIHJyEPd , moafbhutan , ,407,Thimphu 
2019-12-27 04:25:36, Fifteen livestock extension staffs from Zhemgang Trongsa and Bumthang aattended a 14 days xe2 x80 x9cRefresher course on Artificial Insemination AI and Reproductive Biotechnology xe2 x80 x9d https t co rWnAZRX7EA https t co rERD0Yv82B , moafbhutan , ,407,Thimphu 
2019-12-27 03:11:36, BiggBoss Sna is good human being very clean at heart Sna should win the show big boss 13 Lots of love sna from Bhutan , gtfyurdescdsw , ,1,Thimphu 
2019-12-27 00:59:19, traveling to Harrisburg Pennsylvania from Paro Airport https t co PfeVMwn12r , RabiDahal , ,1282,Thimphu 
2019-12-26 20:00:21, Planning a vacation soon Here xe2 x80 x99s something to keep in mind Pick up more Bhutan travel tips here https t co PwjIZANqPQ Have you previously been to Bhutan Leave your own tips below https t co 6SCXmgVYUI , MyBhutan , vacation Bhutan ,926,Thimphu 
2019-12-26 19:23:33, For Bhutan to have great public toilets we must focus on better school toilets The culture must be built in schools I recommend that teachers should share toilets with students to begin with https t co 1Fi89dTB4J , PaSsu Diary , ,5950,Thimphu 
2019-12-26 18:07:28, ColorsTV Vivo India BeingSalmanKhan AsimRaiz love you xe2 x9d xa4 xe2 x9d xa4 xe2 x9d xa4 , Esha60985512 , AsimRaiz ,2,Thimphu 
2019-12-26 18:00:45, Tune in to Episode 11 of Migrationology as Mark shops eats and watches archery like a local in the capital The episode premieres on our Facebook and YouTube pages on Friday at 10 00AM EST 11 30PM BTT https t co mSyOmOgBlP , MyBhutan , ,926,Thimphu 
2019-12-26 17:55:08, Happy Christmassary , Sonamcoco , ,97,Thimphu 
2019-12-26 17:00:23, Bhutan has been featured as one of the 20 Best Places to Travel in 2020 by Travelzoo They have also featured MyBhutan as one of the best ways to visit our country bhutan travel visitbhutan asia himalayas https t co ZYuKKuDsaY , MyBhutan , bhutan travel visitbhutan asia himalayas ,926,Thimphu 
2019-12-26 16:56:57, passangyt Hope you would share the tidbits from the book , pnamgyel , ,544,Thimphu 
2019-12-26 15:30:36, LRB LoL Content https t co kIIoAhxpIk , Kradoukiel , ,122,Thimphu 
2019-12-26 15:14:05, piotr prus marcinmoskala I mean share the book once you are done lt gt , cege79 , ,23,Thimphu 
2019-12-26 15:12:55, WeGotLoves twmomoring CIXBXX OMEGAD , classyliaa , ,172,Thimphu 
2019-12-26 14:54:54, I don t want to feel guilty or regret coz my hobby of irrigating my close one So 2020 let s not Irritate my close one , Kenchoo7 , ,308,Paro 
2019-12-26 14:03:34, May your Christmas be filled with the true miracles and meaning of this beautiful time Merry Christmas xf0 x9f x8e x84 https t co t9yuYFppw8 , drupaltroll , ,659,Thimphu 
2019-12-26 12:54:27, Coys 77 Definitely 1 0 , phuzinspurs , ,1304,Thimphu 
2019-12-26 12:43:27, pokeefe1 But we try sisoko and celso , phuzinspurs , ,1304,Thimphu 
2019-12-26 12:41:12, Grateful for the long partnership between the NGO Sterntaler eV I founded 10 years ago and Mali 6 schools built so far benefitting thousands of students Thanks to all supporters https t co 2qPbQQQiY0 , NaglerUNDP , ,1542,Thimphu 
2019-12-26 12:39:19, Biking in the land of thunder dragons xf0 x9f x87 xa7 xf0 x9f x87 xb9 bike biking bhutan landofthunderdragons https t co bTtWOi2kmZ , yarden and , ,11,Thimphu 
2019-12-26 12:37:29, Welcome to Bhutan xf0 x9f x87 xa7 xf0 x9f x87 xb9 Bhutan Tourist Tourism Bhutantourism https t co d0dU79PASh , yarden and , ,11,Thimphu 
2019-12-26 12:25:25, People shouldnt get angry if they know nothing about what s going inside the club Players dont make it for reasons that we are not aware of Being a keyboard manager and spreading wrong vibes before our team even kicks the ball is why we are getting the results we are getting , phuzinspurs , ,1304,Thimphu 
2019-12-26 12:09:46, Jose s dog died on the Christmas day Spurs around the stadium should sing him a song I like this man COYS , phuzinspurs , COYS ,1304,Thimphu 
2019-12-26 11:31:43, You prefer to keep others guessing what xe2 x80 x99s next while you xe2 x80 x99re st More for Capricorn https t co p6mL9a2MGB , yiwangpindarica , ,6942,Thimphu 
2019-12-26 10:48:39, passangyt Simple bro It s state of being happiness , ChhedupSangay , ,889,Thimphu 
2019-12-26 09:51:07, 9XOIndia Kill my mind LouisTomlinson , 1d choden , LouisTomlinson ,374,Paro 
2019-12-26 09:50:51, 9XOIndia Lights up HarryStyles , 1d choden , HarryStyles ,374,Paro 
2019-12-26 08:55:33, Happy Lomba to all our Haap and Parop Dhoros Thank you Dasho Ugyen Namgay for the wonderful Hoentoe https t co JES1txkRl6 , ShaTashiDorji , ,926,WangduePhodrang 
2019-12-26 08:33:48, imdapee Consider it done , Kradoukiel , ,122,Thimphu 
2019-12-26 08:21:03, You help make a difference Thank you supporters Please continue supporting us Bhutan biggerimpacts grassrootpartners partnerships collaboration https t co 6p1F4PhhYS , pgyamtsho , Bhutan biggerimpacts grassrootpartners partnerships collaboration ,512,Thimphu 
2019-12-26 08:02:47, Your reliable competence and sensible attitude can calm someon More for Virgo https t co ytH6jMhay1 , czdorji , ,2199,Thimphu 
2019-12-26 08:01:17, You are passionate about your commitment to manifesting more w More for Sagittarius https t co FfKav1h4Nc , kintsho bht , ,28,Thimphu 
2019-12-26 08:01:08, A fresh perspective provides a new lease on life Reconnecting More for Taurus https t co EECfQYA8HL , cixx67 , ,1493,Thimphu 
2019-12-26 08:00:16, You mean serious business now and you xe2 x80 x99re searching for people More for Pisces https t co uojyhA9mo8 , LobzangYeshey1 , ,296,Thimphu 
2019-12-26 07:34:28, Frustrated , Kenchoo7 , ,308,Paro 
2019-12-26 07:18:56, passangyt Yes Sometimes I give readers some sort of time to analyse themselves xf0 x9f x98 x82 , ChhedupSangay , ,889,Thimphu 
2019-12-26 07:06:01, Recorded this several months back will I ever get another protracted break SoundCloud https t co gB3h2ZWSpy , Tobgay333 , SoundCloud ,33,Thimphu 
2019-12-26 06:01:42, WESAdvisor Kindly check I ve sent , TsheringDUKPA6 , ,3,Paro 
2019-12-26 05:59:02, WESAdvisor Sure , TsheringDUKPA6 , ,3,Paro 
2019-12-26 05:48:59, We can sense the snow kissing the leaves of the trees and valley as gentle as it can at Thrumshingla pass The highest point , LekeytKhandu , ,84,Thimphu 
2019-12-26 05:47:15, accesstojustice stophumantrafficking working on a training package for the Bhutanese judges on Trafficking in Persons Gelephu Bhutan suruchi pant PathakSamarth UNODC ROSA https t co CAP5oOCO8W , tandin thimphu , accesstojustice stophumantrafficking ,2452,Thimphu 
2019-12-26 05:29:27, Solar eclipse , pgyamtsho , ,512,Thimphu 
2019-12-26 04:21:46, Know the symptoms of stroke and heart attack and if you or someone around you experiences them seek medical attention immediately WHO https t co 23nPPQjp1w , gasebtandin , ,2234,Thimphu 
2019-12-26 03:48:08, Our DragonGirls won Nrs 50 000 for placing third at the CoAS 7th International Women xe2 x80 x99s Championship in Nepal Captain Pema Choden Tshering was recognised as the best midfielder in the competition Tashi Delek to our girls xf0 x9f x87 xa7 xf0 x9f x87 xb9 The event was organised by Nepali Army https t co Dz9h5Khk6F , namgayzam , DragonGirls ,20481,Thimphu 
2019-12-26 01:42:45, at Bumthang Valley https t co nf0GmsWEd0 , LekeytKhandu , ,84,Thimphu 
2019-12-26 01:41:14, Thursday Special Blessings from Ap Gaynyen Jagpa Melan for the well being of All Sentient Beings xf0 x9f x99 x8f Long Live Buddha Dharma amp Sangha xf0 x9f x99 x8f xf0 x9f x99 x8f xf0 x9f x99 x8f bhutan thursdayspecial blessingsfromdechenphug blessingsforallbeings xe2 x80 xa6 https t co RY5MHEfavV , bhutan majestic , bhutan thursdayspecial blessingsfromdechenphug blessingsforallbeings ,1119,Thimphu 
2019-12-26 01:29:46, Delighted that Dasho Kunzang Wangdi Member Royal Research amp Advisory Council His Majesty s Secretariat Bhutan is visiting India as ICCR Delhi xe2 x80 x99s Distinguished Guest xf0 x9f x87 xae xf0 x9f x87 xb3 xf0 x9f x87 xa7 xf0 x9f x87 xb9 MEAIndia IndianDiplomacy nwccbhutan https t co B9UiFJcS6t , Indiainbhutan , ,7701,Thimphu 
2019-12-25 18:23:23, folowjyp RPLWORLD Buset beh , classyliaa , ,172,Thimphu 
2019-12-25 18:04:59, chimis ycrinzin thebhutanese Yes RBP has its task cut out , TenzingLamsang , ,17977,Thimphu 
2019-12-25 17:40:42, ManUtdMEN poolsofficial Leicester city 2 2 Liverpool , Kuenzang22 , ,12,Paro 
2019-12-25 17:38:23, Solar eclipse in Thimphu Bhutan tomorrow https t co Uka7GRiv0m , Khampaa , ,3848,Thimphu 
2019-12-25 16:33:40, Happy Merry Christmas to everyone MerryChristmas , iamYoeser , MerryChristmas ,350,Thimphu 
2019-12-25 16:00:58, Click on the link below to read about Miracles and Auspicious Signs of Our Gyalsey Bhutan s Crown Prince Bhutan Himalayas Travel Blog BhutanBlog BlogLaunch MyBhutanStory https t co asmwkT16F5 , MyBhutan , Bhutan Himalayas Travel Blog BhutanBlog BlogLaunch MyBhutanStory ,926,Thimphu 
2019-12-25 15:51:03, DZOMBA for the staffs of Naksel Boutique Hotel DzongkhaZumba Nak Sel Boutique Hotel and Spa https t co 25e3DaV8Fi , mstudiobhutan , DZOMBA DzongkhaZumba ,227,Thimphu 
2019-12-25 14:32:51, sezuun Stayyyy , classyliaa , ,172,Thimphu 
2019-12-25 14:17:14, WISHING EVERYONE HAPPY LOMBA May the LOMBA bring all the happiness peace success and good health to you all HAPPYLOMBA , gasebtandin , HAPPYLOMBA ,2234,Thimphu 
2019-12-25 14:02:19, ycrinzin thebhutanese The facts are confirmed but interpretations are for people to make , TenzingLamsang , ,17977,Thimphu 
2019-12-25 13:57:30, Eve of Lochey occasion for paying gratitude and seeking refuge for cleansing obstacles until such time of next year All set for tomorrow s day xe2 x80 x94 at Taktse College https t co Ms6yVLtf9F , cinumpingyor , ,247,Thimphu 
2019-12-25 13:52:47, AchuKhegpa They are the trap preying on its citizens without financial awareness making people poorer , cringngedup3 , ,48,Thimphu 
2019-12-25 13:02:05, Welcome to Bhutan xf0 x9f x87 xa7 xf0 x9f x87 xb9 Mr Erik from Germany xf0 x9f x87 xa9 xf0 x9f x87 xaa Thank you for choosing to celebrate your Christmas in Buddhist Kingdom and also New Year We take great honor and pride in organizing Best amp Memorable Holiday for you to xe2 x80 xa6 https t co tWjjuL6E9E , bhutan majestic , ,1119,Thimphu 
2019-12-25 12:56:05, Jablecki RHOC KellyDodd Horrible things Like making up rumors about cocaine violence and trains Sweety if the three pigs can dish it out then they can take it Or they shouldn t start dishing at all , Bu773rf1y8 , ,1,Thimphu 
2019-12-25 12:53:59, Elianok10 RHOC KellyDodd No actually she s not Being unstable is when you make up rumors about people involving drugs violence and sex acts then tell them they re crazy when then fight back Its called gaslighting and its pretty f cking unstable , Bu773rf1y8 , ,1,Thimphu 
2019-12-25 12:50:26, HuntCreative2 RHOC KellyDodd No she should lie down and take the horrid abuse from the three little pigs , Bu773rf1y8 , ,1,Thimphu 
2019-12-25 12:48:32, michelle yelich RHOC KellyDodd Why So she can just lie down and let the old bats roll over her If someone started rumors about me involving drugs trains pushing family down stairs and random violence the very least I d be saying is one of them is a pig Oink oink Vicki vgunvalson , Bu773rf1y8 , ,1,Thimphu 
2019-12-25 12:42:38, RHOC KellyDodd Did you love how vgunvalson apology wasn t even an apology but more an oh poor me my life is hard WTG on making it all about you oinky baconbiatch , Bu773rf1y8 , baconbiatch ,1,Thimphu 
2019-12-25 12:39:57, RHOC KellyDodd don t let those old hags ShannonBeador TamraBarney vgunvalson gaslight you They said you fight dirty when they were the ones flinging mud first If it were me I would have gone lower If you can dish it out amigas you can take it pigsinmud , Bu773rf1y8 , pigsinmud ,1,Thimphu 
2019-12-25 12:22:14, kristenlaurenn T WZRD What kind of talent show is this shit , Xiao920 , ,60,Thimphu 
2019-12-25 12:18:36, arminvanbuuren Happy Birthday Legend , Xiao920 , ,60,Thimphu 
2019-12-25 12:12:58, Wale Same phase bruh , Xiao920 , ,60,Thimphu 
2019-12-25 12:09:34, Kudos to all women for taking our culture beyond the border https t co YPiNV4nGO0 , cinumpingyor , ,247,Thimphu 
2019-12-25 11:43:20, Haha I really loved that man Merry Christmas xf0 x9f x98 x8d https t co ivPQAkAmnF , Kenchoo7 , ,308,Paro 
2019-12-25 11:38:54, A breakthrough in the Paro rape and murder case BBS https t co pbTtf32u5x , dorji yenten , ,22,Thimphu 
2019-12-25 11:31:40, You xe2 x80 x99re brimming with creative confidence now You likely sense More for Capricorn https t co p6mL9a2MGB , yiwangpindarica , ,6942,Thimphu 
2019-12-25 11:30:04, piotr prus marcinmoskala Hi if u can share the kotlin book It would be great , cege79 , ,23,Thimphu 
2019-12-25 11:25:14, satyalumesh DajuMaaraj timesofindia CNTraveler FMBhutan Not for unlimited trips , TenzingLamsang , ,17977,Thimphu 
2019-12-25 11:22:43, sundeepparija timesofindia CNTraveler Good point , TenzingLamsang , ,17977,Thimphu 
2019-12-25 09:14:25, BBS Radio In conversation with Dasho Sonam Kinga about Gyalsung https t co oueVMbmv3C , BBSBhutan , ,47680,Thimphu 
2019-12-25 08:02:46, Your time is a precious commodity You have little patience fo More for Virgo https t co ytH6jMhay1 , czdorji , ,2199,Thimphu 
2019-12-25 08:01:16, You xe2 x80 x99re inclined to let others know what xe2 x80 x99s on your mind without More for Sagittarius https t co FfKav1h4Nc , kintsho bht , ,28,Thimphu 
2019-12-25 08:01:08, A seeking mind often finds what it desires Your heart yearns More for Taurus https t co EECfQYA8HL , cixx67 , ,1493,Thimphu 
2019-12-25 08:00:16, Turn down the volume on both internal and external chatter rel More for Pisces https t co uojyhA9mo8 , LobzangYeshey1 , ,296,Thimphu 
2019-12-25 07:14:29, shmueli Right o , TenzingLamsang , ,17977,Thimphu 
2019-12-25 06:35:12, RaspaPLUSdevi ycrinzin Momo too , cringngedup3 , ,48,Thimphu 
2019-12-25 06:23:52, Wishing everyone a big Lomba Tashi Delek Sending my best , FMBhutan , ,2187,Thimphu 
2019-12-25 06:11:44, Lomba Tashi Delek to all Parops and Haaps xf0 x9f x99 x8f xf0 x9f x87 xa7 xf0 x9f x87 xb9 Pretty much settled in Thimphu now due to work but my best childhood memories are from my family home in Paro https t co Mt7JueP2Fw , TenzingLamsang , ,17977,Thimphu 
2019-12-25 05:57:52, DajuMaaraj timesofindia CNTraveler FMBhutan Basically non South Asian or SAARC like the West East Asia etc Within SAARC the regional tag is only for countries that do not have visa restrictions on Bhutanese travelers like Bangladesh India and Maldives amp vice versa , TenzingLamsang , ,17977,Thimphu 
2019-12-25 05:53:55, baxiabhishek timesofindia CNTraveler They should at least check with local journalists before going ahead with such pieces , TenzingLamsang , ,17977,Thimphu 
2019-12-25 05:51:24, ChawlaSwati timesofindia CNTraveler FMBhutan UVA Yes of course , TenzingLamsang , ,17977,Thimphu 
2019-12-25 05:50:50, sundeepparija Yes congratulations to India Pretty good showing , TenzingLamsang , ,17977,Thimphu 
2019-12-25 05:47:10, timesofindia CNTraveler FMBhutan The USD 250 per day is applied to non regional tourists amp it includes USD 65 Sustainable Development Fee SDF three star hotel room three meals vehicles tour guides and all entry fees Pretty cheap by international standards where mid level hotel room itself is USD 250 , TenzingLamsang , ,17977,Thimphu 
2019-12-25 05:43:20, timesofindia CNTraveler This is an article link from my paper interviewing our FMBhutan who talked about the issue https t co upWJQQxp9I , TenzingLamsang , ,17977,Thimphu 
2019-12-25 05:42:02, Both timesofindia amp CNTraveler have it wrong The USD 250 per day tariff will not be applied on Indian tourists The actual proposal is a discounted daily SDF fee for regional tourists which could be Rs 500 to Rs 3 500 per day I personally feel it will be closer to 500 https t co F0HOgo6hU1 , TenzingLamsang , ,17977,Thimphu 
2019-12-25 05:25:53, Bhutan at lowest bribery risk in South Asia Politeness will get the job done Small part of what makes Bhutan Bhutan Thank ChawlaSwati for the graph https t co wZem450DPQ , TenzingLamsang , ,17977,Thimphu 
2019-12-25 05:05:02, RinzinW98880425 77736518 contact me , Karma64012365 , ,0,Thimphu 
2019-12-25 04:47:31, drukanddrukpa Ata here is Santashi wishing you happy Christmas and wonderful year ahead https t co jkEZ6yQT59 , zhonba , ,1617,Thimphu 
2019-12-25 04:26:08, While we love it when our national team wins we must be willing to support it beyond a few matches or wins like the recent Nepal one will be a flash in the pan Chencho says Bhutanese players are as good as foreign club players he has played with https t co 37WrvI1XLQ , TenzingLamsang , ,17977,Thimphu 
2019-12-25 03:51:11, KalamaAlara AchuKhegpa DorjiWangchuk I am perhaps giving impression of mindless exploitation of forest I don t mean it The annual forest growth rate is 1 5 of total timber stock which we can remove it without harming ecosystem But we remove just 0 05 Under utilisation is as bad to forest as over exploitation , pnamgyel , ,544,Thimphu 
2019-12-25 03:50:26, Getting excited can t make the day better , Kenchoo7 , ,308,Paro 
2019-12-25 03:46:07, drukanddrukpa Thank u Merry Christmas xf0 x9f x8e x84 , Kenchoo7 , ,308,Paro 
2019-12-25 03:25:42, Happy Lomba amp Merry Christmas to everyone celebrating For those finding it hard to celebrate for a number of reasons Sending you love and strength to get through the xe2 x80 x9chappy season xe2 x80 x9d , namgayzam , ,20481,Paro 
2019-12-25 03:13:32, KalamaAlara AchuKhegpa DorjiWangchuk KalamaAlara Bhutan faces difficult amp serious questions Foreign aid amp loan finance 40 of annual govt budget rising public debt amp youth unemployment Self reliance will make the nation stronger amp happier Currently forestry is not fulfilling its promise to the country amp people , pnamgyel , ,544,Thimphu 
2019-12-25 03:02:34, drukanddrukpa Should I come there and grab one of the present xf0 x9f x98 x81 , Kenchoo7 , ,308,Paro 
2019-12-25 02:07:36, Happy Lomba to all friends from Ha and Paro https t co vH5ieI8Dtu , Khamsa , ,272,Thimphu 
2019-12-25 02:04:58, Merry Christmas and Happy Holiday season to all my friends May the New Year bring peace happiness and prosperity to all Lots of aspiration prayers https t co eOHB21in5F , Khamsa , ,272,Thimphu 
2019-12-25 01:50:17, I would like to wish all my Dhoros a very happy Lomba May the year be filled with lots of happiness and the causes of happiness may you always be devoid of sufferings and its causes and may you dwell in the boundless equanimity which is free from all attachement and aversion , tsheridorji , ,207,Thimphu 
2019-12-25 01:37:42, Why Do Bhutanese Offer 7 Bowls of Water BHUTAN FOR YOU https t co vKAnwSbQvf , Shachagyeltshen , ,126,Thimphu 
2019-12-25 00:38:47, RECOGNIZING COMMUNITIES AND INDIVIDUALS REALIZING A WORLD WITH MORE FREEDOM CONSCIOUSNESS AND HAPPINESS 12 CATEGORIES TO CELEBRATE HUMAN FLOURISHING Nominate an Individual or Community https t co Gsvkx47r0g https t co RkTLh7YQ8s , beHAPPYTALISM , ,206,Paro 
2019-12-24 16:00:57, It is Winter in Bhutan This is a beautiful season to visit Season Bhutan MyBhutan https t co kooZbaIfad , MyBhutan , Bhutan Season Bhutan MyBhutan ,926,Thimphu 
2019-12-24 15:45:13, Awesome Christmas xf0 x9f x8e x84 Dinner with Good Ones Looking forward for another memorable year to celebrate the same in 2020 Best Wishes xf0 x9f x99 x8f https t co y5ImFoRvVP , bhutan majestic , ,1119,Thimphu 
2019-12-24 15:43:00, itsrotje heroixw itsminjoe RPAutoBase mmgkonyel mardvell classyryujin marzvell Ning , classyliaa , ,172,Thimphu 
2019-12-24 15:41:22, Everything will work out in the end You don xe2 x80 x99t have to know how You just have to trust that it will xf0 x9f x98 x81 xf0 x9f x98 x87 xf0 x9f x99 x8f Ending the final week of the year on positive note xf0 x9f x98 x83 positivevibes lastweekofdecember2019 https t co GliGcpCpdc , lhakidolma , ,1235,Thimphu 
2019-12-24 15:23:05, RPAutoBase cmyyeon unnieee xf0 x9f x98 xbb , classyliaa , ,172,Thimphu 
2019-12-24 15:06:30, Varadha67780229 AchuKhegpa DorjiWangchuk Overcrowded forest means xc2 xa0trees in a stand are crowded and stand too close together and they compete for light water and nutrients , pnamgyel , ,544,Thimphu 
2019-12-24 14:48:35, Urban exposure tour giving rural students something to get their teeth into during vacation BBS https t co wpdYcT9S0R , Shachagyeltshen , ,126,Thimphu 
2019-12-24 14:08:39, AchuKhegpa DorjiWangchuk No joke Money does grow on trees but in Bhutan we take pride to walk away from 1 1 billion m3 of timber reserve The misplaced notion of conservation is hurting economy as well as environment Overcrowded forest lock in revenue amp put forest itself at risk to fire amp mass dying , pnamgyel , ,544,Thimphu 
2019-12-24 13:42:11, AUThackeray ShivSena ShivsenaComms New version of jaichand , SinBangal , ,6,Thimphu 
2019-12-24 13:13:32, Former employee of RICBL sentenced to 20 years in prison for embezzlement https t co R2feWoTzEp , ChhedupSangay , ,889,Thimphu 
2019-12-24 12:42:53, xe2 x80 x9cThere is no doubt that you xe2 x80 x99re fortunate to be born in Bhutan but is Bhutan fortunate to have you as it xe2 x80 x99s citizen xe2 x80 x9d asks Kezang Dorji Question everyone of us should be asking https t co yw1NzNhyXH , monutamang , ,317,Thimphu 
2019-12-24 12:37:09, xf0 x9f x8c xb9 xf0 x9f x8d x80 xf0 x9f x8c xb9Happy lomba xf0 x9f x8c xb9 xf0 x9f x8d x80 xf0 x9f x8c xb9 , Kenchoo7 , ,308,Paro 
2019-12-24 12:20:14, Outside Mongar dzong the Rabdey joined by many residents look on as a bae performance is exhibited https t co DdMRDelKVP , sangaykhandu , ,7690,Thimphu 
2019-12-24 11:31:40, Praise your own thoroughness and give patience to anyone who a More for Capricorn https t co p6mL9a2MGB , yiwangpindarica , ,6942,Thimphu 
2019-12-24 11:20:53, Tourism Council of Bhutan would like to Wish you a very Merry Christmas surrounded by your precious family and many blessings for the coming year Warmest thoughts and best wishes for a wonderful Christmas and a Happy New TourismBhutan HappinessIsAPlace Bhutan https t co JVuv0NDHeF , tourismbhutan , TourismBhutan HappinessIsAPlace Bhutan ,10244,Thimphu 
2019-12-24 10:05:38, VitalitySteam ORFAC1 RockstarGames I don t hate epic Game store but all my games are in steam and gog and I don t want to create more account and ask my friends to create also to play together I m forgetful and might forget some passwords , chunjurrinchhen , ,185,Thimphu 
2019-12-24 10:04:17, TamilSquad YT RockstarGames Steam 20 , chunjurrinchhen , ,185,Thimphu 
2019-12-24 09:27:54, ACT ESA Thank you very much , Acho Nola , ,5,Thimphu 
2019-12-24 08:58:44, roowoonsf9 Unpol ah , classyliaa , ,172,Thimphu 
2019-12-24 08:29:14, RPAutoBase Stay , classyliaa , ,172,Thimphu 
2019-12-24 08:17:43, cmyyeon Unnie , classyliaa , ,172,Thimphu 
2019-12-24 08:02:46, Lighten up or bring a flashlight Your dark moods can be count More for Virgo https t co ytH6jMhay1 , czdorji , ,2199,Thimphu 
2019-12-24 08:01:16, Your thoughts meander off to a magical place where you can lea More for Sagittarius https t co FfKav1h4Nc , kintsho bht , ,28,Thimphu 
2019-12-24 08:01:08, Your sixth sense is your best sense today In truth people ca More for Taurus https t co EECfQYA8HL , cixx67 , ,1493,Thimphu 
2019-12-24 08:00:16, People are your top priority now prompting you to encourage s More for Pisces https t co uojyhA9mo8 , LobzangYeshey1 , ,296,Thimphu 
2019-12-24 07:44:01, Mnfa 15 UNICEF Garbage people can t stop spreading fake news even when they know the truth Disgusting , Kradoukiel , ,122,Thimphu 
2019-12-24 07:31:55, Sangaywk Thank you for the reply Megafires occur during a drought period when forest is tinder dry We are lucky with normal seasons for some years but I understand from dendroecology study by UWICER Bhutan experienced droughts in the past Our forest has expanded amp grown crowded , pnamgyel , ,544,Thimphu 
2019-12-24 07:27:00, tashii chokii ShawnMendes Haha thank u U the best xf0 x9f x99 x8f , Kenchoo7 , ,308,Paro 
2019-12-24 06:49:05, Sangaywk Australia always had bushfires but fires this season or last few seasons have been destructive of unimaginable scale It is attributed to climate change As you are in Australia should Bhutan be worried about megafires amp what should we do to prepare ourselves for such an event , pnamgyel , ,544,Thimphu 
2019-12-24 06:35:08, RPAutoBase Unniee , classyliaa , ,172,Thimphu 
2019-12-24 05:46:12, RaspaPLUSdevi Yes la xf0 x9f x98 x85 , zzezenn , ,1758,Thimphu 
2019-12-24 05:27:05, RPAutoBase Mao bang , classyliaa , ,172,Thimphu 
2019-12-24 05:13:05, RPAUTOSUB Wendy unniee , classyliaa , ,172,Thimphu 
2019-12-24 04:45:24, If you re planning to celebrate your New year s Eve by going out please make it count by going to Club Ace where Bhutan Kidney Foundation is fundraising As you celebrate your life you are also giving someone a chance to celebrate https t co 7OXmHpiH3e , PaSsu Diary , ,5950,Thimphu 
2019-12-24 04:09:09, Twitter I will send gifts in email please open when you return back , ugyen , ,134,Thimphu 
2019-12-24 04:02:35, AchuKhegpa You may wish to replace Tashi Yangzom with Tashi Chozom as Yangzom is not even a law person she sells vegetables xf0 x9f xa4 xa3 , DziJ , ,1589,Thimphu 
2019-12-24 03:59:44, PrateekHira Thank you for your understanding If we do not work towards safe guarding our sacred places and fragile environment we will be invaded by unruly tourists like pests , DziJ , ,1589,Thimphu 
2019-12-24 03:56:07, RPEBASEE Lia hereee , classyliaa , ,172,Thimphu 
2019-12-24 03:27:01, passangyt Yes A good human with good skills and knowledge But still working for us And of course I be extra careful xf0 x9f x98 x9c , ChhedupSangay , ,889,Thimphu 
2019-12-24 03:15:42, Happy 28th birthday Louis xf0 x9f x8e x89 xf0 x9f x8e x89 xf0 x9f x8e x89 May your smile never fade away and may you be showered with success Thank you for being the most amazing individual Sending tons of love and warm wishes from Bhutan xf0 x9f x92 x9c xf0 x9f x92 x9c xf0 x9f x92 x9c P s thank you for existing Happy birthday again https t co kdrZo1I5Fz , Tsherin01031084 , ,3,Thimphu 
2019-12-24 02:26:16, What can be more sad than your gyser malfunctioning in the middle of your shower early morning in this weather xf0 x9f xa5 xb6 , zzezenn , ,1758,Thimphu 
2019-12-24 02:01:08, travelbetween1 Greetings from Bhutan It xe2 x80 x99s my honor to have been connected with you , anan sg , ,7,Thimphu 
2019-12-24 01:07:19, RPLWORLD Selpol here , classyliaa , ,172,Thimphu 
2019-12-23 21:29:07, Spiritual amp wellness in Bhutan https t co T9uqUDoWEI worldtourplan traveltips bhutantravelagency wellness spiritualawakening Bhutan bhutantourism bhutantours bhutantravel travelguide expertfromBhutan guidefromBhutan holiday vacation tours https t co VrgpWyzPx6 , worldtourplan09 , worldtourplan traveltips bhutantravelagency wellness spiritualawakening Bhutan bhutantourism bhutantours bhutantravel travelguide expertfromBhutan guidefromBhutan holiday vacation tours ,198,Thimphu 
2019-12-23 18:00:46, This week s featured accommodation is Ram Kumar Chamla Gai Homestay located in Tsirang Rent accommodations in Bhutan here https t co 9TkCjTCxiG Leave a comment below with which district you xe2 x80 x99d like to see the next Accommodation of the Week MyBhutanAccommodations https t co WwP4jqEbS0 , MyBhutan , MyBhutanAccommodations ,926,Thimphu 
2019-12-23 17:49:52, Into cryptocurrencies nowadays Inspired from a friend in college days newlearning cryptocurrency https t co 6HFLosM2CP , sonamtenzin244 , newlearning cryptocurrency ,521,Thimphu 
2019-12-23 17:46:58, Hey folks we need volunteers You will most likely have a good time https t co Svp0LtqWRN , offwidthe , ,165,Thimphu 
2019-12-23 16:15:22, On the joyous occasion of Her Majesty the Queen Mother Tshering Pem Wangchuck s birth anniversary I offer my sincere prayers for Her Majesty s good health and long life https t co sGQIx4Ir2N , FMBhutan , ,2187,Thimphu 
2019-12-23 16:15:19, Pic in Changlimithang Stadium towards close of 112th National Day These Desups are trying to get some sleep because they were on duty from 2 am as crowds stared pouring in from 3 am My appreciation to Desups for always being there for national local events amp disasters xf0 x9f x99 x8f xf0 x9f x87 xa7 xf0 x9f x87 xb9 https t co rGwIjRBlKR , TenzingLamsang , ,17977,Thimphu 
2019-12-23 16:00:49, Learn more about Bhutan here https t co PwjIZANqPQ MyBhutan wanderlust adventureseeker doyoutravel travelmore https t co BeC8iT7Gyg , MyBhutan , MyBhutan wanderlust adventureseeker doyoutravel travelmore ,926,Thimphu 
2019-12-23 15:33:02, peer learning symposium cso cbo bhutan today https t co QOmifd4zKy , TingKarr8 , peer learning symposium cso cbo bhutan ,23,Thimphu 
2019-12-23 15:12:02, chenleoi Permenlolipop , classyliaa , ,172,Thimphu 
2019-12-23 15:08:01, I was really excited about Christmas Eve even though it ll be like usual day , Kenchoo7 , ,308,Paro 
2019-12-23 14:58:38, The best biryani I have ever had in Bhutan It had the aroma of a biryani the rice was spiced the right way and the checked was cooked well You too can taste it when the Biryani House opens on the 3rd January 2020 https t co ngpUFPhQqK , bjobganchu , ,1106,Paro 
2019-12-23 11:31:42, Honoring your values enables you to build a reputation of reli More for Capricorn https t co p6mL9a2MGB , yiwangpindarica , ,6942,Thimphu 
2019-12-23 10:34:05, This afternoon I met H E Mr Satoshi Suzuki Ambassador of Japan to Bhutan followed by H E Mrs Arunrung Phothong Humphreys Ambassador of the Kingdom of Thailand Thailand to Bhutan Had meaningful discussions on common areas of interest that we can pursue in near future https t co I7VsMZlxMb , FMBhutan , Japan Thailand ,2187,Thimphu 
2019-12-23 08:13:25, The beautiful Ta Dzong watch tower located on the hillside of Paro valley watching the Paro valley https t co HzjA7ozQ8d , tsholung , ,7,Thimphu 
2019-12-23 08:02:48, Serving too many masters ultimately means you xe2 x80 x99re serving none More for Virgo https t co ytH6jMhay1 , czdorji , ,2199,Thimphu 
2019-12-23 08:01:17, Dance outside the visual realms and enjoy your favorite music More for Sagittarius https t co FfKav1h4Nc , kintsho bht , ,28,Thimphu 
2019-12-23 08:01:08, There xe2 x80 x99s an inner child within you wondering if there xe2 x80 x99s a path More for Taurus https t co EECfQYA8HL , cixx67 , ,1493,Thimphu 
2019-12-23 08:00:16, Being yourself takes courage in a distressing world Gathering More for Pisces https t co uojyhA9mo8 , LobzangYeshey1 , ,296,Thimphu 
2019-12-23 07:55:57, USPSHelp my parcel is not yet received Its stuck in Hong Kong for the past 3 days EH012701601US Please revert ASAP with info Thanks , phuzinspurs , ,1304,Thimphu 
2019-12-23 07:35:06, Rudiger is having scans at hospital for possible broken ribs Jose Mourinho xf0 x9f xa4 xae Felt like slapping the guy s head off for simulation coys spurs josemourinho , Tobgay333 , coys spurs josemourinho ,33,Thimphu 
2019-12-23 07:25:20, Collection of flower xf0 x9f x8c xba xf0 x9f x8f xb5 xef xb8 x8f xf0 x9f x8c xb9 xf0 x9f x8c xb1 Thimphu Bhutan https t co R8YxcmF7ee , dee dawa , ,55,Bhutan 
2019-12-23 07:20:35, Happy Birthday Your Majesty Tashi Delek la https t co s85p1HQ0kt , pgyamtsho , ,512,Bhutan 
2019-12-23 06:51:58, On the joyous occasion of our beloved Queen Mother Her Majesty Gyalyum Tseyring Pem Wangchuck xe2 x80 x99s Birth Anniversary the Tourism Council of Bhutan would like to join the Nation in wishing Her Majesty a very Happy 62nd Birth Anniversary TourismBhutan HappinessIsAPlace Bhutan https t co 5c8UhzuTUq , tourismbhutan , TourismBhutan HappinessIsAPlace Bhutan ,10244,Thimphu 
2019-12-23 06:44:49, SonamYangden Happy Birthday Kiba Love Uncle , pnamgyel , ,544,Thimphu 
2019-12-23 06:23:20, Introducing Atithi Indian Customs a new mobile app which will enable incoming visitors to India to make online customs and currency declarations in advance technology egovernance cbic india MEAIndia Atithi has been made available on Android and IOS platforms , Indiainbhutan , technology egovernance ,7701,Thimphu 
2019-12-23 05:36:59, premier inside But even if I was on your place losing a game and opponent players falling over the slightest of touch I would even react the same way but that doesn t one moment wont make me a bad guy Will it , phuzinspurs , ,1304,Thimphu 
2019-12-23 05:34:52, MarkCgod1 Manoama89203646 Oh I read it wrong Lmao Thanks buddy And I m sorry , phuzinspurs , ,1304,Thimphu 
2019-12-23 05:12:40, DayvyFPL Davy I warned you saying you will regret playing wildcard Your previous team was doing great , DeependraKoira5 , ,3,Thimphu 
2019-12-23 04:35:52, The Phobji gewog team received best Dacham winners of Wangdue Dzongkha archery tournament 2019 from 26 registered team https t co pMEQCnRnrs , kdorji87 , ,13,Bhutan 
2019-12-23 04:07:47, WeGotLoves What time is it 12 11 1 10 2 9 xe2 x8a x99 gt it s time for you 8 4 to 7 5 pick 6 bprowce , classyliaa , ,172,Bhutan 
2019-12-23 03:43:43, RPLWORLD Riplyyy , classyliaa , ,172,Bhutan 
2019-12-23 02:03:11, ForestsMatter Yes we need to rethink our paradigm of nature conservation Indigenous people have best knowledge of their environment amp are best conservationists We imposed on them everything needs to be about trees 4 5 of Bhutan is forested amp human wildlife conflict is a serious problem , pnamgyel , ,544,Thimphu 
2019-12-22 21:54:08, DaniellaRomina1 Damn , NimafromBhutan , ,63,Thimphu 
2019-12-22 21:50:23, dechenyc Nthing , NimafromBhutan , ,63,Thimphu 
2019-12-22 20:00:11, Today xe2 x80 x99s featured animal that lives in Bhutan is the Satyr Tragopan pc https t co 4TE7xU1ziV MyBhutanWild Nature wanderlust adventureseeker doyoutravel travelmore goexplore wonderfulplaces openmyworld lovetotravel adventurethatislife roamtheplanet https t co usi9L8y2LR , MyBhutan , Bhutan MyBhutanWild Nature wanderlust adventureseeker doyoutravel travelmore goexplore wonderfulplaces openmyworld lovetotravel adventurethatislife roamtheplanet ,926,Thimphu 
2019-12-22 18:33:31, ChelseaFC Merry Christmas to all the ChelseaFC , TsheringJatsho , ChelseaFC ,14,Thimphu 
2019-12-22 18:16:31, WESAdvisor I appreciate your advise how long credential evaluation document by document from WES take place as I ve been applied since 2 months and still indicate pending in process , TsheringDUKPA6 , ,3,Paro 
2019-12-22 18:08:45, Manoama89203646 Get a life , phuzinspurs , ,1304,Paro 
2019-12-22 17:33:46, Poor Economics a seminal work by this year s Nobel Laurete couple Esther Duflo and Abhijit Banerjee is a insightful and a new way to look at developmental economics esp poverty reduction Data driven science married to economics Highly recommended , sandeeps13 , ,271,Paro 
2019-12-22 17:33:23, youneshh Yes We feel very proud when chelsea play like first half If chelsea win today from spurs then chelsea has now started to win from top six team , TsheringJatsho , ,14,Thimphu 
2019-12-22 17:20:13, The moment to celebrate Winter Solstice it xe2 x80 x99s special as it happens once a year and celebrating with someone special always stays memorable The Moment of Truth wintersolistice goodbye2019 https t co Hg7EFPeHIR , bhutan majestic , wintersolistice goodbye2019 ,1119,Thimphu 
2019-12-22 17:13:34, ColorsTV Vivo India BeingSalmanKhan I support sid bcoz da whole scene was unnecessarily created into big drama by dis ppl asim n his so called irritating gang , kezwon , ,4,Thimphu 
2019-12-22 15:55:52, Arrizabaelaga I dont care team selection but chelsea have to win this match , TsheringJatsho , ,14,Thimphu 
2019-12-22 15:05:49, WeGotLoves What time is it 12 11 1 10 2 9 xe2 x8a x99 gt it s time for you 8 4 to 7 5 pick 6 minjjut , classyliaa , ,172,Thimphu 
2019-12-22 14:55:15, RahulGandhi Dear Rahul don xe2 x80 x99t create confusion We are excited with BJPs action , nidhi bhattarai , ,2,Thimphu 
2019-12-22 14:19:22, So relatable in today xe2 x80 x99s context India CAA NRC Protest https t co VrpwgVGGAM , namgayzam , India CAA NRC Protest ,20481,Thimphu 
2019-12-22 14:14:33, ShawnMendes Thank you xe2 x9d xa4 Because of your song I can able to solve a 100s of problems and Smile in Evey tough situations I really loved ur voice and of course you xf0 x9f x98 x89 , Kenchoo7 , ,308,Paro 
2019-12-22 13:36:40, tashii chokii xf0 x9f x98 x82 xf0 x9f x98 x82 xf0 x9f x98 x82 okay , Kenchoo7 , ,308,Paro 
2019-12-22 13:31:05, Can this be possible in Bhutan too https t co I9ZqsOgZ2g , cringngedup3 , ,48,Paro 
2019-12-22 12:43:45, DawaTenzin8 yes true Going with the flow has proved to be the right decision for me till date xe2 x98 xba xef xb8 x8f , sonamtenzin244 , ,521,Thimphu 
2019-12-22 11:31:39, Your most trusted allies offer fun times and freedom from your More for Capricorn https t co p6mL9a2MGB , yiwangpindarica , ,6942,Thimphu 
2019-12-22 11:17:31, walk with Native tour https t co DdHroYA0wi https t co LAVYiJHn0c , worldtourplan09 , ,198,Thimphu 
2019-12-22 10:46:05, bollywood life sidharth shukla Yes he said tht , kezwon , ,4,Thimphu 
2019-12-22 10:44:04, tashii chokii That s y u r still single xf0 x9f x98 x82 , Kenchoo7 , ,308,Paro 
2019-12-22 10:18:40, tashii chokii xf0 x9f x98 x82 xf0 x9f x98 x82 yeah , Kenchoo7 , ,308,Paro 
2019-12-22 09:24:44, Top 10 best hotels amp lodges in Bhutan the Luxury Travel Expert https t co VZLn7P0tTU , Shachagyeltshen , ,126,Paro 
2019-12-22 08:05:35, This trek offers a great variety of trekking conditions from picturesque farmland to alpine pastureland and high passes Shingchenla Pass at 5010m is the highest pass that you will cross on this trek https t co E1nCLys4ic worldtourplan layagasatrek , worldtourplan09 , worldtourplan layagasatrek ,198,Thimphu 
2019-12-22 08:02:48, Break away from old habits and lock onto new joys If you only More for Virgo https t co ytH6jMhay1 , czdorji , ,2199,Thimphu 
2019-12-22 08:01:17, Kaleidoscopes are the playgrounds for light You are so famili More for Sagittarius https t co FfKav1h4Nc , kintsho bht , ,28,Thimphu 
2019-12-22 08:01:09, Your ability to keep working until a task is complete is well More for Taurus https t co EECfQYA8HL , cixx67 , ,1493,Thimphu 
2019-12-22 08:00:17, Inner turmoil comes from your old memories today Thankfully More for Pisces https t co uojyhA9mo8 , LobzangYeshey1 , ,296,Thimphu 
2019-12-22 07:05:25, Wish you lots of happiness and good luck on your 11th birthday Tashi pem may god bless you and always be strong and may all your dreams come true love you Thanks for always been there for me Always do things https t co QUueSCbox1 , Tour4Bhutan , ,73,Thimphu 
2019-12-22 07:04:39, Happy Holidays Folks 2019 was Awesome Let xe2 x80 x99s wish 2020 even better https t co NPXejctfkT , bhutan majestic , ,1119,Thimphu 
2019-12-22 06:45:34, CleanBhutan Keep up the good work , karmat bhutan , ,247,Thimphu 
2019-12-22 05:47:51, Sangaywk I agree with you , namgayzam , ,20481,Thimphu 
2019-12-22 05:32:09, Morning Jam session with my cuties kriyesha krinisha daddyslittlegirls Thimphu Bhutan https t co kGZ7Tpo3k1 , bharatbugss , kriyesha krinisha daddyslittlegirls ,62,Thimphu 
2019-12-22 05:05:35, Alishgurung BeingSalmanKhan Servant and this girl Thot you knew Hindi xf0 x9f x98 x82 , yogeshdahal , ,196,Thimphu 
2019-12-22 03:56:18, Little known fact I love ramen I can xe2 x80 x99t stand packaged ramen in the US I have asked friends in plant communities to send packs of ramen shipping is more than cost the Philippines are good but Hungary had the https t co rkHnAoCwAP , offwidthe , ,165,Thimphu 
2019-12-22 03:18:11, 22 12 2019 Today is Winter solstice shortest day of the year for northern hemisphere , jamja79 , ,487,Thimphu 
2019-12-22 01:01:24, witchernetflix netflix If I had to put it in 2 words this season is charming mess Inconsistent plot confusing time skips geralt story and Ciri story disconnect wasted potential on yennifer but great casting pleasantly surprised especially by dandelion and great acting with lots of charming dialogues , chunjurrinchhen , ,185,Thimphu 
2019-12-22 00:58:38, Neil Druckmann Hope your game won t be as bad as this if you think this was good in worried about last of us 2 , chunjurrinchhen , ,185,Thimphu 
2019-12-21 22:59:14, I take my pleasures seriously I work hard and play well I believe in yin and yang of life It doesn xe2 x80 x99t take a lot to make me happy because I find satisfaction in so much of what I do I am consciously attuned most xe2 x80 xa6 https t co LbidDdY54A , sangaychodens , ,187,Thimphu 
2019-12-21 20:00:13, HRH Prince Jigyel Ugyen Wangchuck granted an audience to a contingent of athletes and members who represented Bhutan at the 13th South Asian Games held in Nepal Dec 1 10 2019 and congratulated the athletes who won medals pc Facebook mybhutan royalfamily happiness https t co tABW10immD , MyBhutan , mybhutan royalfamily happiness ,926,Thimphu 
2019-12-21 18:20:50, RaspaPLUSdevi thank you la , sonamtenzin244 , ,521,Thimphu 
2019-12-21 18:13:40, having someone in ur life to share your thoughts emotions feelings and problems is enough even if he is your ex thankfulbeyondwords Thank you Harry for being there for me always xe2 x98 xba xef xb8 x8f xe2 x98 xba xef xb8 x8f , sonamtenzin244 , thankfulbeyondwords ,521,Thimphu 
2019-12-21 18:00:14, Want to visit Bhutan We are the only platform that lets you design your trip with an expert experience designer choose from our favorite experiences OR craft your own custom experience at the lowest government rate MyBhutan MyBhutanDesign MyBhutanExplorer https t co v9vGUsKu8D , MyBhutan , Bhutan MyBhutan MyBhutanDesign MyBhutanExplorer ,926,Thimphu 
2019-12-21 17:30:48, I stand with sid sidharth shukla , kezwon , ,4,Thimphu 
2019-12-21 17:16:54, ColorsTV TheRashamiDesai sidharth shukla Vivo India BeingSalmanKhan I stand wid sid dis rashmi is reli irritating , kezwon , ,4,Thimphu 
2019-12-21 16:12:23, At first I hate it Then I explain it to other people Get some suggestions and opinion If maximum person likes it Then I started to fall for it Thank god it happen only with the things otherwise I ll be in so much trouble till now xf0 x9f x98 x81 , Kenchoo7 , ,308,Paro 
2019-12-21 15:33:50, The RegionalSymposium on OrganicAgriculture in Paro concluded with the adoption of a strong resolution that all HKH countries have great potential for using organic farming as a means to achieving the SustainableDevelopmentGoals OrganicIsPartOfTheSolution https t co r4xb8AzVHs , moafbhutan , RegionalSymposium OrganicAgriculture Paro HKH SustainableDevelopmentGoals OrganicIsPartOfTheSolution ,407,Thimphu 
2019-12-21 14:50:54, heroixw Mao w rep ampe 1000 ah , classyliaa , ,172,Thimphu 
2019-12-21 14:39:07, Zoom it see a tiny little fish https t co AJW6AWuk6N , Kenchoo7 , ,308,Paro 
2019-12-21 14:04:27, heroixw Anyonk , classyliaa , ,172,Paro 
2019-12-21 13:55:23, cringngedup3 This auto type basketball , karmat bhutan , ,247,Thimphu 
2019-12-21 13:54:43, cringngedup3 I mean basketball and others baseball and football game is very expensive , karmat bhutan , ,247,Thimphu 
2019-12-21 13:53:57, cringngedup3 Wow that xe2 x80 x99s a huge revenue I wish we have free sports especially football and baseball facilities Currently everything is business I wish and pray that the Gross National Happiness which is a special gift of our Great K4 should be upheld and supported by government and agencies , karmat bhutan , ,247,Thimphu 
2019-12-21 13:53:45, Leisure lunch food lunch foods eat tlc thimphu https t co dVMK5hcnKA , worldtourplan09 , food lunch foods eat tlc thimphu ,198,Thimphu 
2019-12-21 13:44:56, Drukair Thanks for such programme It will be huge benefits to all those students Students from remote districts will be feeling so happy and appreciative , karmat bhutan , ,247,Thimphu 
2019-12-21 13:10:39, Yogi getting his revenge and ordinary citizens including children making the ultimate sacrifice in an attempt to protect their Constitutional rights The Indian Supreme Court Justices should hang their heads in shame https t co Wrd3Sn9hhn , TenzingLamsang , ,17977,Thimphu 
2019-12-21 12:47:11, oohsvhun RPAutoBase mmgkonyel Liat loc gua dong xf0 x9f x98 x97 , classyliaa , ,172,Thimphu 
2019-12-21 11:56:57, GW18 FPL forgot the deadline xf0 x9f xa4 xa6 xe2 x80 x8d xe2 x99 x82 xef xb8 x8f , ugyentd , GW18 FPL ,37,Thimphu 
2019-12-21 11:31:38, Teamwork constructs clever solutions today especially while o More for Capricorn https t co p6mL9a2MGB , yiwangpindarica , ,6942,Thimphu 
2019-12-21 11:24:31, Now apply for Thai Visa from your finger tip , ucdorji , ,311,Thimphu 
2019-12-21 10:53:46, Foundational in service training FIT to equip technical graduates to carry out responsibilities professionally and effectively Perhaps the most needed program getting introduced on right time https t co ulQNxT8zPy , monutamang , ,317,Thimphu 
2019-12-21 10:42:56, RBP says investigation still on after forensic report says strangulation is probable cause of death of Dena Koirala https t co 6UPb4xaGqy , ChhedupSangay , ,889,Thimphu 
2019-12-21 10:19:27, tehseenp Useless and doesn xe2 x80 x99t make sense , nidhi bhattarai , ,2,Thimphu 
2019-12-21 10:04:06, Top Things to do in Thimphu Places in Thimphu that is most favored by tourists The must visit places for all tourists visiting Thimphu xe2 x80 xa6 https t co BGKlBgjnqt , duptshering6 , ,434,Bhutan 
2019-12-21 09:55:05, I hope things are working out well xf0 x9f x98 x81 xf0 x9f x98 x81 xf0 x9f x98 x81 , Tsherin01031084 , ,3,Thimphu 
2019-12-21 09:51:58, I am very happy to receive many relics and dharma pills from Gomchung Dhendup today These has added to my tengam 32 more numbers and totalling it over 350 items now Thank you very much , nangseld123 , ,5,Thimphu 
2019-12-21 09:31:14, karmat bhutan The two artificial turf collects about 500 000 a week in Thimphu I can not comprehend what comes in and goes out , cringngedup3 , ,48,Thimphu 
2019-12-21 09:04:11, Tentative Bhutan Festival Dates for 2020 Bhutan Festival Dates 2020 Use this Bhutan festival calendar to plan your trip to Bhutan NOTE Festival dates are tentative and may change Therefore you are requested to xe2 x80 xa6 https t co HjTpNw5GgC , duptshering6 , ,434,Bhutan 
2019-12-21 08:37:26, ycrinzin Oh thank you xf0 x9f x99 x8f xf0 x9f x99 x8f xf0 x9f x99 x8f and of course I smelled a rat la , ChhedupSangay , ,889,Thimphu 
2019-12-21 08:02:43, Gathering seeds of information is necessary today if you want More for Virgo https t co ytH6jMhay1 , czdorji , ,2199,Thimphu 
2019-12-21 08:01:13, Mysteries add fascination to everyday living Whether you know More for Sagittarius https t co FfKav1h4Nc , kintsho bht , ,28,Thimphu 
2019-12-21 08:01:05, Advance your position by addressing what your relationships ha More for Taurus https t co EECfQYA8HL , cixx67 , ,1493,Thimphu 
2019-12-21 08:00:16, Venturing away from your usual route rattles your routine and More for Pisces https t co uojyhA9mo8 , LobzangYeshey1 , ,296,Thimphu 
2019-12-21 07:53:03, TenzingLamsang PM Nepal DilliDurAst This is not necessary to address the nation it will calm down as the time passes by Congress and other oppositions are just accelerating the cases , nidhi bhattarai , ,2,Thimphu 
2019-12-21 06:55:43, Royal Address on the 112th National Day https t co wfv8KlmeM4 https t co Uic5FSSVxg , tsheridorji , ,207,Thimphu 
2019-12-21 05:28:50, BMF s three day Advanced Media Literacy Workshop successfully ended yesterday The participants were from National Assembly of Bhutan National Council government agencies corporations CSOs media houses teachers and lecturers InclusiveMediaLiteracyforDemocraticEmpowerment https t co w9jJC7LDVL , BhutanMediaFdn , InclusiveMediaLiteracyforDemocraticEmpowerment ,693,Thimphu 
2019-12-21 05:13:40, On the way up to Paro Taktsang The Taktsang Palphug Monastery is one of the most famous destinations of the country and the cultural icon of Bhutan Visiting the Paro Taktsang Monastery is an unforgettable experience xe2 x80 xa6 https t co BE9f9KoOJZ , SHimalayaT , ,269,Bhutan 
2019-12-21 04:34:58, chokey Yeah xf0 x9f x98 x81 xf0 x9f x98 x80 , Kenchoo7 , ,308,Paro 
2019-12-21 03:19:52, Me too https t co qV2IwqCY4j , namgayzam , ,20481,Paro 
2019-12-21 03:04:38, alok pandey the hindu omar7rashid lkopolice Must be condemned in the strongest language Shameful by lkopolice , TenzingLamsang , ,17977,Thimphu 
2019-12-21 02:59:21, India xe2 x80 x99s Information Ministry effectively asking channels not to cover the CAA NRC Protests or interview people in the protests The question to ask is if an effective emergency has been declared by a ban on protests and media content https t co bZX838aed3 , TenzingLamsang , CAA NRC Protests ,17977,Thimphu 
2019-12-21 02:28:57, RPLWORLD Match , classyliaa , ,172,Thimphu 
2019-12-21 02:18:15, hallfsun Omegad , classyliaa , ,172,Thimphu 
2019-12-21 02:02:13, heroixw Jele , classyliaa , ,172,Thimphu 
2019-12-21 00:00:27, Christmas is around the corner festive mood Everywhere I go I hear shingles amp jingles of plans amp excitements Why won xe2 x80 x99t we after a very hard working year we need one in fact we deserve one My social feeds are xe2 x80 xa6 https t co M7W5Ibx9RY , sangaychodens , ,187,Thimphu 
2019-12-20 22:33:56, critiqueamaira RealVinduSingh Dis is wat happens whn u r given da power n u do not knw wat to do stupid asim , kezwon , ,4,Thimphu 
2019-12-20 19:00:37, 2 2 5 Govt sources , TenzingLamsang , ,17977,Thimphu 
2019-12-20 18:32:57, Perfect https t co xe8J0GkXiE , Tour4Bhutan , ,73,Thimphu 
2019-12-20 18:28:22, sidharth shukla do not spare n e of thm dis ppl r onli trying to pull u down u r a lone rider da king n will alys be , kezwon , ,4,Thimphu 
2019-12-20 18:24:53, pinkvilla sidharth shukla Rashmi is only playing woman card she has no reason to jump in da conversation of sid n asim she disgusts more nw n thinks tht since ahe has asim arhan n vishal as her back can do n e thing they r a group of zero disgu9pack of wolves , kezwon , ,4,Thimphu 
2019-12-20 18:13:04, RealVinduSingh out of no whr jumps in n thn make it a huge issue with tht word nukrani sid has reli nt meant it in n e way bt dis pack of wolves make it a huge drama playing women card everytym n dis arhan n vishal has no ther wrk bt jus to irritate sid stay steong sid , kezwon , ,4,Thimphu 
2019-12-20 18:00:31, Artistic beauty awaits you at every corner in Bhutan Unique and awe inspiring here is one architectural standout that is a must see MyBhutanArt MyBhutanArchitecture Architecture wanderlust adventureseeker doyoutravel travelmore goexplore https t co oR5zPns4VL , MyBhutan , MyBhutanArt MyBhutanArchitecture Architecture wanderlust adventureseeker doyoutravel travelmore goexplore ,926,Thimphu 
2019-12-20 17:10:29, PM Nepal DilliDurAst And now deleted after a good hour on the PM xe2 x80 x99s wall xf0 x9f x98 x81 Maybe a Faux Pas , TenzingLamsang , ,17977,Thimphu 
2019-12-20 17:05:02, dhairya c31 PM Nepal DilliDurAst This is the one https t co kU3HFfHKqm , TenzingLamsang , ,17977,Thimphu 
2019-12-20 16:47:11, In other news the official Twitter account of Nepal xe2 x80 x99s PM PM Nepal Retweets a tweet by Indian journalist and my college mate DilliDurAst questioning Modi for not addressing the nation calmly like Sonia Gandhi over the CAA NRC protests xf0 x9f x98 x81 https t co bsbrH29lZu , TenzingLamsang , CAA NRC ,17977,Thimphu 
2019-12-20 16:36:43, The Goldfinch is one of the most painful and beautiful story I have ever read , sandeeps13 , ,271,Thimphu 
2019-12-20 16:22:54, RayDivya DelhiPolice Yes the Ahmedabad video of the police under attack was terrible too and must be condemned Just that RW videos cut out the part where Muslim youth formed a human wall and saved the cops from stone pelters , TenzingLamsang , ,17977,Thimphu 
2019-12-20 16:02:06, Tune in to Episode 8 of Migrationology in Bhutan for EYE BULGING EEZAY The episode premieres on our Facebook page on Saturday at 10 30AM EST 12AM BTT https t co 1iuCsq5p2J , MyBhutan , ,926,Thimphu 
2019-12-20 15:57:32, Horrific DelhiPolice go on the rampage in Daryaganj https t co rrSgDIFb5E , TenzingLamsang , ,17977,Thimphu 
2019-12-20 15:20:12, I am sorry it s the hardest words to say in person when u really mean it , Kenchoo7 , ,308,Paro 
2019-12-20 15:17:11, chokey Oh I also got one last time but had disappeared before we finish that as I was planning to have that money legally , Kenchoo7 , ,308,Paro 
2019-12-20 14:28:44, oceans 77 Cheers man Let s do this xe2 x9c x85 xf0 x9f x94 xa5 , chunjurrinchhen , ,185,Thimphu 
2019-12-20 14:27:12, oceans 77 Whats PK , chunjurrinchhen , ,185,Thimphu 
2019-12-20 14:22:29, Not all who rebel are saints Let me bide my time And teach you who the real Saint is , sandeeps13 , ,271,Thimphu 
2019-12-20 14:12:25, I get to go to all these beautiful places so it s nice being able to take pictures of it Visit Bhutan 2020 happiness bhutan peace , butterlamptours , happiness bhutan peace ,42,Thimphu 
2019-12-20 14:04:29, Snacks Thimphu Bhutan https t co MdWQYJhv8u , Bhutantravels , ,1078,Bhutan 
2019-12-20 13:19:53, People come to heal at Gasa Tsachu but the sanitation and hygiene conditions left behind by visitors there can make you sick Among the thousands who come there only few good people care about place and dedication https t co NsbPut3C00 , PaSsu Diary , ,5950,Bhutan 
2019-12-20 13:03:52, Is it alright for civil servants to take leave from their offices and drive taxis , monutamang , ,317,Thimphu 
2019-12-20 12:21:34, nadircazi Look at the video , TenzingLamsang , ,17977,Thimphu 
2019-12-20 11:31:41, The nuts and bolts of your job may steal a chunk of your undiv More for Capricorn https t co p6mL9a2MGB , yiwangpindarica , ,6942,Thimphu 
2019-12-20 11:28:40, rakesh mishra PG1333333 No idiot our border is closed , TenzingLamsang , ,17977,Thimphu 
2019-12-20 11:17:08, The ethos of India are giants like Puroshottama Ram Gautam Buddha Emperor Ashok Akbar Mahatma Gandhi amp B R Ambedkar It is NOT an Austrian German psychopath in a short mustache who murdered 6 mn Jews only because they were different or a black shirted Fascist crook in Italy , TenzingLamsang , ,17977,Thimphu 
