2020-06-29 14:22:11, Pleased to have witnessed along with DrSJaishankar the signing of the first ever JV hydroelectric project between Bhutan and India The Concession Agreement for 600 MW Kholongchhu Hydroelectric Project marks another milestone in the Bhutan India hydropower cooperation , FMBhutan , ,3265,Thimphu 
2020-06-29 14:18:26, HRH Dasho Ugyen Jigme Wangchuck completed the 38th batch Accelerated De suung Training in April 2020 and takes pride to join the fellow De suups for COVID 19 duty amp patrolling duty in Babesa Changjiji and Changzamtog areas in Thimphu along with De suups and RBP personnel https t co iZEm0E5dOq , business bhutan , ,10351,Thimphu 
2020-06-29 13:51:00, A sincere appeal from the frontlineworkers Follow the newnorm cause we ve got to live with COVID19 PMBhutan dwangmothimphu COVID 19BHU https t co UehdYCr8Es , MoHBhutan , frontlineworkers newnorm COVID19 COVID 19BHU ,1356,Thimphu 
2020-06-29 13:49:07, A sincere appeal from the frontlineworkers Follow the newnorm cause we ve got to live with COVID19 PMBhutan dwangmothimphu COVID 19BHU https t co LcwYtLksp9 , MoHBhutan , frontlineworkers newnorm COVID19 COVID 19BHU ,1356,Thimphu 
2020-06-29 13:46:38, My account of how public trust in the government amp clergy came in handy to fight the pandemic in Bhutan zero deaths no community transmission only 32 active cases https t co ay1PoE3LPm , namgayzam , Bhutan ,22550,Thimphu 
2020-06-29 13:17:21, NathanBaconFC Don t be a cheeky scroller subscribe to Nathan bacon xf0 x9f xa4 xa3 xf0 x9f xa4 xa3 Am I right , DeependraKoira5 , ,8,Thimphu 
2020-06-29 13:11:48, Very sad https t co q0bkUH3jLj , ChhedupSangay , ,1065,Thimphu 
2020-06-29 12:51:25, My account of how public trust in the government and clergy came in handy to fight the pandemic in Bhutan https t co 7VKWOmhyI9 , namgayzam , Bhutan ,22550,Thimphu 
2020-06-29 12:47:00, 2nd Launch anniversary of BIRDS 2 BHUTAN 1 MAYA 1 UiTMSat 1 satellites https t co gHg3aT1eoF https t co DHqVScKhJc , pradhan557 , ,256,Thimphu 
2020-06-29 12:43:31, zyreenn Take care bro , uchiha soma , ,34,Thimphu 
2020-06-29 12:38:46, good evening Miss Rao Sb pls have coffee with me https t co hdE8RNqmQB https t co Zu13vgszD0 , SyedSaa1 , ,1574,Thimphu 
2020-06-29 11:51:19, Written Examination Result for Senior Lecturer Lecturer Associate Lecturer xc2 xa0Anatomy https t co xBKgvFmFL3 , umsb123 , ,52,Thimphu 
2020-06-29 10:47:24, nanro v Hey homie xf0 x9f x98 x88 , uchiha soma , ,34,Thimphu 
2020-06-29 10:16:19, My work place has too many supervisors and lead person there are the real ones and than there are self claimed ones , chenchodm , ,232,Thimphu 
2020-06-29 09:31:54, zyreenn I ll be your friend , uchiha soma , ,34,Thimphu 
2020-06-29 09:09:30, zyreenn XD sorry zy xf0 x9f xa4 xa3 but the beta sure is full of bugs and unfinished business Rn I can t smelt gold ore to gold ingot , uchiha soma , ,34,Thimphu 
2020-06-29 09:04:57, zyreenn Creative zyreen seriously , uchiha soma , ,34,Thimphu 
2020-06-29 09:04:18, LorddeviI zyreenn You have a friend here , uchiha soma , ,34,Thimphu 
2020-06-29 08:03:00, xf0 x9d x90 x86 xf0 x9d x90 x9a xf0 x9d x90 xa5 xf0 x9d x90 x9a xf0 x9d x90 xb1 xf0 x9d x90 xb2 xf0 x9d x90 x8c xf0 x9d x9f x8e xf0 x9d x9f x8f xf0 x9d x90 xa7 xf0 x9d x90 xa8 xf0 x9d x90 xb0 xf0 x9d x90 xa2 xf0 x9d x90 xa7 xf0 x9d x90 x81 xf0 x9d x90 xa1 xf0 x9d x90 xae xf0 x9d x90 xad xf0 x9d x90 x9a xf0 x9d x90 xa7 Learn more https t co IlmDbGPAuC tashicell samsungbhutan galaxym01 https t co lDCme2Mqf5 , TashiCell , tashicell samsungbhutan galaxym01 ,1744,Thimphu 
2020-06-29 08:00:10, Happiness is discovering a park and a lush patch of colour and green in your own backyard right in the heart of your neighbourhood Mothithang Thimphu ParksAndRecreation SummerInTheThunderDragon Motithang https t co EOYFShst2R , LovenRamos , Mothithang Thimphu ParksAndRecreation SummerInTheThunderDragon ,2132,Bhutan 
2020-06-29 07:36:45, TRIP TO 13th CENTURY OLD THADA GYEMPA THIMPHU https t co FnqA6O1Tfq via YouTube Beautiful Hike , somdomusic , ,26,Bhutan 
2020-06-29 07:01:08, A little retail therapy today could become cause for regret T More for Sagittarius https t co FfKav1h4Nc , kintsho bht , ,30,Bhutan 
2020-06-29 07:01:00, Work may be a source of strain as tons of tiny tasks keep you More for Taurus https t co EECfQYA8HL , cixx67 , ,1510,Thimphu 
2020-06-29 07:00:15, Mixing friends with finances is a bad idea today It xe2 x80 x99s possibl More for Pisces https t co uojyhA9mo8 , LobzangYeshey1 , ,314,Thimphu 
2020-06-29 06:34:26, Turning a new leaf in xf0 x9f x87 xae xf0 x9f x87 xb3 xf0 x9f x87 xa7 xf0 x9f x87 xb9 hydropower cooperation Concession Agreement of the Kholongchhu Hydroelectric Power Project signed this morning which is the 1st India Bhutan Joint Venture in hydropower Please read the press release here https t co ihsqx5A3zZ , Indiainbhutan , ,10090,Thimphu 
2020-06-29 04:16:06, xd8 xac xd8 xa6 xdb x92 xd8 xa8 xda xbe xd9 xb9 xd9 x88 xdb x94 good morning Happy Monday https t co MJI1zUAHLu https t co KYTFLz3i2P , SyedSaa1 , ,1574,Thimphu 
2020-06-29 03:45:51, Thank you la Enjoyed your acting prowess and movies like Saudagar 1942 Khamoshi Dil se and many others No other Bollywood actress could bring that special Himalayan charm to the big screen and silver screen Honored to be followed by our region xe2 x80 x99s biggest star xf0 x9f xa4 xa9 xe2 x98 xba xef xb8 x8f https t co tKiocRIYyi , TenzingLamsang , ,22669,Thimphu 
2020-06-29 02:55:02, good morning Miss Rao Sb happy new week https t co hdE8RNqmQB https t co Z4NET4ykko , SyedSaa1 , ,1574,Thimphu 
2020-06-29 02:38:12, sagarkamat Ohhh Yup Rarely came to Tempe Downtown wasn xe2 x80 x99t as colourful a place if you know what I mean , namgayzam , ,22550,Thimphu 
2020-06-29 02:11:31, rightIess Super , uchiha soma , ,34,Thimphu 
2020-06-29 01:18:08, Extensive media coverage of the handing over of the xf0 x9f x87 xae xf0 x9f x87 xb3 xf0 x9f x87 xa7 xf0 x9f x87 xb9 eLibrary a digital connect for education across Bhutan which was envisioned by PM narendramodi https t co JyYUeTqRlY , Indiainbhutan , ,10090,Thimphu 
2020-06-29 00:53:40, realDonaldTrump Applies to all xf0 x9f x98 x8f xf0 x9f x99 x84 , BidhaChencho , ,95,Paro 
2020-06-28 19:58:07, BIG GROUP PICTURE FOR FRIGHT HIGH i live there now https t co GJnZNvgkW5 lt for complete list of character ownership only 4 of these babes are mine art ArtistOnTwitter artist artwork originalcharacters https t co N19AeMBaf9 , Caniiibal , art ArtistOnTwitter artist artwork originalcharacters ,112,Thimpu 
2020-06-28 17:27:57, ChampionsLeague FCBayernEN Where is Coutinho , Dtsheringalias2 , ,36,Thimphu 
2020-06-28 17:02:29, sagarkamat Still in AZ , namgayzam , ,22550,Thimphu 
2020-06-28 16:52:05, krakancrack I believe in P2P Always did Always will , namgayzam , ,22550,Thimphu 
2020-06-28 16:51:19, Discovery of the biscuit not store in AZ was surprising so it brought me joy expecially since I was a bit homesick Parle G brought me home xf0 x9f x92 x93 , namgayzam , ,22550,Thimphu 
2020-06-28 16:47:14, Parle G an Indian biscuit is my favourite I found it being sold in a Chinese store when I was in the US Arizona The discovery brought me immeasurable happiness Makes one wonder why governments have to go and ruin everything , namgayzam , ,22550,Thimphu 
2020-06-28 16:40:31, shmueli Parle G fan Made me so happy to find them when I was living in Arizona and found them at a Chinese store xf0 x9f x98 x82 , namgayzam , ,22550,Thimphu 
2020-06-28 15:27:43, INCIndia rssurjewala We feel ashamed to listen to your fake patriotic talk Did nothing right during your turn and barking now as against the efficient government This shows all your weaknesses Useless , nidhi bhattarai , ,3,Thimphu 
2020-06-28 15:01:42, good evening glad to view your tweet God bless you https t co g4yoMahsig https t co Z3ma7SGWOv , SyedSaa1 , ,1574,Thimphu 
2020-06-28 14:59:55, good evening Miss Rao Sb https t co bsW9mSwyVy https t co 49SDY1kbTu , SyedSaa1 , ,1574,Thimphu 
2020-06-28 14:54:43, Weekend ride https t co 9OYq8Sf8NJ , Jagpamelen , ,519,Thimphu 
2020-06-28 14:01:51, Sometimes i think i should kill myself and blame my mother for my death The knife seems so friendly , its Astrophile , ,3,Thimphu 
2020-06-28 13:21:50, I want to cut off myself from this family , its Astrophile , ,3,Thimphu 
2020-06-28 12:22:42, It s a blessing time blessesd dairies destinations journey adventuretime ig bhutan amazing bhutan Bhutan xe0 xbd xa0 xe0 xbd x96 xe0 xbe xb2 xe0 xbd xb4 xe0 xbd x82 xe0 xbc x8b xe0 xbd xa2 xe0 xbe x92 xe0 xbe xb1 xe0 xbd xa3 xe0 xbc x8b xe0 xbd x81 xe0 xbd x96 xe0 xbc x8b https t co TWJWKYZNHX , Shachagyeltshen , blessesd dairies destinations journey adventuretime ig bhutan amazing bhutan ,124,Thimphu 
2020-06-28 11:59:18, AchuKhegpa I understand Many reports specially of trade and investment says it s access to credit is a challenge So much so that I thought it s true People wouldn t borrow to buy rice and cheese but certainly to make some increment , ChhedupSangay , ,1065,Thimphu 
2020-06-28 10:20:04, rightIess BuildIntoGames Bro best , uchiha soma , ,34,Thimphu 
2020-06-28 10:05:16, nanro v Another vid , uchiha soma , ,34,Thimphu 
2020-06-28 10:05:02, zyreenn Give me some xf0 x9f x98 x86 , uchiha soma , ,34,Thimphu 
2020-06-28 09:58:27, saimabhabi34 follows her dea , SyedSaa1 , ,1574,Thimphu 
2020-06-28 09:54:58, nanro v Sup pizza , uchiha soma , ,34,Thimphu 
2020-06-28 09:51:00, zyreenn Try to friend her , uchiha soma , ,34,Thimphu 
2020-06-28 09:37:05, Meri Phunsum Haa Blessed Bhutan https t co iOQve3S4Ss , ChhedupSangay , Bhutan ,1065,Thimphu 
2020-06-28 09:35:24, BHTFLASHNEWS Fair calculation la Thank you for making me think But let me also think that if in a household both wife and husband have loan account then your presumption will fall half the number la , ChhedupSangay , ,1065,Thimphu 
2020-06-28 08:34:42, A company of crows exuding some big time George R R Martin vibes at the Clock Tower Square crows Thimphu BirdsOfTheThunderDragon Thimphu Bhutan https t co sE2h3S08bs , LovenRamos , crows Thimphu BirdsOfTheThunderDragon ,2132,Bhutan 
2020-06-28 08:32:30, BerkeleySqB Looking forward to reading your post , bhutannorter , ,453,Thimphu 
2020-06-28 07:59:04, UltimateGrowthEngine DigitalMarketing DigitalSales Signup Today https t co ZWCb8Q6We8 https t co DcVycFRgMk , TingKarr8 , UltimateGrowthEngine DigitalMarketing DigitalSales ,31,Thimphu 
2020-06-28 07:29:04, BHTFLASHNEWS That makes sense of course And of course we don t expect entire population to have loan account but things should be bit better I can t count without calculation My mind says more loan means more cash at hand and more activities , ChhedupSangay , ,1065,Thimphu 
2020-06-28 07:01:15, good afternoon Miss Rao glad to know that you are from Punjab https t co rHIdc2z4wt https t co JvNfLHu6Km , SyedSaa1 , ,1574,Thimphu 
2020-06-28 07:01:08, When it comes to a long held dream even if you truly want to More for Sagittarius https t co FfKav1h4Nc , kintsho bht , ,30,Thimphu 
2020-06-28 07:01:00, The best way to become a wealth magnet is to fully savor the t More for Taurus https t co EECfQYA8HL , cixx67 , ,1510,Thimphu 
2020-06-28 07:00:15, Don t let today s procrastination be tomorrow s problem If yo More for Pisces https t co uojyhA9mo8 , LobzangYeshey1 , ,314,Thimphu 
2020-06-28 06:08:49, Learned that there are 1 20 000 people who have loan from the FIs This number surprised me Out of 750k population only 120k has been benefited from the lending services Which means only 16 of Bhutanese people have borrowed money from the Banks Not a good thing to know , ChhedupSangay , ,1065,Thimphu 
2020-06-28 05:25:44, DylanTallchief Is it possible to copy and paste the same notes to another pattern to use with another instrument , Xiao920 , ,89,Thimphu 
2020-06-28 05:04:31, Somewhere in Bhutan https t co 0AaTtKVkO5 , ChhedupSangay , Bhutan ,1065,Thimphu 
2020-06-28 04:55:15, BadKlaat The new amp hot chart is also shit , Xiao920 , ,89,Thimphu 
2020-06-28 04:47:03, tynanofficial Lol wait till you hear luffys baka song , Xiao920 , ,89,Thimphu 
2020-06-28 03:33:26, rightIess Busy rn homie , uchiha soma , ,34,Thimphu 
2020-06-28 02:01:11, PChidambaram IN This crap was lucky as he got his term to serve the nation during the period of corruption , nidhi bhattarai , ,3,Thimphu 
2020-06-27 20:44:54, I have visited Israel two times and absolutely loved being there I saw a post with all your beautiful fruit and vegetables at the market I would dearly love to come back again She is my girlfriend she is from Yarusalem https t co x6a34gDze8 , SyedSaa1 , ,1574,Thimphu 
2020-06-27 17:06:41, passangyt A week before local chilli costs nu 400 , KinzangDendup1 , ,217,Thimphu 
2020-06-27 17:04:28, Cden0916 God spoke through you xf0 x9f x99 x8c , chewangtobgay , ,58,Thimphu 
2020-06-27 16:32:54, Thank you xf0 x9f x99 x8f xf0 x9f x8f xbb xf0 x9f x99 x8f xf0 x9f x8f xbb xf0 x9f x99 x8f xf0 x9f x8f xbb Your Majesty la PM Address Prime Minister Dr Lotay Tshering on behalf of the nation thanked his Majesty The King for the interest waivers loan deferment and the Druk Gyalpo s Relief Kidu for affected citizens during the last three months Source BBS https t co yHHRzEuzP3 , FlyingBirdTour , PM Address ,27,Thimphu 
2020-06-27 16:23:48, KenchoTenzy sure wait u at paro , BekaySubba , ,54,Thimphu 
2020-06-27 14:43:59, Life is beautiful a beautiful mess fitness FridayVibes StaySafe https t co yfiS6lIChS , KinzangCheki , fitness FridayVibes StaySafe ,12,Bhutan 
2020-06-27 14:19:43, I think this is not perception but a reality Favouritism in public service delivery the most prevalent form of corruption https t co n1bZ6heeau , ChhedupSangay , ,1065,Thimphu 
2020-06-27 14:05:39, But please let us not rely on His Majesty s Kidu for our living Let us take up any job work hard to earn and support eachother xf0 x9f x99 x8f xf0 x9f x99 x8f xf0 x9f x99 x8f , ChhedupSangay , ,1065,Thimphu 
2020-06-27 14:03:30, At this time we have to thank His Majesty The King wholeheartedly His Majesty s leadership is truly exemplary and truly compassionate Words can t describe how thankful we are Thank You Your Majesty , ChhedupSangay , ,1065,Thimphu 
2020-06-27 14:01:13, Under Royal Kidu of His Majesty in response to COVID Bhutan is the only country where all citizens got a 6 month loan interest waiver March to September 2020 amp 50 loan interest waiver for another 6 months till March 2021 Loan EMI deferred for 15 months till June 2021 xf0 x9f x99 x8f xf0 x9f x87 xa7 xf0 x9f x87 xb9 , TenzingLamsang , ,22669,Thimphu 
2020-06-27 13:49:34, I have briefly talked with friends working in the Ministry of Finance and asked them how affected we are in terms of our national budget Got to learned that our national budget is 14 lower than last FY That s not much if we carefully look at from our economic activities , ChhedupSangay , ,1065,Thimphu 
2020-06-27 13:46:42, Missed HE Prime Minister s national address today But learned that His Majesty has granted a Kidu of loan interest waiver for next couple of months Can t describe how thankful and fortunate to be living in Bhutan Kadrin Che la Your Majesty xf0 x9f x99 x8f xf0 x9f x99 x8f xf0 x9f x99 x8f , ChhedupSangay , ,1065,Thimphu 
2020-06-27 13:18:41, DechenwangmoM pchilimzam Thank you for your leadership and for keeping us safe xf0 x9f x99 x8f xf0 x9f x99 x8f xf0 x9f x99 x8f , pnamgyel , ,614,Thimphu 
2020-06-27 13:16:06, Name me one King leader in the world who pays the loans of his her people subjects as a Covid19 relief measure King Jigme Khesar Namgyal Wangchuck King of Bhutan xf0 x9f x87 xa7 xf0 x9f x87 xb9 More than 100 000 Bhutanese stand to benefit from the Royal Kidu , namgayzam , Covid19 ,22550,Thimphu 
2020-06-27 13:13:59, Who doesn t love trees But the idea that we xe2 x80 x99re going to solve the climate crisis by planting a trillion trees is a particular kind of lunacy https t co iqxWK2JyoL , pnamgyel , ,614,Thimphu 
2020-06-27 13:10:42, Update from PMBhutan on BBS Loan interest waived off for the next couple of months as part of His Majesty xe2 x80 x99s kidu and loans deferred for one year with additional govt monetary amp fiscal intervention Bhutanese people are beyond lucky xf0 x9f x87 xa7 xf0 x9f x87 xb9 xf0 x9f x99 x8f xf0 x9f x8f xbc Excerpt from press release https t co K5L5R379pW , namgayzam , ,22550,Thimphu 
2020-06-27 12:59:46, sonamtweetsx charlieputh xf0 x9f x98 x82 xf0 x9f x98 x82 u wanna fight Charlie Let Jisoo decide , ha na 08 , ,742,Thimphu 
2020-06-27 12:58:32, On field after 3 months soccer football https t co SlkLFU32uO , pradhan557 , soccer football ,256,Thimphu 
2020-06-27 12:47:53, e Library handed over to education ministry xc2 xa0 https t co uFIsAv8R5D , Indiainbhutan , ,10090,Thimphu 
2020-06-27 12:28:51, KenchoTenzy let us hv together xf0 x9f x98 x81 , BekaySubba , ,54,Thimphu 
2020-06-27 12:27:30, Our this week issue https t co 676j17WplJ , business bhutan , ,10351,Thimphu 
2020-06-27 12:01:08, 121GYUS Oh man i so can relate My heart literally vibrates at the sound of sungjin s voice xf0 x9f x98 xa9 xf0 x9f x92 x98 , Sonam Tshoks , ,21,Thimphu 
2020-06-27 11:36:30, ycrinzin Atleast I am glad that there are some who really know about Bhutan , cringngedup3 , ,54,Thimphu 
2020-06-27 10:57:47, pchilimzam Aunt just shared with me too Haha , namgayzam , ,22550,Thimphu 
2020-06-27 10:30:03, Did you know that Bhutan is the highest souvereign country in the world at an average altitude of 3 280m Unsurprisingly it is also one of the best countries for trekking and hiking Book your tour with us https t co dhBLlev6TN , bhutannorter , ,453,Thimphu 
2020-06-27 09:19:23, Which came first chicken or egg Neither both are not available in Thimphu xf0 x9f x98 x82 , binailama , ,516,Thimphu 
2020-06-27 09:17:24, Too many unknown faces Is this population explosion when the statistics says no xf0 x9f x98 x81 , binailama , ,516,Thimphu 
2020-06-27 09:03:26, As the ancient adage goes when one door closes another Trader Joe s opens QuotesFailMe DoorsOfBhutan EnterTheDragon Bhutan xe0 xbd xa0 xe0 xbd x96 xe0 xbe xb2 xe0 xbd xb4 xe0 xbd x82 xe0 xbc x8b xe0 xbd xa2 xe0 xbe x92 xe0 xbe xb1 xe0 xbd xa3 xe0 xbc x8b xe0 xbd x81 xe0 xbd x96 xe0 xbc x8b https t co jwtM9JvsUt , LovenRamos , QuotesFailMe DoorsOfBhutan EnterTheDragon ,2132,Bhutan 
2020-06-27 07:34:47, Congratulations Lt Col Karma Rigzin Also pleased to know that Bhutan has been upgraded to Tier 2 watchlist now https t co bPKcZjSlbI , FMBhutan , ,3265,Thimphu 
2020-06-27 07:01:07, Taking a risk could result in great reward today You xe2 x80 x99re eager More for Sagittarius https t co FfKav1h4Nc , kintsho bht , ,30,Thimphu 
2020-06-27 07:01:00, Working behind the scenes can be to your advantage today Don More for Taurus https t co EECfQYA8HL , cixx67 , ,1510,Thimphu 
2020-06-27 07:00:15, You may be up against some stiff competition but you could st More for Pisces https t co uojyhA9mo8 , LobzangYeshey1 , ,314,Thimphu 
2020-06-27 06:51:29, happy Saturday Miss Rao Sb https t co rHIdc2z4wt https t co 8GyihWDRlU , SyedSaa1 , ,1574,Thimphu 
2020-06-27 06:01:11, Ice Cream Date with my girls Never seen them this happy xf0 x9f xa4 xa3 daddyslittlegirls kriyesha krinisha Cloud 9 Gourmet Burger amp Milk Bar https t co JtmIlNM5hZ , bharatbugss , daddyslittlegirls kriyesha krinisha ,65,Thimphu 
2020-06-27 05:44:25, Great to embrace the light amp dark But be the ethometho when you are alive Picture KTDspeaks selfreflection soulbaring buddhist lightanddarkness trekkers360 xc2 xb0 trekinbhutan trekking buddhist ig bhutan bhutanese bhutan https t co onNcaWw00P , czdorji , ethometho selfreflection soulbaring buddhist lightanddarkness trekkers360 trekinbhutan trekking buddhist ig bhutan bhutanese bhutan ,2307,Thimphu 
2020-06-27 05:14:04, South Africa learned the hard way when we afforest ancient species rich grasslands with monocultures of alien trees xc2 xa0the rivers dry up and biodiversity is lost https t co yNwkx9emm1 , pnamgyel , ,614,Thimphu 
2020-06-27 04:53:38, xe2 x80 x98Ardha Baddha Padmottanasana xe2 x80 x99 or Half Bound Lotus Forward Bend as demonstrated by a group of yoga practitioners led by Ms Sonam Choden from Eastern Bhutan MyLifeMyYogaBHUTAN GharGharSeYoga InternationalDayofYoga2020 MEAIndia ICCR Delhi IndianDiplomacy moayush https t co exSQqZtmZo , Indiainbhutan , MyLifeMyYogaBHUTAN GharGharSeYoga InternationalDayofYoga2020 ,10090,Thimphu 
2020-06-27 04:36:50, Panoramic View of Thimphu City blessesd dairies adventuretime destinations journey Thimphu ig bhutan hike Thimphu Bhutan https t co r1YuxKJluI , Shachagyeltshen , blessesd dairies adventuretime destinations journey Thimphu ig bhutan hike ,123,Thimphu 
2020-06-27 04:17:06, Embracing the light amp the dark Picture KTDspeaks https t co h0RwYZbo2O , czdorji , ,2307,Thimphu 
2020-06-27 03:52:51, AchuKhegpa The insight is cute , pnamgyel , ,614,Thimphu 
2020-06-27 02:40:38, kairos catcher Awww hang in there xf0 x9f x92 x93 , namgayzam , ,22550,Thimphu 
2020-06-27 01:37:37, Goodmorning xf0 x9f x92 x95 xf0 x9f x99 x82 Happy weekends happyvibes xf0 x9f x92 x9c saturdaymorning staysafe xe2 x9d xa4 xef xb8 x8f Bhutan xe0 xbd xa0 xe0 xbd x96 xe0 xbe xb2 xe0 xbd xb4 xe0 xbd x82 xe0 xbc x8b xe0 xbd xa2 xe0 xbe x92 xe0 xbe xb1 xe0 xbd xa3 xe0 xbc x8b xe0 xbd x81 xe0 xbd x96 xe0 xbc x8b https t co XiU9SkYCkn , sonamch77788027 , happyvibes saturdaymorning staysafe ,1,Bhutan 
2020-06-27 01:10:58, Bhutan is an example of a true friend Never doubt my friends https t co ruhZRuXNjc , Swallowtail2014 , ,384,Thimphu 
2020-06-27 00:40:18, ndtv NDTV for telecasting an English tv news is mostly viewed in Bhutan However they speak and support other minor political parties like Congress amp AAP Media should report correct and true information to the public instead of tilting toward the political parties , nidhi bhattarai , ,3,Thimphu 
2020-06-27 00:26:27, namgayzam It xe2 x80 x99s just a fake news to regain political propongda in India BJP have become strong amp doing all the ways to build India and other minor political parties are blaming Modi government inciting Bhutan and other neighboring countries falling apart instead of building strong bonds , nidhi bhattarai , ,3,Thimphu 
2020-06-27 00:15:16, basicvaneRbx Gonna look like basicvane xf0 x9f x98 x84 , uchiha soma , ,34,Thimphu 
2020-06-26 21:18:32, I really miss some of my Paint tool sai brushes Idk how to put them recreate them in Clip studio heart break , Caniiibal , ,112,Thimpu 
2020-06-26 18:52:33, Life a journey https t co Gh9lD197Pv , backyardheaven , ,253,Thimphu 
2020-06-26 18:44:45, KrSanjayKrishna palkisu why did you report fake news about my country blocking water irrigation channel to India You xe2 x80 x99ve lost your credibility among Bhutanese viewers WION is Fake , ANANSG1 , ,0,Thimphu 
2020-06-26 18:37:27, palkisu why did you report fake news about my country blocking water irrigation channel to India You xe2 x80 x99ve lost your credibility among Bhutanese viewers WION is Fake , ANANSG1 , ,0,Thimphu 
2020-06-26 18:23:10, India Coronavirus active cases now only 38 91 Great recovery I think the timing of increasing the number of tests per day will help to find out and finish each and every case of Corona very soon https t co 1nDzfWBAob , backyardheaven , ,253,Thimphu 
2020-06-26 17:07:56, Not xe2 x80 x9creject xe2 x80 x9d You mean xe2 x80 x9ccorrect xe2 x80 x9d Indian media reaching new lows everyday with re to its neighbours The last I checked Bhutan was your only friend in the neighbourhood Indian media would do well not to ruin India xe2 x80 x99a relations with us https t co WvxGoFWo1e , namgayzam , ,22550,Thimphu 
2020-06-26 16:57:52, Cden0916 You are with wrong club Come to lfc You will never walk alone ChampionsOfEngland , ChhedupSangay , ChampionsOfEngland ,1065,Thimphu 
2020-06-26 16:41:04, palkisu WIONews Madam your news are hurting sentiments of many Bhutan xe2 x80 x99s people Your wrong misleading information what so call news is creating disharmony between two nations India And Bhutan Bhutan didn xe2 x80 x99t stop irrigation channel We want apology , LangaDorji7 , ,0,Thimphu 
2020-06-26 16:21:37, NijhumKhan17 thats great xf0 x9f x98 x83 xf0 x9f x98 x83 , ha na 08 , ,742,Thimphu 
2020-06-26 15:37:18, passangyt BBSBhutan No Google should be , ChhedupSangay , ,1065,Thimphu 
2020-06-26 15:32:17, DorjiWangchuk Choden says thank you xf0 x9f x99 x8f xf0 x9f x99 x8f xf0 x9f x99 x8f , ChhedupSangay , ,1065,Thimphu 
2020-06-26 15:16:48, BBSBhutan Chik Thuen has declared my daughter as the winner for Week 8 Quiz Congratulations to my daughter xf0 x9f x91 x8f xf0 x9f x91 x8f xf0 x9f x91 x8f https t co yLKWG4LBe9 , ChhedupSangay , ,1065,Thimphu 
2020-06-26 15:15:52, sonamtweetsx look at you look at me how you like that xf0 x9f x94 xa5 xf0 x9f x94 xa5 xf0 x9f x94 xa5 , ha na 08 , ,742,Thimphu 
2020-06-26 15:12:52, republic Why Congress is so scared now Every one is talking about Galwan valley Shame on congress , nidhi bhattarai , ,3,Thimphu 
2020-06-26 14:48:21, Oxford vaccine against Covid 19 in final stage of clinical trials via htTweets https t co uPBwMH5Hmd , ChhedupSangay , ,1065,Thimphu 
2020-06-26 14:39:02, kxsmo so much swagger you wanted to watch him play futbol few STs like him , Crocodilovic , ,47,Thimphu 
2020-06-26 14:12:24, xf0 x9d x97 xa2 xf0 x9d x97 xbb xf0 x9d x97 xb2 xf0 x9d x98 x80 xf0 x9d x98 x81 xf0 x9d x97 xbc xf0 x9d x97 xbd xf0 x9d x97 xb1 xf0 x9d x97 xb2 xf0 x9d x98 x80 xf0 x9d x98 x81 xf0 x9d x97 xb6 xf0 x9d x97 xbb xf0 x9d x97 xae xf0 x9d x98 x81 xf0 x9d x97 xb6 xf0 x9d x97 xbc xf0 x9d x97 xbb xf0 x9d x97 xb3 xf0 x9d x97 xbc xf0 x9d x97 xbf xf0 x9d x97 xae xf0 x9d x97 xb9 xf0 x9d x97 xb9 xf0 x9d x98 x86 xf0 x9d x97 xbc xf0 x9d x98 x82 xf0 x9d x97 xbf xf0 x9d x97 xb3 xf0 x9d x97 xb6 xf0 x9d x97 xbb xf0 x9d x97 xae xf0 x9d x97 xbb xf0 x9d x97 xb0 xf0 x9d x97 xb6 xf0 x9d x97 xae xf0 x9d x97 xb9 xf0 x9d x97 xbb xf0 x9d x97 xb2 xf0 x9d x97 xb2 xf0 x9d x97 xb1 xf0 x9d x98 x80 Pay and transfer money with eTeeru and make your life easier For more info visit https t co wsCnuvj7e6 TashiCell https t co 9Z1R9lEmsE , TashiCell , TashiCell ,1744,Thimphu 
2020-06-26 14:11:13, Hard work of our farmers blown away by heavy wind This is somewhere in Pemagatshel called Bongmaan Khar Gewog Such a heavy blow to our farmers xf0 x9f x98 xad https t co ePpkiJeIiz , ChhedupSangay , ,1065,Thimphu 
2020-06-26 13:41:41, bubblydaniii That s talent xf0 x9f x98 x82 xf0 x9f x92 x99 , uchiha soma , ,34,Thimphu 
2020-06-26 13:08:29, rightIess Yeah it s ok homie , uchiha soma , ,34,Thimphu 
2020-06-26 13:07:12, my darling https t co 842IR4gNN8 https t co viJlSXbQyj , SyedSaa1 , ,1574,Thimphu 
2020-06-26 12:37:36, LeeLeaLeeLea May his soul Rest In Peace , Phuuuuubz19 , ,168,Thimphu 
2020-06-26 12:20:51, TenzingLamsang FMBhutan PMBhutan Where do they think Bhutan is going to block and store water in peak summer , pwangdi , ,157,Thimphu 
2020-06-26 12:13:12, hilalta suhasinih Foundation stone of project was laid in 2014 so no relation to current tensions , TenzingLamsang , ,22669,Thimphu 
2020-06-26 12:01:28, My mind is never empty https t co qkgkUY1EjL , TingKarr8 , ,31,Thimphu 
2020-06-26 11:13:19, Global Gaz Only bits so far tbh and read about it xf0 x9f x98 x81 , bhutannorter , ,453,Thimphu 
2020-06-26 11:02:44, republic He should have be in Jail instead of giving useless talk , nidhi bhattarai , ,3,Thimphu 
2020-06-26 10:12:14, ashoswai https t co EWeQKARkgC Here is the Assam state chief Secretary clarifying on the issue Please be mindful of what you share on social media , dawadakpa , ,17,Thimphu 
2020-06-26 10:02:08, ashoswai Boss where did you get this information this is absolutely fake and baseless For your kind info refer Foreign ministry of Bhutan s clarification , dawadakpa , ,17,Thimphu 
2020-06-26 09:36:50, Clarifications on the recent news articles published in India alleging that Bhutan has stopped the supply of irrigation water to farmers in areas in Assam adjoining Samdrup Jongkhar District xe2 x81 xa6 CMOfficeAssam xe2 x81 xa9 xe2 x81 xa6 himantabiswa xe2 x81 xa9 https t co yigTEh7Laq , dawapenjor , ,1276,Thimphu 
2020-06-26 09:29:58, Global Gaz Married to Bhutan seems a popular choice Gaz xf0 x9f x91 x8c , bhutannorter , ,453,Thimphu 
2020-06-26 09:24:01, Bhutan amp India sort out their negotiations around pricing amp give the final go ahead to undertake a 600 MW hydro project in Bhutan which will benefit both countries The project is the 1st Joint Venture project that will be owned 50 each for 30 yrs by SOEs of two countries xf0 x9f x87 xa7 xf0 x9f x87 xb9 xf0 x9f x87 xae xf0 x9f x87 xb3 https t co 1e1pMuaNTy , TenzingLamsang , ,22669,Thimphu 
2020-06-26 09:05:12, palkisu Etu Palki Sharma sorry now you xe2 x80 x99ve lost one viewer from Bhutan why peddle fake news for TRP , ANANSG1 , ,0,Thimphu 
2020-06-26 09:03:47, Notification on marketing the RNR products https t co 7rZi2pdBeU , moafbhutan , ,446,Thimphu 
2020-06-26 08:15:34, Chenstay no matter what One might hate you but there are thousands who loves you We are always there for you if not personally spiritually we are there for you until whenever you need us we will always be here for you Love lots Exo l xe2 x9d xa4 , Tsherin01031084 , Chenstay ,3,Thimphu 
2020-06-26 08:12:38, Trikonasana anyone Watch a group of yoga practitioners led by Ms Sonam Choden from Mongar district Bhutan as they demonstrate this geometric asana MyLifeMyYogaBHUTAN GharGharSeYoga InternationalDayofYoga MEAIndia moayush ICCR Delhi DineshKPatnaik KuenselOnline https t co 2PO958Th45 , Indiainbhutan , MyLifeMyYogaBHUTAN GharGharSeYoga InternationalDayofYoga ,10090,Thimphu 
2020-06-26 08:06:42, I think Bhutan is owed a retraction and an apology from many media houses in India who just ran with some fake news on canal blocking when the opposite is true and threw grave allegations against India xe2 x80 x99s all weather friend https t co DpeXAtk373 , TenzingLamsang , ,22669,Thimphu 
2020-06-26 07:47:51, AdvaniSahir SCB SSWG Society4ConBio meghaniamh kc andersonVT Well done well communicated , davidmhecht , ,489,Thimphu 
2020-06-26 07:47:30, AdvaniSahir SCB SSWG Society4ConBio meghaniamh kc andersonVT Really well done , davidmhecht , ,489,Thimphu 
2020-06-26 07:47:17, meghaniamh SCB SSWG Society4ConBio AdvaniSahir kc andersonVT Well deserved Great work , davidmhecht , ,489,Thimphu 
2020-06-26 07:19:30, rightIess Roblox needs to use this nice work , uchiha soma , ,34,Thimphu 
2020-06-26 07:17:28, And celebrations of the International Day of Yoga week continues in Bhutan Here is a presentation of some more yoga asanas MyLifeMyYogaBHUTAN GharGharSeYoga InternationalDayofYoga MEAIndia ICCR Delhi moayush DineshKPatnaik KuenselOnline BBSBhutan DDNewslive https t co Lu5HddrONq , Indiainbhutan , MyLifeMyYogaBHUTAN GharGharSeYoga InternationalDayofYoga ,10090,Thimphu 
2020-06-26 07:09:47, Now hear it from the horses mouth as Bhutan xe2 x80 x99s Foreign Ministry says far from blocking the water to farmers in Assam Bhutan is working to repair the blocks and the damaged channels due to heavy rains FMBhutan PMBhutan https t co AjCHuew1j2 , TenzingLamsang , ,22669,Thimphu 
2020-06-26 07:01:07, If you want to get ahead in your career it s time you adopt a More for Sagittarius https t co FfKav1h4Nc , kintsho bht , ,30,Thimphu 
2020-06-26 07:01:00, Turning on the charm today could result in a lucky break Take More for Taurus https t co EECfQYA8HL , cixx67 , ,1510,Thimphu 
2020-06-26 07:00:15, The beauty of life is begging to be recognized today Instead More for Pisces https t co uojyhA9mo8 , LobzangYeshey1 , ,314,Thimphu 
2020-06-26 06:59:11, A big thank you to all MEAIndia IndianDiplomacy ICCR Delhi iccr thimphu RuchiraKamboj https t co stLRKoIvDi , Indiainbhutan , ,10090,Thimphu 
2020-06-26 06:16:24, why the government of gujarat and university grand commission of india are not taking wise decisions rather than sticking to their consciences Sometimes it s important to hear from the student communities ugc india GTUoffice Save GTU Students Save Gujarat Students , NamgaySkidas , Save GTU Students Save Gujarat Students ,242,Paro 
2020-06-26 05:56:54, Everywhere across India the exams of the final year students has been cancelled due to pandemic and I don t understand why the government of gujarat is not taking wise decisions as there is high chances of getting infection ugcindia gtuexam ugc Save GTU Students , NamgaySkidas , ugcindia gtuexam ugc Save GTU Students ,242,Paro 
2020-06-26 05:28:14, A short presentation for ASM Microbe 2020 Dengue Outbreak Response in a Resource Limited Setting asmmicrobeonline globalhealth publichealth dengue https t co QCamHmiph3 , jimjatz , asmmicrobeonline globalhealth publichealth dengue ,28,Paro 
2020-06-26 04:20:14, M S Beg How the hell did we stop rivers from flowing into India Rivers flow downstream and I haven xe2 x80 x99t heard of a way to stop a river but a dam There xe2 x80 x99s no way for us to hold all the water from flowing into ur country , kezaphuntsho , ,7,Thimphu 
2020-06-26 04:19:09, Misinformation cleared up https t co 70TICAsYxb , jimjatz , ,28,Thimphu 
2020-06-26 04:18:29, Finally the champions Worth the wait 30years we waited and I personally waited with all my jersey collections xf0 x9f x98 x8a ynwa liverpool ynwa champions liverpoolfc liverpoolfansbhutan Thimphu Bhutan https t co huNLJnAoeW , ManoJonaM , ynwa liverpool ynwa champions liverpoolfc liverpoolfansbhutan ,179,Thimphu 
2020-06-26 04:17:50, BBS Radio Struggle for my Education https t co D1o4zRiqfO , BBSBhutan , ,50881,Thimphu 
2020-06-26 03:53:09, good morning Miss Rao stay home stay safe https t co rHIdc2z4wt https t co 911IhAUGDq , SyedSaa1 , ,1574,Thimphu 
2020-06-26 03:42:23, fumblypd I xe2 x80 x99d rather starve , namgayzam , ,22550,Thimphu 
2020-06-26 03:41:13, fumblypd I hate you in advance , namgayzam , ,22550,Thimphu 
2020-06-26 03:35:36, TheSatishDua ajitanjum NorthernComd IA adgpi SpokespersonMoD ChinarcorpsIA HQ IDS India Great victory Sir This victory gave Indian army upper hand in Kargil Sector One question with due your permission was whole credit taken by PM Rajiv Gandhi for any political gain that time , vikrantparate , ,23,Thimphu 
2020-06-26 03:26:27, namgayzam City missed 2 3 chances Chelsea won YEAH , binash thapa , ,9,Thimphu 
2020-06-26 03:17:14, Congratulations Dasho Karma Rigzin RBP Making Bhuta proud https t co jx6SVy3343 , tandin thimphu , ,2494,Thimphu 
2020-06-26 03:16:33, rightIess pretty bad , uchiha soma , ,34,Thimphu 
2020-06-26 03:08:28, IRON SKORPIQN Witchedhour Brinkstar3k GameSpot Really crackdown What s killer instinct And gears and halo have been stale for a while Forza is a niche game I cant see games like God of war uncharted last of us horizon SPIDERMAN coming from xbox Scalebound looked good but that shit has sailed , chunjurrinchhen , ,189,Thimphu 
2020-06-26 02:55:52, righthereawya1 FaZe Rain Ruined it Thanks , Xiao920 , ,89,Thimphu 
2020-06-26 02:43:03, KanakManiDixit Same here la , TenzingLamsang , ,22669,Thimphu 
2020-06-26 02:35:31, City had to lose to Chelsea xf0 x9f x99 x84 , namgayzam , ,22550,Thimphu 
2020-06-26 02:24:53, xe2 x80 x9cBut amid the cloud of uncertainty and fear the harsh geopolitical reality is that Nepal risks losing its bargaining power and getting caught in the middle of the China India rivalry xe2 x80 x9d https t co HAIfEoViJA , namgayzam , ,22550,Thimphu 
2020-06-26 02:15:02, The National Museum of Paro is open to public after undergoing renovations for almost 9 years https t co AaC7GoysGc , SaktenToursTrek , ,400,Thimphu 
2020-06-25 23:39:08, How is the Josh guys LFC Reds Liverpool2020 Champions PremierLeague https t co uEgdi5HMIx , ChhedupSangay , Reds Liverpool2020 Champions PremierLeague ,1065,Thimphu 
2020-06-25 20:44:02, Every day we are making a trend Please investigations department make sure this is heard IndiaDemandsCBIForSSR , AbishekChhetr19 , IndiaDemandsCBIForSSR ,1,Thimphu 
2020-06-25 20:28:08, BBhuttoZardari translate my post in english bastard https t co kHTzhwQljr , SyedSaa1 , ,1574,Thimphu 
2020-06-25 20:16:31, Thank you for the honor isid billandmelindagatesfoundation research ThursdayMotivation https t co KSYnzCldG2 , jimjatz , isid billandmelindagatesfoundation research ThursdayMotivation ,28,Thimphu 
2020-06-25 19:58:30, MoloyaJ M S Beg TenzingLamsang assampolice AssamCid BabonDeep DrNumal DrSanjivG https t co eatUdXCADP All should read this to be clear The confusion started as some bull shit local media putting masala to make their business grow India Bhutan Friendship Long Live , DeependraKoira5 , ,8,Thimphu 
2020-06-25 19:53:49, For those who are falsely speculating that Bhutan blocked some canal water to India Due to heavy rains there was natural blockage amp Bhutanese officials amp ordinary citizen volunteers have been working around the clock to clear it with zero Thanks Assam Chief Secretary confirms https t co 0yelzSEi2m , TenzingLamsang , ,22669,Thimphu 
2020-06-25 19:48:25, Hear the facts from Assam xe2 x80 x99s Chief Secretary himself https t co Yd3y6CF5po , TenzingLamsang , ,22669,Thimphu 
2020-06-25 19:47:24, As per the Assam Chief Secretary the Opposite is true and Bhutan instead of stopping the flow of canal water has pitched in full time to ensure its flow https t co Yd3y6CF5po , TenzingLamsang , ,22669,Thimphu 
2020-06-25 18:19:50, The US statedept has just recognised Dasho Karma Rigzin who I deeply admire amp respect as one of the xe2 x80 x9cTrafficking in Persons Report Hero xe2 x80 x9d Tashi Delek Dasho You do us proud xf0 x9f x99 x8c xf0 x9f x8f xbc xf0 x9f x87 xa7 xf0 x9f x87 xb9 Bhutan https t co 4THSABjTQZ , namgayzam , Bhutan ,22550,Thimphu 
2020-06-25 17:26:57, And the grand structure is now open to public after the detail renovation https t co pnNVrssyKh , Swallowtail2014 , ,384,Thimphu 
2020-06-25 17:14:35, What you say China and India https t co aMQfNGQQcT , Swallowtail2014 , ,384,Thimphu 
2020-06-25 16:42:42, After covid where do you want to travel and if Bhutan is your next destination how would you travel here Bhutantravel Bhutanholiday Bhutanvacation nextholiday xe2 x80 xa6 https t co 1OqJL1WjfX , Swallowtail2014 , Bhutantravel Bhutanholiday Bhutanvacation nextholiday ,384,Thimphu 
2020-06-25 16:37:17, I will do extra mean xf0 x9f x98 x8f , akachandorjee , ,3,Thimphu 
2020-06-25 16:00:22, caricatured xf0 x9f xa4 xa3 xf0 x9f xa4 xa3 xf0 x9f x91 x8c Truth , vikrantparate , ,23,Thimphu 
2020-06-25 14:38:11, A man who works with his hands is a laborer a man who works with his hands and his brain is a craftsman but a man who works with his hands and his brain and his heart is an artist Louis Nizer My grandfather xe2 x80 xa6 https t co xE1CcS4BVM , sonam tshering , ,53,Bhutan 
2020-06-25 13:51:47, A bad old Bhutanese habit Practice outright capitalism for yourself and the family but prescribe socialism for others so long as it does not come from one xe2 x80 x99s pocket , TenzingLamsang , ,22669,Thimphu 
2020-06-25 13:44:33, 121GYUS B R U H pls dont hurt me like this xf0 x9f xa4 xa7 , Sonam Tshoks , ,21,Thimphu 
2020-06-25 13:17:11, Impacts of COVID 19 on Bhutan xe2 x80 x99s tourism sector https t co n5qiXUedx4 Bhutan covid19news Impactofcovid19onBhutanstourism , worldtourplan09 , Bhutan covid19news Impactofcovid19onBhutanstourism ,194,Thimphu 
2020-06-25 13:00:16, Bloom whede you are Planted wellness patiencechallenge wewillgetthroughthis https t co SN3Qawx7D0 , backyardheaven , wellness patiencechallenge wewillgetthroughthis ,253,Thimphu 
2020-06-25 12:45:17, good evening Miss Rao Sb T P O G https t co Wfvcb12li9 https t co ion1D7203Y , SyedSaa1 , ,1574,Thimphu 
2020-06-25 10:26:43, ZarirInc I like it intentionally xD , uchiha soma , ,34,Thimphu 
2020-06-25 10:16:30, SudhirU1958 MoCA GoI ushapadhee1996 HardeepSPuri PawanHansLtd AAI Official PIB India airindiain narendramodi PMOIndia I think this a infographic created now and thus has the emblem , backyardheaven , ,253,Thimphu 
2020-06-25 09:53:29, At times on weekdays xf0 x9f xa5 x83 Real Illusions Restro Bar https t co S7kkjA9oEU , bharatbugss , ,65,Thimphu 
2020-06-25 09:47:43, Nationalization Fever https t co H0T9ZdmFe7 , TenzingLamsang , ,22669,Thimphu 
2020-06-25 09:24:36, All our ATM nationwide are Offline at the moment https t co nxVc3EhUAl , BankofBhutanltd , ATM Offline ,1253,Thimphu 
2020-06-25 08:39:55, Let s be inspired Yes we can do our own small part to lessen burden on the state Read More https t co WX9Vghxh3A https t co t8wnRwq5mg , pgyamtsho , ,518,Thimphu 
2020-06-25 08:25:25, Sorry to bust your domestic political propaganda bid by attempting to drag in Bhutan against Modi but each country has sovereign right to decide such COVID 19 measures In Bhutan xe2 x80 x99s case the border is sealed to ALL foreigners Local govt in Bhutan agreed to maintain channel https t co sQd2XL1rPw , TenzingLamsang , ,22669,Thimphu 
2020-06-25 08:22:13, Situation is not as heartless as it is being made out to be as local govt on Bhutan side there had earlier agreed to maintain those water channels However in monsoon sudden rainfall and floods also damage Bhutanese irrigation systems including the drinking water in Thimphu , TenzingLamsang , ,22669,Thimphu 
2020-06-25 08:12:30, Prize Winners from amongst our Bhutanese friends of the various yoga competitions hosted by the Embassy in connection with the 6th InternationalDayOfYoga2020 We are grateful to unbhutan Gerald Daly arunkapur amp MFABhutan for gracing our event MyLifeMyYoga xf0 x9f x87 xa7 xf0 x9f x87 xb9 xf0 x9f x87 xae xf0 x9f x87 xb3 https t co ZLtyaQk5Kr , Indiainbhutan , yoga InternationalDayOfYoga2020 MyLifeMyYoga ,10090,Thimphu 
2020-06-25 07:57:16, sreemoytalukdar Thank God we have not been accused of an invasion yet xf0 x9f x98 x84 , TenzingLamsang , ,22669,Thimphu 
2020-06-25 07:55:03, mmadiim You have Zak xf0 x9f x98 x84 , uchiha soma , ,34,Thimphu 
2020-06-25 07:52:55, 2 2 Even Bhutanese coming into Bhutan since March have to undergo a mandatory 21 day quarantine amp tests before being released into the population This is how we have prevented community transmission so far Please don xe2 x80 x99t politicize this or draw non existential inferences , TenzingLamsang , ,22669,Thimphu 
2020-06-25 07:51:42, 1 2 Bhutan has not stopped flow of any xe2 x80 x98irrigation water xe2 x80 x99 to India Instead every year Bhutan allows Assamese farmers to come across amp divert section of a river in Bhutan into channels that irrigate few farms in Assam This year border sealed to ALL foreigners due to COVID 19 https t co z4t8L5biMb , TenzingLamsang , ,22669,Thimphu 
2020-06-25 07:49:33, mmadiim Ik you have Zak xf0 x9f x98 x84 xe2 x9c x8c xef xb8 x8f , uchiha soma , ,34,Thimphu 
2020-06-25 07:38:09, a public service message https t co t5SkIoBX0r , SyedSaa1 , ,1574,Thimphu 
2020-06-25 07:21:57, Forget me xe2 x9c x8c xef xb8 x8f xf0 x9f x98 x88 , uchiha soma , ,34,Thimphu 
2020-06-25 07:12:53, NinjayTenzin Copying pasting lyrics even on Twitter xf0 x9f xa4 xa6 xf0 x9f x8f xbb , phunnnnssss , ,49,Thimphu 
2020-06-25 07:03:21, namgayzam Looking forward to writing it , davidmhecht , ,489,Thimphu 
2020-06-25 07:01:09, Spending quality time with someone special can be so validatin More for Sagittarius https t co FfKav1h4Nc , kintsho bht , ,30,Thimphu 
2020-06-25 07:01:01, Business transactions related to luxury goods entertainment More for Taurus https t co EECfQYA8HL , cixx67 , ,1510,Thimphu 
2020-06-25 07:00:15, Extra kindness and consideration can come to you from family t More for Pisces https t co uojyhA9mo8 , LobzangYeshey1 , ,314,Thimphu 
2020-06-25 06:13:32, colibfox I hate my phone , uchiha soma , ,34,Thimphu 
2020-06-25 06:05:15, zyreenn Lazy , uchiha soma , ,34,Thimphu 
2020-06-25 06:05:13, The flowers are the light that shines deep from within her soul summeroutfit of nature flowers xf0 x9f x8c xb8 Thimphu Bhutan https t co Z6uVWLXFrM , rupakkgrg , summeroutfit flowers ,98,Bhutan 
2020-06-25 05:52:51, sardesairajdeep abhisar sharma It s just like how many zeros in trillion his mathematics is weak Like other subjects xf0 x9f x98 x82 , vikrantparate , ,23,Thimphu 
2020-06-25 05:35:58, The Ministry along with the EU and the ITC today unveiled a new online platform Agricultural Market Information System for Bhutanese agricultural producers It will enhance the information flow related to the country xe2 x80 x99s agriculture products https t co 4tWSsJxLCP https t co W4AFb680ZO , moafbhutan , ,446,Thimphu 
2020-06-25 04:02:46, May Pride month remind us to have more open minds and hearts so all of us that make up the rainbow shine as bright as possible xf0 x9f x99 x82 xf0 x9f x8c x88 xf0 x9f x92 x9c Available on all podcast platforms Shared below is the apple podcast hellofrombhutanpodcast https t co xL1ZpFTxx5 , namgayzam , hellofrombhutanpodcast ,22550,Thimphu 
2020-06-25 04:02:19, Several incidences shared in the conversation highlight how Bhutan is not as trans homophobic as many assume the country to be BUT we have a long way to go when it comes to treating our LGBTIQ friends amp family with respect and equality https t co j4UZSBi157 , namgayzam , ,22550,Thimphu 
2020-06-25 04:01:25, It xe2 x80 x99s pride month so here xe2 x80 x99s a podcast featuring a gay couple amp a transwoman They talk about love and life in Bhutan I discovered during our conversation that so many transwomen are recipients of His Majesty xe2 x80 x99s Covid 19 relief fund too onlyinbhutan https t co gZLHeU18ho , namgayzam , Bhutan onlyinbhutan ,22550,Thimphu 
2020-06-25 03:52:03, In the past whenever a global hotspot was brewing the unofficial policeman of the world USA would be burning phone lines and advising both sides to cool down or even back off That role is absent today as the US has given up global leadership amp is busy with its own problems , TenzingLamsang , ,22669,Thimphu 
2020-06-25 03:40:51, Yoga demonstration by the personnel of the Punatsangchhu II Hydroelectric Power Project Punakha Dzong Central Bhutan Continuing the celebrations during the week of the 6th IDY MyLifeMyYogaBHUTAN InternationalDayofYoga2020 ICCR Delhi MEAIndia DineshKPatnaik https t co yBwt7dhXWi , Indiainbhutan , MyLifeMyYogaBHUTAN InternationalDayofYoga2020 ,10090,Thimphu 
2020-06-25 03:33:05, NamgayScout Sky clouds xf0 x9f x98 x81 , zzezenn , ,1908,Thimphu 
2020-06-25 03:30:19, CNN wonder list Bhutan https t co RV9wy0TBVw via YouTube , RobinBhutan , ,43,Thimphu 
2020-06-25 03:24:53, Celebration of the 6th International Day of Yoga continues in Bhutan Here is another demonstration of yoga asanas Do have a look MyLifeMyYogaBHUTAN GharGharSeYoga InternationalDayofYoga2020 MEAIndia ICCR Delhi IndianDiplomacy KuenselOnline DineshKPatnaik BBSBhutan https t co 7pqFwI4ozD , Indiainbhutan , MyLifeMyYogaBHUTAN GharGharSeYoga InternationalDayofYoga2020 ,10090,Thimphu 
2020-06-25 03:18:35, Meditation is the soul of Yoga Here is a group of yoga enthusiasts demonstrating meditation xf0 x9f xa7 x98 xe2 x80 x8d xe2 x99 x80 xef xb8 x8f in the lotus pose from Mongar Dzongkhag MyLifeMyYogaBHUTAN GharGharSeYoga InternationalDayofYoga2020 MEAIndia ICCR Delhi IndianDiplomacy DineshKPatnaik KuenselOnline https t co NezGNFaBEh , Indiainbhutan , MyLifeMyYogaBHUTAN GharGharSeYoga InternationalDayofYoga2020 ,10090,Thimphu 
2020-06-25 03:01:31, good morning dear Pari you are looking fresh today https t co nYgtHrI0Vy https t co NjoaUTxtOZ , SyedSaa1 , ,1574,Thimphu 
2020-06-25 02:53:47, Argument against face masks in USA which has the highest COVID caseload and deaths in the world Complete breakdown of trust between the people and govt and among people themselves Bhutan did well due to social capital and as shmueli pointed out trust in each other amp govt https t co tHZCGzXU1O , TenzingLamsang , ,22669,Thimphu 
2020-06-25 02:39:50, Forestry Giant Discovers Downside of Planting Millions of Trees https t co i6GMahmcFs , pnamgyel , ,614,Thimphu 
2020-06-25 02:33:42, Auxenity I lost my trust to everyone , uchiha soma , ,34,Thimphu 
2020-06-25 02:22:45, Good morning Miss Mrs Rao have a nice day https t co QUQg6ulnKF https t co jGnrUpPrC9 , SyedSaa1 , ,1574,Thimphu 
2020-06-25 01:43:38, xe2 x80 x98The idea was that journalists needed to employ objective observable repeatable methods of verification in their reporting precisely because they could never be personally objective xe2 x80 x99 xe2 x80 x98Journalism was always aimed at truth not mere accuracy xe2 x80 x99 TomRosenstiel https t co uLzcY8WmOR , TenzingLamsang , ,22669,Thimphu 
2020-06-24 21:32:19, My King is My Living God I will serve my King Country and People with outmost dedication I seek blessings not to fail my King Long Live His Majesty The People xe2 x80 x99s King xf0 x9f x99 x8f xf0 x9f x99 x8f xf0 x9f x99 x8f Palden Drukpa Gyalo BMT Happiness xe2 x80 xa6 https t co aZKvejtZ70 , bhutan majestic , ,1130,Thimphu 
2020-06-24 21:13:35, I just wish i had a real Camera , its Astrophile , ,3,Thimphu 
2020-06-24 20:17:38, They took me to all the good and beautiful places today StudioGhibli HowlsMovingCastle https t co TEmyaJOjtC , its Astrophile , StudioGhibli HowlsMovingCastle ,3,Thimphu 
2020-06-24 19:56:48, Infibulation Today i learned a new word and just remembered the book color purple by Alice Walker Good Book sigh helpless , its Astrophile , helpless ,3,Thimphu 
2020-06-24 19:48:21, Howl s Moving Castle The Studio Ghiblis work indeed My eyes still hurt from all those vibrant and colourful scenes and also my heart watching Sophie and Howls chemistry , its Astrophile , ,3,Thimphu 
2020-06-24 19:17:25, i love you too my daughter https t co cDd5vU5NeK , SyedSaa1 , ,1574,Thimphu 
2020-06-24 18:56:44, yes you can call me bhai https t co nSXh1LgdRi https t co P4Vh4Ye0EA , SyedSaa1 , ,1574,Thimphu 
2020-06-24 18:54:34, this is a responsiblity Kainat https t co nSXh1LgdRi , SyedSaa1 , ,1574,Thimphu 
2020-06-24 18:52:40, thankyou Kainat https t co JAfHquJxMb https t co QV0Ooe0iTe , SyedSaa1 , ,1574,Thimphu 
2020-06-24 17:08:13, The darkest night produces the brightest stars xf0 x9f xa4 xa9 https t co hxeMnLJC5F , DawaZangmoTshe1 , ,2,Thimphu 
2020-06-24 17:03:34, Cbi we want xf0 x9f x91 x87 xf0 x9f x91 x87 xf0 x9f x91 x87 justiceforSushantforum , AbishekChhetr19 , justiceforSushantforum ,1,Thimphu 
2020-06-24 15:29:54, Some friendly advice for some loud anchors amp online trolls in the region Over the years you all have played a toxic role in regional diplomacy amp peace from off the mark analysis to downright amp ugly online insults Be aware that words matter and can make real situations worse , TenzingLamsang , ,22669,Thimphu 
2020-06-24 15:29:06, Bhutan Unshakable Tours and Treks is registered tour operator under the act of Tourism Council of Bhutan operated by a solo culture tour guide We offer a varieties of travel packages based on B2B and B2C business https t co iN3Agf86ku , BhutanAgent19 , ,2,Bhutan 
2020-06-24 15:12:48, Mongraal Don t play , uchiha soma , ,34,Thimphu 
2020-06-24 14:02:23, How to not get involved in shit popularly known as love Watch k drama and yeah read good books You will be busy with the ldeal types and you ll not fall in shit love xf0 x9f x98 x8e xf0 x9f x98 x8e xf0 x9f x98 x8e , BidhaChencho , ,95,Paro 
2020-06-24 13:00:57, Tune in on June 24th at 11 PM EST for the PATA Live Online Experience of Bhutanese Dance and Song brought to you by MyBhutan Our host guide will describe the historical and cultural significance of each performance https t co QD2qEqSOZ7 , MyBhutan , ,938,Thimphu 
2020-06-24 12:50:23, EAM DrSJaishankar felicitates our passport authorities across India and abroad on Passport Seva Diwas PassportSevaDivas MEAIndia IndianDiplomacy passportsevamea https t co y924hRL65L , Indiainbhutan , PassportSevaDivas ,10090,Thimphu 
2020-06-24 12:38:33, caricatured xf0 x9f xa4 xa3 xf0 x9f xa4 xa3 xf0 x9f xa4 xa3 nice , vikrantparate , ,23,Thimphu 
2020-06-24 12:02:50, Love amp Repect BeingSalmanKhan xf0 x9f x87 xa7 xf0 x9f x87 xb9 xf0 x9f x87 xa7 xf0 x9f x87 xb9 , GheaShung , ,18,Thimphu 
2020-06-24 11:36:57, Very pleased to welcome Brig Kabir Kashyap Chief Engineer Dantak I look forward in closely working with Brig https t co Q6Eb23jsx0 , FMBhutan , ,3265,Thimphu 
2020-06-24 11:32:13, Unsettling and touching loved Dechen xe2 x80 x99s short film xe2 x80 x9c lo sum choe sum xe2 x80 x9d and you can also watch it here https t co yGWj0wiMVO , brooksound , ,46,Thimphu 
2020-06-24 10:56:45, akcortin Still around in Bhutan , TenzingLamsang , ,22669,Thimphu 
2020-06-24 10:20:41, You know the global lockdown is bad when your local movie library parlor which initially stuck to Iron Man and Co type of movies starts offering documentaries on the electricity crisis in Nigeria Now why does this country ring another bell for me , TenzingLamsang , ,22669,Thimphu 
2020-06-24 10:00:04, Mr Quickdraw abhishekmgupta Specify currency , Khampaa , ,3841,Thimphu 
2020-06-24 09:33:23, sarahcpr Trump math 40 000 22 000 900 000 xf0 x9f x98 xadsimilar to all his HU UUUUUUUUU GE numbers poorAmerica , dawapenjor , poorAmerica ,1276,Thimphu 
2020-06-24 09:21:14, good afternoon Rao Sb https t co Wfvcb12li9 https t co DdrrJKzOnn , SyedSaa1 , ,1574,Thimphu 
2020-06-24 08:45:18, xe2 x80 x98 Trump asked Xi in a 2019 summit to increase China xe2 x80 x99s purchases of agricultural products to help him win the farm states and a second term in office In fact that is what China has been doing xe2 x80 x99 xe2 x80 x98Despite tensions Trump is China xe2 x80 x99s favourite candidate xe2 x80 x99 https t co ViIgdcGZUW , TenzingLamsang , ,22669,Thimphu 
2020-06-24 08:40:51, It takes two to tango rather in this case it is joint presentation of yoga asanas Ghar Ghar Se Yoga from Dantak Have a look MyLifeMyYogaBHUTAN GharGharSeYoga InternationalDayofYoga2020 MEAIndia ICCR Delhi DDNewslive IndianDiplomacy DineshKPatnaik moayush https t co TUBztlgBxj , Indiainbhutan , MyLifeMyYogaBHUTAN GharGharSeYoga InternationalDayofYoga2020 ,10090,Thimphu 
2020-06-24 08:12:58, For your notice la Lyonpo DechenwangmoM https t co s5GKIcO9lX , TenzingLamsang , ,22669,Thimphu 
2020-06-24 08:01:25, Another word relevant in these uncertain times is a mass xe2 x80 x98Stockholm Syndrome xe2 x80 x99 where countries and citizens around the world feel ultra grateful to leaders leading them down the wrong path in every conceivable way https t co No00pnaQMq , TenzingLamsang , ,22669,Thimphu 
2020-06-24 07:53:04, jins94475391 TenzingLamsang PMBhutan DechenwangmoM And if isn t Will you agree to the tweet , yogeshdahal , ,195,Thimphu 
2020-06-24 07:42:55, Moss in its fragile smallness and mundane existence can transform the most boring surface into a swath of whimsy and any dull path in the woods into an enchanted forest worthy of a story xe2 x80 xa6 https t co JIUoTtqgkm , LovenRamos , ,2132,Bhutan 
2020-06-24 07:34:53, Don xe2 x80 x99t forget to tune in to the Passport Seva Divas video conference on 24 June 2020 from 1500 1600 hrs IST The event will be chaired by EAM DrSJaishankar amp will be live streamed on https t co WSLoylpWtd MEAIndia https t co NnUEVHoGXp , Indiainbhutan , ,10090,Thimphu 
2020-06-24 07:32:39, DorjiWangchuk PMBhutan DechenwangmoM I think you are referring to an article by KuenselOnline The traditional doctors do not claim to have a cure for COVID 29 but only help treat the symptomatic aspects of it They have also given a disclaimer saying it may not work Baba Ramdev assures 100 cure , TenzingLamsang , ,22669,Thimphu 
2020-06-24 07:30:17, The Bhutan Foundation upon the command of its co chair Her Majesty Gyalyum Tseyring Pem Wangchuck offered a contribution of Twelve Million Ngultrum to His Majesty xe2 x80 x99s Kidu Fund for COVID 19 through the Office of the Gyalpoi Zimpon https t co UNYWYepJXi , business bhutan , ,10351,Thimphu 
2020-06-24 07:02:14, You are only trying to help but someone close to you may turn More for Sagittarius https t co FfKav0ZtVE , kintsho bht , ,30,Thimphu 
2020-06-24 07:01:59, Expecting others to jump whenever you snap your fingers will o More for Taurus https t co EECfQYixQd , cixx67 , ,1510,Thimphu 
2020-06-24 07:00:26, You might have a hair trigger temper today so be mindful of y More for Pisces https t co uojyhAqXMI , LobzangYeshey1 , ,314,Thimphu 
2020-06-24 06:03:57, 3 Branch Offices of ours are MOVING to new locations on 1st July 2020 https t co JzOE6PcXxN , BankofBhutanltd , MOVING ,1253,Thimphu 
2020-06-24 05:57:12, yes no maybe , akachandorjee , ,3,Thimphu 
2020-06-24 05:49:13, Iamkavitak A decent lawyer should settle it , TenzingLamsang , ,22669,Thimphu 
2020-06-24 05:35:37, Poor drainage not a xe2 x80 x9cserious xe2 x80 x9d issue Thimphu Thrompon https t co 4e7jKQ5NIb https t co tzanxHMEII , business bhutan , ,10351,Thimphu 
2020-06-24 05:35:12, Bhutan xe2 x80 x99s COVID 19 success story so far All imported cases amp all except for first 2 US tourists detected in mandatory 21 day quarantine No deaths Article mentions role of high public trust in govt His Majesty has been crucial on that front https t co vsqiE3KEf2 , TenzingLamsang , ,22669,Thimphu 
2020-06-24 05:31:08, Govt announces relaxation on COVID safety protocol https t co FuSovIq962 https t co 311hWoNbi3 , business bhutan , ,10351,Thimphu 
2020-06-24 05:27:24, And today it is the turn of a yoga practitioner from Mongar Dzongkhag Eastern Bhutan Ms Sonam Choden leads a group of yoga enthusiasts amp presents yoga asanas xe2 x80 x9cYoga from Home xe2 x80 x99 in Bhutan MyLifeMyYogaBHUTAN InternationalDayOfYoga2020 MEAIndia ICCR Delhi moayush https t co TGPCGbjiCC , Indiainbhutan , MyLifeMyYogaBHUTAN InternationalDayOfYoga2020 ,10090,Thimphu 
2020-06-24 05:27:03, Faculty of Traditional Medicine conducts first batch of examination https t co rNNQNUg559 https t co fThsyz3Ozj , business bhutan , ,10351,Thimphu 
2020-06-24 05:22:46, Honey production drops due to erratic weather and mismanagement https t co hGdp6gAnyw https t co VhKU2UXavG , business bhutan , ,10351,Thimphu 
2020-06-24 05:16:11, NA rejects NC xe2 x80 x99s recommendations https t co tpMX6oNk6U https t co LtzylLyq4r , business bhutan , ,10351,Thimphu 
2020-06-24 05:12:29, COVID 19 patients monitored even after recovery https t co PFZNrgTrBE https t co xCtVV5WXME , business bhutan , ,10351,Thimphu 
2020-06-24 05:07:03, Editorial Our Views amp Perspectives Mine or Mire https t co y3VsYxAnNJ , business bhutan , ,10351,Thimphu 
2020-06-24 04:44:59, So sad I was hoping to check this place out https t co L0Sz2go2zq , brooksound , ,46,Thimphu 
2020-06-24 04:26:14, artsywalsh mmadiim Welcome , uchiha soma , ,34,Thimphu 
2020-06-24 04:21:21, Another day another Dzongkhag xe2 x80 x9cYoga from Home xe2 x80 x99 in Bhutan Can you guess which district we will cover today Watch this space MyLifeMyYogaBHUTAN GharGharSeYoga InternationalDayOfYoga2020 PMOIndia ICCR Delhi MEAIndia moayush IndianDiplomacy KuenselOnline https t co CRUHtzeU7m , Indiainbhutan , MyLifeMyYogaBHUTAN GharGharSeYoga InternationalDayOfYoga2020 ,10090,Thimphu 
2020-06-24 03:29:05, good morning Miss Mrs Rao have a beautiful day Black coffee for you https t co QUQg6ulnKF https t co VAHqpzscAy , SyedSaa1 , ,1574,Thimphu 
2020-06-24 03:25:46, Internet is the new meeting room The Passport Seva Divas meeting will be a virtual meeting via a video conference on 24 June 2020 from 1500 1600 hrs IST The event will be chaired by EAM DrSJaishankar amp will be live streamed on https t co WSLoylHxkL MEAIndia , Indiainbhutan , ,10090,Thimphu 
2020-06-24 02:36:02, I am confident that the Bhutanese govt will have the common sense to stop the fraud xe2 x80 x98medicine xe2 x80 x99 CORONIL from entering Bhutan The man behind it is a fraud amp the drug is a fraud that will pass off the natural self recovery of COVID 19 patients as a cure PMBhutan DechenwangmoM , TenzingLamsang , CORONIL ,22669,Thimphu 
2020-06-24 02:10:12, artsywalsh mmadiim pretty gal , uchiha soma , ,34,Thimphu 
2020-06-24 01:10:51, Sangaywk passangyt Yes exactly la xf0 x9f x98 x9c , ChhedupSangay , ,1065,Thimphu 
2020-06-24 00:35:35, passangyt We can call Tep Gor Hamburger xf0 x9f x8d x94 , ChhedupSangay , ,1065,Thimphu 
2020-06-23 23:47:24, noxyraaa Sorry couldn t join you cause of time zone problems D , uchiha soma , ,34,Thimphu 
2020-06-23 23:38:49, Fourth staff arrested for allegedly raping woman within Delhi Court premises This is insane https t co MU3g9pFHJ8 , ChhedupSangay , ,1065,Thimphu 
2020-06-23 18:11:39, NathanBaconFC Tan32121591 I gave armband to Mane Was in so much dilemma Let s see how he delivers xf0 x9f xa4 xad , DeependraKoira5 , ,8,Thimphu 
2020-06-23 18:04:24, LexyTopping Do they think we xe2 x80 x99re daft Wait they do think we xe2 x80 x99re daft xf0 x9f x98 x91 , namgayzam , ,22550,Thimphu 
2020-06-23 17:59:41, helosoccerfan novak did nothing wrong chief not blinding following bullshit rules from the past 100 days laid out by evil authoritarians is an act to be admired not criticized , Crocodilovic , ,47,Thimphu 
2020-06-23 17:52:57, Ufff the artificial crowd noise from the empty stadiums is just WEIRD EPL xf0 x9f x98 x91 xf0 x9f x98 x91 xf0 x9f x98 x91 , namgayzam , EPL ,22550,Thimphu 
2020-06-23 17:24:53, A 28 year old woman who came from the Middle East and quarantined in Thimphu has tested positive in the COVID 19 test performed today She will be moved to the isolation tomorrow Now the total number of COVID 19 positive cases in Bhutan is 70 https t co JpOaqERMVa , business bhutan , ,10351,Thimphu 
2020-06-23 16:47:39, ha na 08 They are called Tsom Papo So finding words is not difficult for them , ChhedupSangay , ,1065,Thimphu 
2020-06-23 16:39:14, ChhedupSangay I wonder how do they create such words in dzongkha xf0 x9f x98 x82 xf0 x9f x98 x82 , ha na 08 , ,742,Thimphu 
2020-06-23 16:30:32, roxapox Roxa I like your voice note than your art D , uchiha soma , ,34,Thimphu 
2020-06-23 16:11:19, NokiamobileIN I didn t like the battery backup in Nokia phones , mitty 347 , ,6,Thimphu 
2020-06-23 15:49:21, Resumption of the cricket activities in Bhutan will be soon Stay tuned for more updates https t co vIM7aWwuqm , BhutanCricket , ,8110,Thimphu 
2020-06-23 15:18:35, bubblydaniii In my house xf0 x9f x98 x84 , uchiha soma , ,34,Thimphu 
2020-06-23 15:18:09, LexyTheQT realrosesarered Nice one my XD , uchiha soma , ,34,Thimphu 
2020-06-23 15:00:00, Sarah something else is rises to see you https t co aqrZ3okjWn , SyedSaa1 , ,1574,Thimphu 
2020-06-23 14:39:11, The jaw dropping view of Paro valley right after the paddy plantations redrice paddy plantation xe2 x80 xa6 https t co z58BWMC0yu , BMVTNT , redrice paddy plantation ,69,Thimphu 
2020-06-23 14:22:21, NathanBaconFC That s great xf0 x9f x99 x82 , DeependraKoira5 , ,8,Thimphu 
2020-06-23 14:19:01, naomivaa LexyTheQT Any halo will do xf0 x9f x99 x83 , uchiha soma , ,34,Thimphu 
2020-06-23 14:09:48, NathanBaconFC Your captain Nathan for gameweek 31 xf0 x9f x98 x81 I am impressed with your gameweek 30 score , DeependraKoira5 , ,8,Thimphu 
2020-06-23 13:57:16, each finger suckable https t co C4BrSeWZUp , SyedSaa1 , ,1574,Thimphu 
2020-06-23 13:33:26, Sonaam Choden But I xe2 x80 x99ll be going xf0 x9f x98 x82 , Phuuuuubz19 , ,168,Thimphu 
2020-06-23 13:12:31, Well I did head stand too Refreshing day dairies adventuretime destinations journey headstand yoga ig bhutan amazing bhutan Babesa Thimphu https t co YsegbaoGd1 , Shachagyeltshen , dairies adventuretime destinations journey headstand yoga ig bhutan amazing bhutan ,123,Thimphu 
2020-06-23 11:04:17, MoCA GoI HardeepSPuri PIB India PMOIndia MEAIndia indiandiplomats airindiain Is it possible to have a India Bhutan bubble , backyardheaven , ,253,Thimphu 
2020-06-23 10:40:15, Not just a correction but a lawsuit and financial damages is in order against timesofindia for the tremendous harm done to the couple https t co uy7gr7zaow , TenzingLamsang , ,22669,Thimphu 
2020-06-23 10:22:19, Drukair Las thank you , namgayzam , ,22550,Thimphu 
2020-06-23 10:13:43, Drukair Revised flight schedules for , namgayzam , ,22550,Thimphu 
2020-06-23 09:45:25, The devil is not fighting religion He s too smart for that He s producing a counterfeit Christianity so much like the real one that good Christians are afraid to speak out against it Vance Havner , GenuineShadow , ,376,Thimphu 
2020-06-23 09:43:57, I am already validated by the Most High I don t need your approval WayTruthLife , GenuineShadow , WayTruthLife ,376,Thimphu 
2020-06-23 09:07:06, Drukair Thank you DrukAir , backyardheaven , ,253,Thimphu 
2020-06-23 09:02:34, Two eyes one mouth Practice listening https t co JcAxguQdfO , TingKarr8 , ,31,Thimphu 
2020-06-23 08:51:55, On the very auspicious occasion of the 7th Birth Anniversary of HSH Vairochana Rinpoche Ngawang Jigme Jigten Wangchuck the Tourism Council of Bhutan would like to offer our sincere prayers for Rinpoche xe2 x80 x99s good health and happy life Tashi Delek la TourismBhutan https t co ztXqG5XTe2 , tourismbhutan , TourismBhutan ,11868,Thimphu 
2020-06-23 08:28:27, Notification on import of processed frozen amp packaged meat https t co F83T5br9Ty , moafbhutan , ,446,Thimphu 
2020-06-23 08:12:25, The Department of Forests and Park Services has introduced officers badge from the Forestry officers position level to the Director General https t co YcXwrCCLYR https t co dz0uZuoNKg , moafbhutan , ,446,Thimphu 
2020-06-23 08:11:05, 2 2 International Yoga Day 2020 glimpses held at Embassy of India Thimphu MyLifeMyYoga YogaDay IdoYogaatHome https t co FIJspDwnLR , Indiainbhutan , Yoga MyLifeMyYoga YogaDay IdoYogaatHome ,10090,Thimphu 
2020-06-23 08:03:46, 1 2 International Yoga Day 2020 glimpses held at Embassy of India Thimphu spiritofyoga IDidYoga MyLifeMyYogaBHUTAN https t co AIMZHLzyZb , Indiainbhutan , Yoga spiritofyoga IDidYoga MyLifeMyYogaBHUTAN ,10090,Thimphu 
2020-06-23 07:37:12, Tired of see world full of hypocrites , SKStepheng , ,6,Thimphu 
2020-06-23 07:01:04, It s liberating to realize that you don t have to follow the r More for Sagittarius https t co FfKav1h4Nc , kintsho bht , ,30,Thimphu 
2020-06-23 07:00:57, Boundaries need to be set today in a troubled friendship Some More for Taurus https t co EECfQYA8HL , cixx67 , ,1510,Thimphu 
2020-06-23 07:00:21, passangyt Well this is a very practical thinking It xe2 x80 x99s easier to send the children to school but I can xe2 x80 x99t imagine how the year xe2 x80 x99s lesson will be thurst in to them within half a year xe2 x80 x99s time The science textbooks we studied in our HSS only got bigger BANroteLearning , Khampaa , BANroteLearning ,3841,Thimphu 
2020-06-23 07:00:15, The opportunities that arise in your life have so much to do w More for Pisces https t co uojyhA9mo8 , LobzangYeshey1 , ,314,Thimphu 
2020-06-23 06:49:31, RaspaPLUSdevi Happy Birthday Rinpoche la xf0 x9f x99 x8f xf0 x9f x99 x8f xf0 x9f x99 x8f https t co 08S0JVTNwm , ChhedupSangay , ,1065,Thimphu 
2020-06-23 06:44:38, Wonderful Conversation with Father Rev Kinley What a amazing human being he is and brilliant Mind BlackVictor amazing humanity father mindset conversation Thimphu Bhutan https t co FLHhYrJUxb , drupaltroll , BlackVictor amazing humanity father mindset conversation ,627,Thimphu 
2020-06-23 06:35:43, Long Live His Eminence Vairochana Rinpoche xf0 x9f x99 x8f xf0 x9f x99 x8f xf0 x9f x99 x8f BMT Happiness House https t co e8RSDsQvgd , bhutan majestic , ,1130,Thimphu 
2020-06-23 06:34:16, BBS Radio Say NO to SUicide https t co GyyhMesXY3 , BBSBhutan , ,50881,Thimphu 
2020-06-23 05:44:55, For how long will a potentially great power of the future keep fooling itself or allow itself to be fooled Poor prognosis if this continues to be the state of affairs https t co kpGaUSQona , TenzingLamsang , ,22669,Thimphu 
2020-06-23 05:42:05, Immigration and freedom built America and what it is today as the richest and most powerful country in the history of the world Undoing immigration will be undoing one of the two foundations of US prosperity and power https t co M8FzvA578T , TenzingLamsang , ,22669,Thimphu 
2020-06-23 05:31:51, shmueli Ahhh That xe2 x80 x99s what you meant I agree , namgayzam , ,22550,Thimphu 
2020-06-23 05:30:49, Duover Good ol days , uchiha soma , ,34,Thimphu 
2020-06-23 05:11:42, Be it evangelical church gatherings in the US and South Korea mosque prayer sessions in Pakistan or Hindu and Muslim festival or prayer gatherings in India religion and blind faith has proven to lend itself to COVID 19 super spreader events all over the world https t co lVjVHfVB1T , TenzingLamsang , ,22669,Thimphu 
2020-06-23 05:11:04, Happy Olympic Day Celebrations xf0 x9f x91 x8f throwback ODC Olympicday Bhutan sports June23 Values sportsforall solidarity staystrong staysafe stayactive https t co rbyJBkEaf5 , BhutanOlympic , throwback ODC Olympicday Bhutan sports June23 Values sportsforall solidarity staystrong staysafe stayactive ,834,Thimphu 
2020-06-23 05:02:14, When the Chief leads the way can the team be too far behind Presentation of xe2 x80 x98Yoga from Home xe2 x80 x99 by officials of Dantak from Bhutan IDidMyYogaAtHome GharGharSeYoga InternationalDayofYoga MEAIndia ICCR Delhi IndianDiplomacy KuenselOnline BBSBhutan DDNewslive PIB India https t co 3RQXT9K99q , Indiainbhutan , IDidMyYogaAtHome GharGharSeYoga InternationalDayofYoga ,10091,Thimphu 
2020-06-23 04:54:26, xf0 x9d x97 x9a xf0 x9d x97 xb2 xf0 x9d x98 x81 xf0 x9d x98 x81 xf0 x9d x97 xb5 xf0 x9d x97 xb2 xf0 x9d x97 xb0 xf0 x9d x97 xae xf0 x9d x98 x80 xf0 x9d x97 xb5 xf0 x9d x97 xaf xf0 x9d x97 xae xf0 x9d x97 xb0 xf0 x9d x97 xb8 xf0 x9d x98 x80 xf0 x9d x98 x84 xf0 x9d x97 xb5 xf0 x9d x97 xb6 xf0 x9d x97 xb9 xf0 x9d x97 xb2 xf0 x9d x98 x81 xf0 x9d x97 xb5 xf0 x9d x97 xb2 xf0 x9d x97 xbc xf0 x9d x97 xb3 xf0 x9d x97 xb3 xf0 x9d x97 xb2 xf0 x9d x97 xbf xf0 x9d x97 xb9 xf0 x9d x97 xae xf0 x9d x98 x80 xf0 x9d x98 x81 xf0 x9d x98 x80 A cashback of Nu 7 will be waiting in your eTeeru main wallet after every payment of Nu 50 or more For more info visit https t co nHB1jghRpE Check xe2 x80 x98Nearby Merchants xe2 x80 x99 in the app TashiCell https t co sQm6AiWQyk , TashiCell , TashiCell ,1744,Thimphu 
2020-06-23 04:36:41, I don t want support from men as a right for women power i want support from the fellow women From the basic and small things like smiling to each other and being kind rather than the look of jealously superiority and competition when we pass by each other , zzezenn , ,1908,Thimphu 
2020-06-23 04:35:50, Notification of the shortlisted applicants for the selection examination and xc2 xa0interview https t co t0AzfFRyXP , umsb123 , ,52,Thimphu 
2020-06-23 04:27:48, In the past both Republicans and Democrats have talked tough during elections on China only to reverse stance once in power The difference now is that America xe2 x80 x99s era of engagement with China starting from 1972 is over and China has never been a bigger bipartisan election issue https t co 7EuKGzkg7O , TenzingLamsang , ,22669,Thimphu 
2020-06-23 04:08:54, rightIess Sorry to use the n word but np bro , uchiha soma , ,34,Thimphu 
2020-06-23 04:01:45, good morning Rao sab pls aaj lunch main biryani bana lain shukria https t co QUQg6ulnKF https t co 5RThiuUhoe , SyedSaa1 , ,1574,Thimphu 
2020-06-23 03:51:41, AchuKhegpa SangayKarp In forestry atleast the vitamin deficiency relates to first a forest narrative rooted in colonialism in India that local people are forest destroyers Secondly we have without much thought bought the conservation lies espousing total lock up of the valuable renewable resource , pnamgyel , ,614,Thimphu 
2020-06-23 03:17:47, Why is Bhutan the next luxury travel holiday destination https t co GioC9sQh1j , Swallowtail2014 , ,384,Thimphu 
2020-06-23 03:13:56, shmueli But I still love it Had two parents on my timeline whose kids were part of this Haha I think it xe2 x80 x99s brilliant , namgayzam , ,22550,Thimphu 
2020-06-23 03:08:15, pdlight OmairTAhmad radiobhutan Hello They are on Instagram as Baby Boomers And are looking at a reunification Are you looking for a number , namgayzam , ,22550,Thimphu 
2020-06-23 03:00:48, I don xe2 x80 x99t know if students can ever figure out what it means to start the school mid year and then learn the bits and pieces of lessons put together If system forces them to face it then it very much talks about what kinda system we have Calloffschool2020 , Khampaa , Calloffschool2020 ,3841,Thimphu 
2020-06-23 01:58:01, MrsPA C Yes BHUTAN xf0 x9f x87 xa7 xf0 x9f x87 xb9 , jimjatz , ,28,Thimphu 
2020-06-23 01:35:31, AchuKhegpa SangayKarp A lot of food for thought To add to your list we live in a sea of forest yet our wood import is 8 xc3 x97 the export , pnamgyel , ,614,Thimphu 
2020-06-22 21:55:57, My sleep demon guy for a group Janus Phobetor He likes watching people sleep i keep trying 2 fix the crop to no avail so here are 2 doodles art ArtistOnTwitter originalcharacter https t co EzI0qgSQQM , Caniiibal , art ArtistOnTwitter originalcharacter ,112,Thimpu 
2020-06-22 18:18:31, ajitanjum Flop xf0 x9f xa4 xa3 xf0 x9f xa4 xa3 xf0 x9f xa4 xa3 , vikrantparate , ,23,Thimphu 
2020-06-22 18:17:05, LetsTalk FPL Pep is the biggest villain of FPL managers xf0 x9f x98 x82 xf0 x9f xa4 xa3 , DeependraKoira5 , ,8,Thimphu 
2020-06-22 18:16:38, LetsTalk FPL Pep is a crazy man xf0 x9f xa4 xa3 , DeependraKoira5 , ,8,Thimphu 
2020-06-22 18:15:51, FPLGOAT7 KUN gonna score a HAT TRICK Been long haven t seen him scoring one xf0 x9f xa4 xa8 xf0 x9f x99 x82 xf0 x9f x99 x82 , DeependraKoira5 , ,8,Thimphu 
2020-06-22 18:11:25, No De Bruyne Vs Burnley What s the feeling , DeependraKoira5 , ,8,Thimphu 
2020-06-22 17:48:25, rightIess Always best nigga , uchiha soma , ,34,Thimphu 
2020-06-22 17:47:37, lekzindendup YouTube nice , Tobgay333 , ,38,Thimphu 
2020-06-22 17:41:51, On this day in 2013 a young child was born As he turns 7 today it s 7 years that we have been blessed I join the people of Bhutan to wish Happy Birthday to HE Vairochana Rinpoche Ngawang Jigme Jigten Wangchuck la May you grow healthy and strong to benefit us 23 06 2020 https t co 4WGMIFxcn5 , ChhedupSangay , ,1065,Thimphu 
2020-06-22 17:35:40, beauty in beautiful blouse https t co ib59Znc0uv , SyedSaa1 , ,1574,Thimphu 
2020-06-22 17:32:10, You never let me down nor did I , akachandorjee , ,3,Thimphu 
2020-06-22 17:31:41, I have faith in you god , akachandorjee , god ,3,Thimphu 
2020-06-22 17:30:27, Let xe2 x80 x99s be honest enough to deal with it after all honesty come first for me I don xe2 x80 x99t know about you xf0 x9f xa4 xb7 xf0 x9f x8f xbc xe2 x80 x8d xe2 x99 x80 xef xb8 x8f , akachandorjee , ,3,Thimphu 
2020-06-22 17:24:01, This takes to 69 positive cases in Bhutan COVID19 Bhutan https t co UdBmTluBsZ , ChhedupSangay , COVID19 Bhutan ,1065,Thimphu 
2020-06-22 16:02:34, DveStewart ditzkoff yah i love your thought by the way , chhetri narat , ,7,Thimphu 
2020-06-22 15:24:15, Our Sowai Lyonpo DechenwangmoM among remarkable women leaders of the global south xf0 x9f x99 x8c xf0 x9f x8f xbc Our Health Minister has been incredible during this pandemic She deserves more recognition https t co oOKBACoBnR , namgayzam , ,22550,Thimphu 
2020-06-22 15:13:06, rightIess Fast mate , uchiha soma , ,34,Thimphu 
2020-06-22 14:31:11, First match after the reopen Had a tiring one Time to get back on track xf0 x9f x98 x8a gicbhutanre younguns footballbhutan Kay Dee Futsal https t co 5mu5zaQ88l , ManoJonaM , gicbhutanre younguns footballbhutan ,179,Thimphu 
2020-06-22 14:13:21, MrsCie DK Lovely la xf0 x9f x98 x8d Uplifting , namgayzam , ,22550,Thimphu 
2020-06-22 14:01:22, Watch the 9th episode of David Hoffman xe2 x80 x99s David xe2 x80 x99s Been Here in Bhutan featuring Thimphu the capital city and showcasing Bhutanese food at its best Click on the link below to watch the episode https t co KdYBV1LcHq Stay tuned for more mouthwatering episodes , MyBhutan , ,938,Thimphu 
2020-06-22 13:58:09, xe2 x80 x98Mr Trump for his part has been notably softer on Facebook than on Amazon Google Twitter or Netflix at a moment when his regulatory apparatus often focuses on the political enemies he identifies in tweets xe2 x80 x99 https t co WummJfdbLx , TenzingLamsang , ,22669,Thimphu 
2020-06-22 10:54:09, GladlyGabe Super super happy face , uchiha soma , ,34,Thimphu 
2020-06-22 10:53:38, RobloxTweetz Done , uchiha soma , ,34,Thimphu 
2020-06-22 09:53:44, BBS Radio Article 9 Principles of State Policy Section 12 to Section 24 https t co Dn1uUUurSM , BBSBhutan , ,50881,Thimphu 
2020-06-22 09:11:02, Congratulating susheee on completing her DeSuung training We are proud of you volunteerism https t co ZL0kKZg9pJ , mstudiobhutan , DeSuung volunteerism ,235,Thimphu 
2020-06-22 08:53:42, sonamakapoor You are such a mean and heartless person Instead of feeling sorry you are adding fuel on fire , ChadoLingpa , ,11,Thimphu 
2020-06-22 08:40:53, Rashomon a 1950 xe2 x80 x99s Japanese masterpiece by Akira Kurosawa on wildly differing accounts of the same event by the different characters based on their own motivations and bias Still relevant in these times https t co bG6rE1ul6Z , TenzingLamsang , ,22669,Thimphu 
2020-06-22 08:37:06, COVID 19 update from Bhutan xf0 x9f x87 xa7 xf0 x9f x87 xb9 WOW 32 Thirty Two RECOVERED Happy Monday Stay Safe xf0 x9f x99 x8f BMT Happiness House https t co MpRnkSaD0e , bhutan majestic , COVID ,1130,Thimphu 
2020-06-22 08:36:36, Not too thrilled with the quarantine haircut I just got xf0 x9f xa4 xa6 xf0 x9f x8f xbb xf0 x9f xa4 xa6 xf0 x9f x8f xbb xf0 x9f xa4 xa6 xf0 x9f x8f xbb https t co guZH3WmJMo , jimjatz , ,28,Thimphu 
2020-06-22 07:49:59, sonamakapoor Your karma is a bharma , iBikashstephen , ,41,Thimphu 
2020-06-22 07:46:39, Statistics on Farmers Group and Cooperatives online https t co N9tsiv3FGR , moafbhutan , ,446,Thimphu 
2020-06-22 07:45:28, The RNR Newsletter 1 15 June Vol VIII Issue no VII click for details https t co BZPKRJZvw3 https t co GEKFAKm5qB , moafbhutan , ,446,Thimphu 
2020-06-22 07:38:34, shmueli I hope it stays this way with Bhutan Culture vultures doing their best for us to go the Taiwan way xf0 x9f xa4 xb7 xf0 x9f x8f xbb xe2 x80 x8d xe2 x99 x80 xef xb8 x8f , namgayzam , ,22550,Thimphu 
2020-06-22 07:30:45, Drukair Is there a possibility of starting commercial flights to Delhi from July I have Bhutanese work permit and need to come back to Bhutan , backyardheaven , ,253,Thimphu 
2020-06-22 07:01:04, You xe2 x80 x99re ready to undergo a big transformation Whether it s a r More for Sagittarius https t co FfKav1h4Nc , kintsho bht , ,30,Thimphu 
2020-06-22 07:00:57, Expressing your feelings is critical to your health and happin More for Taurus https t co EECfQYA8HL , cixx67 , ,1510,Thimphu 
2020-06-22 07:00:14, Carve out some time today for activities that bring you pleasu More for Pisces https t co uojyhA9mo8 , LobzangYeshey1 , ,314,Thimphu 
2020-06-22 05:50:20, Another day another Dzongkhag xe2 x80 x9cYoga from Home xe2 x80 x99 in Bhutan Can you guess which district we will cover today Watch this space MyLifeMyYogaBHUTAN GharGharSeYoga InternationalDayOfYoga2020 https t co A5u05HIiNs , Indiainbhutan , MyLifeMyYogaBHUTAN GharGharSeYoga InternationalDayOfYoga2020 ,10091,Thimphu 
2020-06-22 04:53:18, Extensive coverage in the Kuensel Bhutan Times amp Bhutan Today of the 6th International Day of Yoga programme amp acitivities organised by Indiainbhutan Do read KuenselOnline BhutanT IDidMyYogaAtHome GharGharSeYoga InternationalYogaDay https t co kO3kKrfFN3 , Indiainbhutan , IDidMyYogaAtHome GharGharSeYoga InternationalYogaDay ,10091,Thimphu 
2020-06-22 04:31:26, Routine rotavirus vaccination in Bhutan is unlikely to be cost effective with any of the currently available vaccines HITAP Thailand PATHtweets idsihealth For details follow the link below https t co FiYetKWq0e rotavirusvaccine costeffectiveness healtheconomics , MoHBhutan , rotavirusvaccine costeffectiveness healtheconomics ,1356,Thimphu 
2020-06-22 04:02:38, deeprajchhetri good luck You can do it one day xe2 x9c x8a xf0 x9f x8f xbb , ha na 08 , ,742,Thimphu 
2020-06-22 02:43:36, roxapox Nice gimme that valk roxa xf0 x9f x98 x84 , uchiha soma , ,34,Thimphu 
2020-06-21 18:46:50, nupursaye HardeepSPuri airvistara IndiGo6E goairlinesindia airindiain MEAIndia MoCA GoI PIB India MIB India HCI Ottawa india nigeria IndianEmbassyUS HCI London hcikl indiandiplomats AAI Official AI and private carriers mentioned together , backyardheaven , ,253,Thimphu 
2020-06-21 18:46:09, nupursaye HardeepSPuri airvistara IndiGo6E goairlinesindia airindiain MEAIndia MoCA GoI PIB India MIB India HCI Ottawa india nigeria IndianEmbassyUS HCI London hcikl indiandiplomats AAI Official https t co JYxIwQjVUo There are about 10 flights for Singapore , backyardheaven , ,253,Thimphu 
2020-06-21 18:41:00, I tried doing the last MBTI test before i sleep and what i got was INFP T I ll try next time cuz i am not convinced and even my sista wouldn t agree Or should i stick to being ESFJ For now all i know is that i am definitely an ambivert , its Astrophile , ,3,Thimphu 
2020-06-21 18:39:50, If anyone want help shushantjii get justice https t co y7y337pwDa Plz write to pmo We want fair CBI inquiry for Sushant Singh Rajput , Tour4Bhutan , ,71,Thimphu 
2020-06-21 18:34:42, GazalaShibli TushalThadeswar HardeepSPuri airvistara IndiGo6E goairlinesindia airindiain MEAIndia MoCA GoI PIB India MIB India HCI Ottawa india nigeria IndianEmbassyUS HCI London hcikl indiandiplomats AAI Official Does residents and citizens include NRIs , backyardheaven , ,253,Thimphu 
2020-06-21 18:33:48, do you like my pets Saira https t co RFWJGSr4Y3 https t co 19WOPChC6E , SyedSaa1 , ,1574,Thimphu 
2020-06-21 18:32:50, TushalThadeswar HardeepSPuri airvistara IndiGo6E goairlinesindia airindiain MEAIndia MoCA GoI PIB India MIB India HCI Ottawa india nigeria IndianEmbassyUS HCI London hcikl indiandiplomats AAI Official Dubai will start welcoming tourists only from 7th July my friend https t co h2nAfdt01z , backyardheaven , ,253,Thimphu 
2020-06-21 18:23:47, if im a bird Juno Roome Goodnight world xf0 x9f x8c x99 , its Astrophile , ,3,Thimphu 
2020-06-21 17:29:32, The Reds are back They play against Everton tonight Come on reds LFC EVELIV https t co 4HGrqGFgG0 , ChhedupSangay , LFC EVELIV ,1065,Thimphu 
2020-06-21 17:13:12, Calling it a day Hike to Bumdrak visit to Chochungtse the seat of Dakpa Jamtsho and Sang Choekhor monastery the seat of successive Zhabdrung Speech reincarnation May everything be auspicious The 30th day xe2 x80 xa6 https t co AaOxvFqeH9 , dechen rabgyal , ,76,Thimphu 
2020-06-21 16:23:59, Canada LEONARD COHEN Sorry I can xe2 x80 x99t add anyone else xe2 x80 x99s name next to his xf0 x9f x98 xac xf0 x9f x99 x8f xf0 x9f x8f xbc xf0 x9f xa4 x97 https t co LFPyHdDEpa , namgayzam , ,22550,Thimphu 
2020-06-21 16:13:10, Imagine the international order if the Nazis prevailed in WWII or the Soviets in the Cold War We would be living in a very very different world Important questions to ask as the US declines and an uncertain international scenario comes up , TenzingLamsang , ,22669,Thimphu 
2020-06-21 16:06:58, Yoga has changed my life but I do make my friends nervous As evinced in the short video xf0 x9f x98 x82 What xe2 x80 x99s your favourite way of staying healthy internationaldayofyoga bhutan https t co sqXP5JA22Y , namgayzam , internationaldayofyoga bhutan ,22550,Thimphu 
2020-06-21 16:05:55, For all their shenanigans in Middle East Latin America amp Vietnam the US led world order has been a largely liberal amp rules based order Its own vibrant democracy amp ideals have played an influential role in its interaction with the world amp creation of international institutions , TenzingLamsang , ,22669,Thimphu 
2020-06-21 16:01:34, For all the flaws of Pax Americana they helped beat Nazis rebuilt W Europe after WW2 with Marshall Plan amp secured their allies well in East Asia all without demanding back too much in return In fact USA helped in rise of its toughest economic competitor in 80s amp 90s in Japan , TenzingLamsang , ,22669,Thimphu 
2020-06-21 14:37:05, https t co DvNzzRfrNV For future entertainment , its Astrophile , ,3,Thimphu 
2020-06-21 14:27:56, Sometimes i m so disappointed at myself that i wish there was a reset button or i should just die n be born anew Some people shud also realize how much of failure they are as a human So lets go Sonam Kapoor U don t deserve this world Gurl ur reset is gonna be a long process , its Astrophile , ,3,Thimphu 
2020-06-21 14:09:57, rightIess Sup bro , uchiha soma , ,34,Thimphu 
2020-06-21 13:10:38, I miss you Daddy https t co 5geNbOrWo8 , SyedSaa1 , ,1574,Thimphu 
2020-06-21 13:09:33, I miss you Daddy https t co UjcuP7DYHy , SyedSaa1 , ,1574,Thimphu 
2020-06-21 12:53:19, sonamakapoor Yes you are one of the products of the highly calibrated Bollywood mafia , sonamwangs , ,56,Thimphu 
2020-06-21 12:48:39, I just learned that if we look closer double rainbows looks like an eye opening up to the sky Thank you thedailysmilepodcast , its Astrophile , thedailysmilepodcast ,3,Thimphu 
2020-06-21 12:42:54, The most creative photo of the solar eclipse by Dr Neto from the Royal Academy in Paro The eclipse in a puddle Wow xf0 x9f xa4 xa9 https t co hI9sV6CP0q , namgayzam , ,22550,Thimphu 
2020-06-21 12:09:20, India china Chinese aggression not a coincidence Shyam Saran The Economic Times https t co vZqbtYrtUu , dawapenjor , India china ,1276,Thimphu 
2020-06-21 12:00:11, BBS Radio Article 9 Principles of State Policy Section 1 to Section 11 https t co DOy3GLVGFM , BBSBhutan , ,50881,Thimphu 
2020-06-21 11:49:06, I think China and India needs to pacify their border disputes Neither of them will win from aggression and violence China might be superior but India is not inferior Good communication and dialogue will help win the both the parties , ChhedupSangay , ,1065,Thimphu 
2020-06-21 11:35:06, Actor Chiranjeevi passed away bcos of heart attack 2020 hasn t been a good year for Indian film industry My five years of study in Hyderabad has taught me to watch him amp love him Such a great actor May he rest in peace Heartfelt prayers amp condolences https t co S6hbTuZo9t , ChhedupSangay , ,1065,Thimphu 
2020-06-21 11:14:50, Wishing Her Majesty the very beautiful and gracious Yum Yangdr xc3 xb4n many happy returns of the day may the Dharma queen mother have an awesome day xf0 x9f x8c xb7 xf0 x9f xa5 x82 xf0 x9f x8d xbe xf0 x9f x92 x90 xe2 x99 xa5 xef xb8 x8f https t co rMimGAAfhh , DziJ , ,1683,Thimphu 
2020-06-21 10:59:31, https t co gBfI4JYaxH Just found this 10 years old viral video It sure was so beautiful the double rainbow and the double rainbow guy , its Astrophile , ,3,Thimphu 
2020-06-21 10:09:11, RaspaPLUSdevi Very well la Thank you so much xf0 x9f x99 x8f xf0 x9f x99 x8f xf0 x9f x99 x8f , ChhedupSangay , ,1065,Thimphu 
2020-06-21 10:07:20, Yoga is a holistic approach that eases our mind and heals our body It is an invaluable gift to our health In line with the theme YogaAtHome and Yoga with Family I wish everyone a HappyInternationalYogaDay , FMBhutan , YogaAtHome HappyInternationalYogaDay ,3265,Thimphu 
2020-06-21 09:59:44, Its a god gift when you meet uou dad on father s day May you be blesssed xe2 x9d xa3 , BidhaChencho , ,95,Paro 
2020-06-21 09:38:18, obviously it is me https t co hl4VgOug9C https t co DcQZccpfpY , SyedSaa1 , ,1574,Thimphu 
2020-06-21 09:37:39, insay attraction chalay gi https t co hICLiqPHnd https t co yzoWGJmvjX , SyedSaa1 , ,1574,Thimphu 
2020-06-21 09:34:30, IAMSEMA beautiful teeth muaaaah , SyedSaa1 , ,1574,Thimphu 
2020-06-21 09:28:54, EXPLORE the world is ours Bhutan xe0 xbd xa0 xe0 xbd x96 xe0 xbe xb2 xe0 xbd xb4 xe0 xbd x82 xe0 xbc x8b xe0 xbd xa2 xe0 xbe x92 xe0 xbe xb1 xe0 xbd xa3 xe0 xbc x8b xe0 xbd x81 xe0 xbd x96 xe0 xbc x8b https t co E3aBTIXeZp , ugenchoda , ,39,Bhutan 
2020-06-21 09:27:28, The solar eclipse as seen from Thimphu today Sky was overcast but Tenzin Pelden got a bit of it at this position through an X ray https t co irgbVYG9LX , namgayzam , ,22550,Bhutan 
2020-06-21 08:34:07, Climb every mountain build every road Ever wondered what Chief Engineer Dantak spends his spare time on Take a look IDidMyYogaAtHome GharGharSeYoga InternationalDayOfYoga PMOIndia MEAIndia ICCR Delhi IndianDiplomacy DDNewslive KuenselOnline DineshKPatnaik https t co n3W7TrLZ1W , Indiainbhutan , IDidMyYogaAtHome GharGharSeYoga InternationalDayOfYoga ,10091,Thimphu 
2020-06-21 07:42:46, Magnificent Tashi Chhodzong despite bad weather Thimphu SolarEclipse2020 https t co COJ1iihdfU , ChhedupSangay , Thimphu SolarEclipse2020 ,1065,Thimphu 
2020-06-21 07:29:45, Heavy rain Darkness Unseen Solar Eclipse Scared amp worried kids call Dad it s scary Watching from windows Top floor Vehicles with head lights Patter sound Life is amazing , ChhedupSangay , ,1065,Thimphu 
2020-06-21 07:10:36, Lord bless us please Thimphu Bhutan https t co Mz8s6gHZpT , ChhedupSangay , Thimphu Bhutan ,1065,Thimphu 
2020-06-21 07:06:50, Tashi Chhodzong at its best and beautiful even at this time of Annular Solar Eclipse Thimphu Bhutan Beauty https t co yLiIksYMJ2 , ChhedupSangay , Thimphu Bhutan Beauty ,1065,Thimphu 
2020-06-21 07:01:04, A financial blessing may shake loose today in the form of an i More for Sagittarius https t co FfKav1h4Nc , kintsho bht , ,30,Thimphu 
2020-06-21 07:00:57, Improving your outlook may strengthen your fortune in virtuall More for Taurus https t co EECfQYA8HL , cixx67 , ,1510,Thimphu 
2020-06-21 07:00:14, Pleasurable pursuits bring out the best in you While others a More for Pisces https t co uojyhA9mo8 , LobzangYeshey1 , ,314,Thimphu 
2020-06-21 06:56:11, good morning my dear Nawal stay home stay safe https t co 8FYsHbD9AS https t co jhHvZNhiZe , SyedSaa1 , ,1574,Thimphu 
2020-06-21 06:50:13, Bhutan xf0 x9f x87 xa7 xf0 x9f x87 xb9 is almost like blackout too https t co RNC2GXdqtC , ChhedupSangay , Bhutan ,1065,Thimphu 
2020-06-21 06:39:39, good morning beautiful I like your beautiful teeth they are like pearls https t co nthTVtL96r https t co sVXlgSgnMT , SyedSaa1 , ,1574,Thimphu 
2020-06-21 06:33:09, good morning Rao sb pls stay at home pls avoid to go in the kitchen dont cut alu piyaz and mangoes https t co CQO1qzxR9d https t co Z5OmEjHu8x , SyedSaa1 , ,1574,Thimphu 
2020-06-21 06:32:10, treydayway Definately , ULDorjee , ,271,Thimphu 
2020-06-21 06:28:40, yasmeenyk1 good morning Bajwa sb stay at home due to sun elipse avoid to cut alu piyaze etc https t co u0dpAMeIUC , SyedSaa1 , ,1574,Thimphu 
2020-06-21 06:27:49, That xe2 x80 x99s what you get for messing with a beehive xf0 x9f x90 x9d https t co xoAsOBXoIn , BrezzyNemo , ,15,Thimphu 
2020-06-21 06:07:23, This is interesting How solar eclipse unfolds in Bhutan SolarEclipse2020 https t co h4KyXTqpxj , ChhedupSangay , Bhutan SolarEclipse2020 ,1065,Thimphu 
2020-06-21 05:56:45, Any solar eclipse picture s coming in from across Bhutan BBSBhutan and KuenselOnline , ChhedupSangay , Bhutan ,1065,Thimphu 
2020-06-21 05:53:47, Solar Eclipse Live coverage on Door Dharshan News channel DDNational People are advised not to go outside when the sun is being blocked by moon https t co QUQZOIiqm4 , ChhedupSangay , ,1065,Thimphu 
2020-06-21 05:01:36, Happy Father xe2 x80 x99s Day https t co Wt1hEMXlhv , somdomusic , ,26,Thimphu 
2020-06-21 04:25:48, Paddy cultivation season bhutan green paddycultivation sustainibility selfresilience traditionalknowledge tradition culture mountains agriculture portraitphotography conservation villagewomen icimod xe2 x80 xa6 https t co 5M6IEZ8f1m , sonam tshering , bhutan green paddycultivation sustainibility selfresilience traditionalknowledge tradition culture mountains agriculture portraitphotography conservation villagewomen icimod ,53,Bhutan 
2020-06-21 03:57:00, World xe2 x80 x99s oldest musical instrument Naturally formed https t co 9ZWzFWvt8A , somdomusic , ,26,Bhutan 
2020-06-21 03:43:44, What a President we have in the United States xf0 x9f x98 x82 https t co ae2C9jBzZU , ChhedupSangay , ,1065,Thimphu 
2020-06-21 03:30:02, On this Father xe2 x80 x99s Day remember to call your dad and thank him for all the principles and lessons of life he instilled in you Kadrinche la Apa TashiCell HappyFathersDay https t co yoHngXgf1B , TashiCell , TashiCell HappyFathersDay ,1744,Thimphu 
2020-06-21 03:00:49, mmadiim Listen to juice Wrld , uchiha soma , ,34,Thimphu 
2020-06-21 02:56:31, Privileged to share a message from the Hon xe2 x80 x99ble Health Minister of Bhutan DechenwangmoM on the occasion of the 6th International Day of Yoga GharGharSeYoga InternationalDayOfYoga2020 PMOIndia MEAIndia ICCR Delhi IndianDiplomacy DDNewslive KuenselOnline BBSBhutan https t co NxmE1dgkkF , Indiainbhutan , GharGharSeYoga InternationalDayOfYoga2020 ,10091,Thimphu 
2020-06-21 02:54:31, caricatured xf0 x9f x98 x80 nice , vikrantparate , ,23,Thimphu 
2020-06-21 02:10:18, EXPLORE the world is ours Bhutan xe0 xbd xa0 xe0 xbd x96 xe0 xbe xb2 xe0 xbd xb4 xe0 xbd x82 xe0 xbc x8b xe0 xbd xa2 xe0 xbe x92 xe0 xbe xb1 xe0 xbd xa3 xe0 xbc x8b xe0 xbd x81 xe0 xbd x96 xe0 xbc x8b https t co 7XWywBJuvZ , ugenchoda , ,39,Bhutan 
