,,,,,
,,,,,
7/11/20 16:22, TheAaryanKartik where will you travel first once this gets over , BhutanTripAdv , ,5908,Thimphu 
7/11/20 15:19, RahulGandhi Useless Congress have nothing to write against BJP thus they write all nonsense , nidhi bhattarai , ,3,Thimphu 
7/11/20 15:08, Getting back nearly after 4 years , Karma0543 , ,7,Thimphu 
,,,,,
,,,,,
,,,,,
,,,,,
,,,,,
,,,,,
,,,,,
7/11/20 13:53, https t co 3kzacuaIxR How do you improve your wellness score Want to know the simplest of ways that could help to make a substantial difference in your health Check this article to find out more details on your health and Wellness Check Lists , backyardheaven , ,253,Thimphu 
7/11/20 13:22, If scoring 2 is brace And scoring 3 is hatrick What is scoring 4 in a game called Antonio You made FPL manager regret for not having you on their team xf0 x9f xa5 xba , DeependraKoira5 , ,19,Thimphu 
7/11/20 13:20, FactsFpl Thank you so much for the share xf0 x9f x99 x82 , DeependraKoira5 , ,19,Thimphu 
7/11/20 13:11, beautiful color just likey car paint https t co om9d0jlnGd https t co JkKygVQvVs , SyedSaa1 , ,1572,Thimphu 
7/11/20 12:19, xo audrey Maybe one day we will be there at all I just want to be sure I have the right to be mad at me for not being xf0 x9f x92 xaf , uchiha soma , ,65,Thimphu 
7/11/20 12:15, BibekWrites Ayushman Yangchenlhamoj Plenty of gas for an alleged PhD , TenzingLamsang , ,23656,Thimphu 
7/11/20 11:59, LatoyaFerns IYCMaha satyajeettambe brijdutt INCIndia xf0 x9f xa5 xb0 xf0 x9f x99 x8c xf0 x9f x8f xbc You know it xe2 x80 x99s ditto , namgayzam , ,22831,Thimphu 
7/11/20 11:53, LatoyaFerns IYCMaha satyajeettambe brijdutt INCIndia Tashi delek my dear charo xf0 x9f x92 x95 , namgayzam , ,22831,Thimphu 
7/11/20 11:39, justme277 CaroWozniacki Close your mouth first , chunjurrinchhen , ,187,Thimphu 
7/11/20 10:32, Am I scared amp worried of COVID 19 BIG YES I m using MASK to prevent myself family and others because I CARE Do You BMT Happiness House https t co 00zFQ7601A , bhutan majestic , COVID MASK ,1130,Thimphu 
7/11/20 10:29, sowfflll Than wrote xf0 x9f x96 x8a jackpot a note containing lot of xf0 x9f x90 xbb xf0 x9f xa4 x97 , DziJ , ,1688,Thimphu 
7/11/20 9:52, aayosanket Proud Nepalese Exactly , TenzingLamsang , ,23656,Thimphu 
7/11/20 9:42, What if unfair is fair xf0 x9f x98 xa3 xf0 x9f x98 xa3 xf0 x9f x98 xa3 xf0 x9f x98 xa3 , SonamZa75499076 , ,2,Thimphu 
7/11/20 9:40, Upgrading connectivity in the Buddhist circuit Kushinagar airport declared as International Airport to provide additional facilities and flights for devotees and pilgrims on the Lord xe2 x80 x99s trail Do read https t co kZSwBF1cQt https t co vQRmfrWLkR , Indiainbhutan , ,10296,Thimphu 
7/11/20 8:57, Reaffirming India xe2 x80 x99s pledge to combat Climate Change PM Narendra Modi says that Solar Energy is Sure Pure and Secure Read the full speech here https t co 8Wx1XQyYDg PMOIndia isolaralliance DrSJaishankar MEAIndia IndianDiplomacy https t co mVtsTahjby , Indiainbhutan , Climate ,10296,Thimphu 
7/11/20 8:38, Practise yoga win prizes Congrats to the winners from xf0 x9f x87 xa7 xf0 x9f x87 xb9 of the Ministry of AYUSH Government of India MyLifeMyYoga video blogging contest Do read the Kuensel report of date DineshKPatnaik https t co qjEBjggROh , Indiainbhutan , MyLifeMyYoga ,10296,Thimphu 
7/11/20 7:59, ndtv BJP Government is doing what ever is best for the country and it xe2 x80 x99s people Please refrain from using BJP xe2 x80 x99s name as they are not corrupted like Congress , nidhi bhattarai , ,3,Thimphu 
7/11/20 7:03, Jocelynellax simp xf0 x9f x98 x82 , uchiha soma , ,65,Thimphu 
7/11/20 7:03, basicvaneRbx Okay take care xf0 x9f xa5 xba , uchiha soma , ,65,Thimphu 
7/11/20 7:02, A radical transformation is upon you and it won xe2 x80 x99t wait a secon More for Virgo https t co ytH6jMhay1 , czdorji , ,2311,Thimphu 
7/11/20 7:01, Enjoying yourself should be your top priority today Put your More for Sagittarius https t co FfKav1h4Nc , kintsho bht , ,30,Thimphu 
7/11/20 7:01, Keep any plans to change your job or increase your income a se More for Taurus https t co EECfQYA8HL , cixx67 , ,1512,Thimphu 
7/11/20 7:00, MrGeorgeBenson waiting for your match preview MrGeorgeBenson , TsheringJatsho , ,14,Thimphu 
7/11/20 7:00, Worrying about others opinions will undermine your earning po More for Pisces https t co uojyhA9mo8 , LobzangYeshey1 , ,314,Thimphu 
7/11/20 6:55, ImKundanKrishna Sounds like it , TenzingLamsang , ,23656,Thimphu 
7/11/20 6:51, Amazing talent of a Nepalese singing at a Chinese talent show Having grown up around Nepalis in my school days in Darjeeling and here in Bhutan Lhotsamphs They are highly talented and culturally adaptable Nepalis also win hearts in singing amp dancing competitions in India https t co RQ560hp9ta , TenzingLamsang , ,23656,Thimphu 
7/11/20 6:38, PravinSawhney True but even the strongest of rising powers need a peaceful neighborhood like the USA in the first half of 20th Century China for all its power is in a pretty hostile neighborhood with disputes with countries like Japan Vietnam India Australia Philippines S Korea etc , TenzingLamsang , ,23656,Thimphu 
7/11/20 6:23, sowfflll So the story is threaded as the angry xf0 x9f x98 xa1 jackpot xe2 x80 x99s Aum had a glass of whiskey met sexy Jigsnews and went looking for a camel and a cow xf0 x9f x90 x84 Oh forgot to read her book as she left it with Achu Khegpa , DziJ , ,1688,Thimphu 
7/11/20 6:21, Finally into shape lawn garden canopy a perfect place to park your bumps https t co RpRSb3Qw98 , KinzangDendup1 , lawn canopy ,217,Thimphu 
7/11/20 5:57, Dagana is a verdant region and over 80 of the district is under forest cover Hardy trees like Champ Augury Chirpine and Sal grow throughout the region Here is one of the most interesting and iconic site of xe2 x80 xa6 https t co 2toMC9k2qh , tourismbhutan , ,11991,Thimphu 
7/11/20 5:53, sowfflll Jackpot xf0 x9f x8d xb7 xf0 x9f xa5 x83 , DziJ , ,1688,Thimphu 
7/11/20 5:28, Better Man than I was Yesterday BlackVictor PC nithildennis Thanks for your random shot xf0 x9f x98 x82 xf0 x9f x98 x8d Thimphu Bhutan https t co GDqpUn0rpd , drupaltroll , BlackVictor ,628,Thimphu 
7/11/20 4:48, Wisdom comes to the heart that is hungry for God AW Tozer tozer pursueGod , GenuineShadow , tozer pursueGod ,377,Thimphu 
7/11/20 4:25, FPLUnderTheRadr Follow me Will follow you , DeependraKoira5 , ,19,Thimphu 
7/11/20 4:24, FPLNym Jimenez bracing awaiting xf0 x9f x98 x81 , DeependraKoira5 , ,19,Thimphu 
7/11/20 4:24, I think a simple peace plan for the region is China India amp Pakistan each keep what territory they have amp tackle real issues like COVID 19 economy climate change human rights etc The other option is to develop thick skins that won xe2 x80 x99t melt when faced with a nuclear blast , TenzingLamsang , ,23656,Thimphu 
7/11/20 1:58, Borrowing from ShekharGupta it is sheer fantasy to imagine any of 3 nuclear armed neighbors with territorial disputes China India amp Pakistan in this day amp age can redraw each other xe2 x80 x99s boundaries by force Everything will be thrown into defending territory including nukes , TenzingLamsang , ,23656,Thimphu 
7/11/20 1:57, Kuensel copy pasted the press release from the Covid19 Task Force word by word into their story KuenselOnline https t co mK0rcoFUUO , yiwangpindarica , ,6936,Thimphu 
7/11/20 1:54, Fourth paragraph states Three foreign workers without any documents issued by the Department of Immigrations were apprehended How did they get in, yiwangpindarica , ,6936,Thimphu 
7/11/20 1:18, Just it case you missed it Kuensel reports on India xe2 x80 x99s policy response to stimulate the economy in the wake of Covid 19 https t co QHAmspumBl PMOIndia MEAIndia IndianDiplomacy DrSJaishankar DDNewslive PBNS India PIB India PTI News KuenselOnline BBSBhutan BhutanT , Indiainbhutan , ,10296,Thimphu 
7/10/20 22:52, nydosas hello Are you open tomorrow 7 11 , aniruddhakul , ,26,Thimphu 
7/10/20 21:15, amazing https t co wQAIxEhUCP , SyedSaa1 , ,1572,Thimphu 
7/10/20 20:26, It s Official I declare myself a Pushover and i never accepted it guilty though it was too obvious Just leave me alone Please , its Astrophile , ,4,Thimphu 
7/10/20 20:26, TheINFP Bear after 1 hour Yum sha momo and fish sticks Then again u can do it Let this be last Best of luck , its Astrophile , ,4,Thimphu 
7/10/20 19:59, read this bastard https t co ODaG8rtRjn https t co cSqWSpZ4HC , SyedSaa1 , ,1572,Thimphu 
7/10/20 19:57, love you dear Salma from Pakistan https t co 3jC1GSBIH9 https t co yevmhF3ia1 , SyedSaa1 , ,1572,Thimphu 
7/10/20 19:35, Changlimithang park photographer photography photooftheday photo photoshoot nature instagood love picoftheday instagram canon portrait art like naturephotography model travelphotography https t co ZCD6ApGwiD , SonamLhendup19 , photographer photography photooftheday photo photoshoot nature instagood love picoftheday instagram canon portrait art like naturephotography model travelphotography ,0,Bhutan 
7/10/20 18:52, megaclang HectorBellerin SergeGnabry Still a plastic fan asshole , chimidorji7 , ,62,Thimphu 
7/10/20 18:37, megaclang HectorBellerin SergeGnabry Plastic fan , chimidorji7 , ,62,Thimphu 
7/10/20 18:13, HectorBellerin SergeGnabry Hector Just focus on your football We want good performance from you every week Moreover you have Anisley and Cedric as competition now , chimidorji7 , ,62,Thimphu 
7/10/20 16:46, Mental pain is less dramatic than physical pain but it is more common and also more hard to bear The frequent attempt to conceal mental pain increases the burden it is easier to say My tooth is aching than to say My heart is broken C S Lewis , GenuineShadow , ,377,Thimphu 
7/10/20 16:19, https t co mABHlWKGi5 HealthyEating Produce 10 reasons why one should eat healthy naturally grown and healthy foods Also find out what should one do to lead a healthy life , backyardheaven , HealthyEating Produce ,253,Thimphu 
7/10/20 16:01, rightIess BloxFruits What character is that , uchiha soma , ,65,Thimphu 
7/10/20 16:00, iix Ally Lol sad , uchiha soma , ,65,Thimphu 
7/10/20 15:55, basicvaneRbx Reinstall windows 10 , uchiha soma , ,65,Thimphu 
7/10/20 15:54, iix Ally Just forget it xf0 x9f xa5 xba , uchiha soma , ,65,Thimphu 
7/10/20 15:46, phuntsho95 Be safe if you are in the southern parts xf0 x9f x99 x82 , zzezenn , ,1923,Thimphu 
7/10/20 15:35, yucee5 GPforEducation Hello , yucee56 , ,44,Thimphu 
7/10/20 14:55, Last Goodbye Despite some hard tasks and gloominess especially during Computer Programming and Mathematics classes you stumble upon during the last 3 years in the college at the xe2 x80 xa6 https t co kJQ7QdGGgp , drupaltroll , ,628,Thimphu 
7/10/20 13:09, beauty in Saree https t co m5rFASCFH3 https t co P7shdiGt5o , SyedSaa1 , ,1572,Thimphu 
7/10/20 11:49, beauty in Sarees https t co eG2I3vRPWh , SyedSaa1 , ,1572,Thimphu 
7/10/20 11:14, iix Ally Cool but nty , uchiha soma , ,65,Thimphu 
7/10/20 10:48, What an Advertisement when tourismbhutan is having tough time tackling issues with unemployed guides fridy thoughts https t co 4bhjXuammc , Tobgay3 , ,108,Thimphu 
7/10/20 9:29, In Dzongkha Prime Minister xe2 x80 x99s address at the India Global Week hosted by India Inc on 9 July 2020 PMOIndia MEAIndia IndianDiplomacy https t co lgzEGYFlOY , Indiainbhutan , ,10296,Thimphu 
7/10/20 8:45, Well said blackneckedcranes https t co 3Oo3DrDSLX , davidmhecht , blackneckedcranes ,490,Thimphu 
7/10/20 7:51, NABAJIT69631783 A ban does not mean hate And no I don xe2 x80 x99t hate Indians or India Please comprehend my tweet better , namgayzam , ,22831,Thimphu 
7/10/20 7:04, Royal Bhutan Police arrested six men involved in series of burglary of Lhakhangs and Chorten vandalism Offence against Ku Sung Thukten and Zung cases in Paro Thimphu and Haa Dzongkhags They were arrested on 06 and 07 July 2020 from Dogar Paro RBP https t co zjtsM2rJzS , business bhutan , ,10466,Thimphu 
7/10/20 7:02, Joining forces with an upbeat and optimistic person is a good More for Virgo https t co ytH6jMhay1 , czdorji , ,2311,Thimphu 
7/10/20 7:01, Spending time with your family or people who feel like family More for Sagittarius https t co FfKav1h4Nc , kintsho bht , ,30,Thimphu 
7/10/20 7:01, Working with a creative team could be both productive and rewa More for Taurus https t co EECfQYA8HL , cixx67 , ,1512,Thimphu 
7/10/20 7:00, Connecting with your higher calmer self can make it possible More for Pisces https t co uojyhA9mo8 , LobzangYeshey1 , ,314,Thimphu 
7/10/20 6:51, jins94475391 namgayzam Lol Same here , Phuuuuubz19 , ,180,Thimphu 
7/10/20 6:45, Oh this young man Haha https t co mGK4MyvTwV , namgayzam , ,22831,Thimphu 
7/10/20 6:19, Yoga gathers impetus in Bhutan Business Bhutan felicitates the country level winners of the Ministry of AYUSH MyLifeMyYoga video blogging contest Take a look MyLifeMyYoga MEAIndia IndianDiplomacy ICCR Delhi moayush business bhutan https t co VJUIIBGSeA , Indiainbhutan , MyLifeMyYoga MyLifeMyYoga ,10296,Thimphu 
7/10/20 6:08, Yoga touches more lives in Bhutan Bhutan Times captures the highlights of the prize distribution ceremony of the MyLifeMyYoga video blogging contest launched by the Ministry of AYUSH and ICCR MEAIndia IndianDiplomacy ICCR Delhi moayush https t co PR3LfRit8k , Indiainbhutan , MyLifeMyYoga ,10296,Thimphu 
7/10/20 5:19, xf0 x9f x92 x95 xe0 xb8 x97 xe0 xb8 xa3 xe0 xb8 x87 xe0 xb8 x9e xe0 xb8 xa3 xe0 xb8 xb0 xe0 xb9 x80 xe0 xb8 x88 xe0 xb8 xa3 xe0 xb8 xb4 xe0 xb8 x8d xf0 x9f x99 x8f Our graceful and cute Prince of Bhutan xf0 x9f x87 xa7 xf0 x9f x87 xb9 Our two Kings xf0 x9f x91 x91 xf0 x9f x91 x91 and the future King xf0 x9f x91 x91 xf0 x9f x99 x8f Long live their Majesty and the Prince xf0 x9f x91 x91 xe2 x80 x9c HEARTS OF BHUTAN xe2 x80 x9c https t co E30stlMejE , NamgaySkidas , ,241,Paro 
7/10/20 5:15, Chukha is a hot and wet region located in the dense subtropical forests in Southern Bhutan The region is not only religiously significant but also is home to many important plants and animal species The Tourism xe2 x80 xa6 https t co QBShrWxqDk , tourismbhutan , ,11991,Thimphu 
7/10/20 5:01, His Majesty The King is on a Royal Tour of the central eastern and southern parts of Bhutan to inspect the impact and works related to COVID19 The Prime Minister and the National Council Chairperson are accompanying His Majesty https t co 902dZxZfQR https t co vMMF2xuGbQ , moafbhutan , ,455,Thimphu 
7/10/20 4:58, The GNHC and the Asian Forest Cooperation Organisation signed a memorandum of understanding for the project title xe2 x80 x98Sustainable Community Based Enterprises for Improved Livelihood xe2 x80 x99 in presence of the implementing partner DoFPS https t co dCkc0s4UlF https t co TFeZj75ipo , moafbhutan , ,455,Thimphu 
7/10/20 4:32, COVID 19 update from Bhutan xf0 x9f x87 xa7 xf0 x9f x87 xb9 ONLY 5 in ISOLATION Wear MASK Maintain PHYSICALDISTANCE Use DRUKTRACE app WASHHANDS amp Stay Safe xf0 x9f x99 x8f BMT Happiness House https t co 1BsJHkh7Dc , bhutan majestic , COVID MASK PHYSICALDISTANCE DRUKTRACE WASHHANDS ,1130,Thimphu 
7/10/20 4:08, Would be nice to see Bhutan ban some Indian channels too xe2 x80 x9cnews xe2 x80 x9d and those saas bahu dead people resurrecting serials sorrynotsorry , namgayzam , sorrynotsorry ,22831,Thimphu 
7/10/20 4:07, peaxchynessa Nuuu My pinky toe got swollon today cause I hit it hard on chair by mistake , uchiha soma , ,65,Thimphu 
7/10/20 3:53, Siimply Kimly Sweet voice xf0 x9f x92 x8e , uchiha soma , ,65,Thimphu 
7/10/20 3:52, Eight basic persuasion techniques in understanding media messages https t co YGUcaAKEMy , BhutanMediaFdn , ,839,Thimphu 
7/10/20 1:34, It s hard to stay on your toes always imagine that https t co XPNZ6OhwFS , yiwangpindarica , ,6936,Thimphu 
7/10/20 1:18, WamrongCaseUpdates xe2 x80 x9dResponsible media scrutiny is beneficial because it usually provides an external check on police prosecutors and judicial authorities and guards against miscarriages of justice xe2 x80 x9d notable insight from Wamrong Dungkhag Court , sonamwangs , WamrongCaseUpdates ,56,Thimphu 
7/10/20 1:11, LexyTopping Awww Thank you Lexy xf0 x9f xa5 xb0 , namgayzam , ,22831,Thimphu 
7/9/20 23:35, ohnips Wahh I m Cani and I like designing and drawing original characters I m still developing a style and figuring out my art but https t co c5lCl4Sp8O , Caniiibal , ,119,Thimpu 
7/9/20 19:14, Dafuq TottenhamHotspur Everything has become predictable Final day of my final exam tomorrow I wish I get the 2hrs I spent watching back , Tobgay333 , TottenhamHotspur ,39,Thimphu 
7/9/20 19:07, NathanBaconFC Spurs failed to register a single shot on target against 19th placed Bournemouth Should be shameful to be called BIG 6 in EPL xf0 x9f xa4 xad , DeependraKoira5 , ,19,Thimphu 
7/9/20 18:57, i hate twitter crops there s no difference in these pics lt 3 Eddie sweetest monster boy ArtistOnTwitter art originalcharacter Monster https t co xmDdZIUfhV , Caniiibal , ArtistOnTwitter art originalcharacter Monster ,119,Thimpu 
7/9/20 16:36, Uroosa21 good night dear Uroosa sweet dreams https t co RknOKCd0xJ , SyedSaa1 , ,1572,Thimphu 
7/9/20 16:22, Not worried about China xe2 x80 x99s new dispute claim on Bhutan xe2 x80 x99s eastern border 1 We don xe2 x80 x99t share a border there with China 2 China will have to launch a full military invasion of India to even reach there 3 All official Chinese maps show it as Bhutanese territory 4 No basis https t co 9TUExxm67I , TenzingLamsang , ,23656,Thimphu 
7/9/20 15:48, 26 Foreign workers apprehended at Pasakha Phuentsholing Dept of Immigration https t co gFu3ZCLoM3 , business bhutan , ,10466,Thimphu 
7/9/20 15:08, The hotstone bath is a traditional Bhutanese well being experience that is very popular with visitors It is easy to replicate the relaxing experience at home by using 6 8 drops of artemisia essentialoil mixed with a carrier oil in your bath Photo courtesy of Uma by Como https t co TYtSux2AwW , tasteofbhutan , hotstone artemisia essentialoil ,1,Thimphu 
7/9/20 15:03, Siimply Kimly Nuu don t , uchiha soma , ,65,Thimphu 
7/9/20 15:01, TenzingLamsang While the US is playing the Knight China is fidgeting its pawn , TingKarr8 , ,28,Thimphu 
7/9/20 14:51, Listen more talk less Anonymous https t co 2Tql1RCiva , TingKarr8 , ,28,Thimphu 
7/9/20 14:50, xe2 x80 x9cAccording to the court public institutions amp public figures must embrace public criticisms constructively xe2 x80 x9d Wow Monggar Drangpon you give me hope xf0 x9f x99 x8f xf0 x9f x8f xbc , namgayzam , ,22831,Thimphu 
7/9/20 14:49, xe2 x80 x9cThe court also noted that responsible media scrutiny is beneficial because it usually provides an external check on police prosecutors amp judicial authorities amp guards against miscarriages of justice xe2 x80 x9d , namgayzam , ,22831,Thimphu 
7/9/20 14:48, Update The Judge overruled the prosecutor xe2 x80 x99s request to summon me today Heartened that he has been progressive fair and has acted in accordance with the law Name same kadrinchela xf0 x9f x99 x8f xf0 x9f x8f xbc https t co gnsN3Mmt7I , namgayzam , ,22831,Thimphu 
7/9/20 14:22, archon1410 We are incredibly progressive don xe2 x80 x99t get me wrong But we can definitely do better , namgayzam , ,22831,Thimphu 
7/9/20 13:19, MrsCie DK Omg you sure seem to have plenty of them xf0 x9f x90 x8c , DziJ , ,1688,Thimphu 
7/9/20 12:59, PM xe2 x80 x99s inaugural address at India Global Week 2020 https t co IzEpdFZSf7 MEAIndia IndianDiplomacy KuenselOnline BBSBhutan , Indiainbhutan , ,10296,Thimphu 
7/9/20 12:56, This gameweek is indeed going disheartening My team review Patricio and Doherty CS wipeout last time Having mane instead of Salah xf0 x9f xa5 xba xf0 x9f xa4 xa8 , DeependraKoira5 , ,19,Thimphu 
7/9/20 12:53, Siimply Kimly I already saw you and your video , uchiha soma , ,65,Thimphu 
7/9/20 12:40, Omg So close to Bhutan I xe2 x80 x99m getting ideas for my friends xf0 x9f xa5 xb0 https t co 5uDgO1ZuoE , namgayzam , ,22831,Thimphu 
7/9/20 12:29, sowfflll MrsCie DK Good luck to you can post pictures for you xf0 x9f xa4 xa3 xf0 x9f xa4 xa3 xf0 x9f xa4 xa3 , DziJ , ,1688,Thimphu 
7/9/20 12:22, sowfflll MrsCie DK According to google rimpoche we do have hedgehogs xf0 x9f x98 x8a they resemble porcupine and a rodent I saw a dead hedgehog xf0 x9f xa6 x94 in south Bhutan , DziJ , ,1688,Thimphu 
7/9/20 11:28, Our dear Health Minister leading by example xf0 x9f x99 x8f xf0 x9f x8f xbc ourgyenkhu https t co 6GXZcvtyMB , namgayzam , ourgyenkhu ,22831,Thimphu 
7/9/20 11:18, I dont want anyone to see my face and i am doing my best to hide it well soawkward , its Astrophile , soawkward ,4,Thimphu 
7/9/20 11:15, I don t know what actually anxiety is but i definitely see that my hands are shaking Crowd and unknown faces make me blue , its Astrophile , ,4,Thimphu 
7/9/20 11:09, PKMBalways You cannot switch parties under any circumstances , TenzingLamsang , ,23656,Thimphu 
7/9/20 11:06, Domestic MP buying or horse trading is a part and parcel of South Asian politics bar Bhutan whose laws do not allow it but in the case of Nepal it is truly an international sport with potential international buyers in the region who will buy wholesale starting from the top https t co iN4gpviAPO , TenzingLamsang , ,23656,Thimphu 
7/9/20 10:52, I definitely hate waiting Never seen a line so lonnnnnnnnggggg xf0 x9f xa4 xa2 , its Astrophile , ,4,Thimphu 
7/9/20 10:41, PM narendramodi addressing India Global Week organised by IndiaIncorp BeTheRevival IGW2020 https t co 8isx4uC84L , Indiainbhutan , BeTheRevival IGW2020 ,10296,Thimphu 
7/9/20 10:40, Thursday Special Blessings from Ap Gaynyen Jagpa Melan for the well being of All Sentient Beings xf0 x9f x99 x8f xf0 x9f x99 x8f xf0 x9f x99 x8f Happy to meet my niece Sonam C Retty amp Family Husband Thinley Tenzin and Son Handsome Rabsel xe2 x80 xa6 https t co tZzH6trJQE , bhutan majestic , ,1130,Thimphu 
7/9/20 10:28, With the epidemic and cancellation of all national and international tournaments ArcheryBhutan is preparing for another virtual tournament with SEISA Group in collaboration with Japanese National Archers and Bhutanese national archers to be engaged and motivated xf0 x9f x8f xb9 xf0 x9f x99 x8f https t co AbAXuVl7bo , BhutanOlympic , ,842,Thimphu 
7/9/20 10:21, Happening now xe2 x81 xa6 UNDP xe2 x81 xa9 Bhutan xe2 x80 x99s xe2 x81 xa6 AzusaKubota xe2 x81 xa9 and Karma Yonten of xe2 x81 xa6 way greener xe2 x81 xa9 discuss waste management in Bhutan on BhutanDialogues xe2 x81 xa6 lodenfoundation xe2 x81 xa9 xe2 x81 xa6 unbhutan xe2 x81 xa9 https t co vAhnkoqie1 , UNDP Bhutan , Bhutan BhutanDialogues ,1650,Bhutan 
7/9/20 10:15, Again no work till xe2 x80 x9dfurther notice xe2 x80 x9d seems like nowadays I like to hear that word again and again xf0 x9f xa4 xaa xf0 x9f xa4 xaa xf0 x9f xa4 xaa , SonamZa75499076 , ,2,Bhutan 
7/9/20 9:54, Same https t co n9r3a3YFHz , namgayzam , ,22831,Bhutan 
7/9/20 8:58, Very true People buy clothes for one time wear Need to think twice before you buy Just because you can buy doesn t mean you have to https t co KGs6rO1rWD , pradhan557 , ,256,Thimphu 
7/9/20 8:55, Good to see youth getting involved in waste management Hope they continue to make good use of what they learn https t co E1WK3nwB5x , pradhan557 , ,256,Thimphu 
7/9/20 8:42, BBS Radio Article 11 The National Council Section 1 to Section 6 https t co PxKfHqAMj5 , BBSBhutan , ,51164,Thimphu 
7/9/20 8:31, The enigma of having a furry buddy https t co JiR6uApQWR , BrezzyNemo , ,15,Thimphu 
7/9/20 8:05, ashesh065 How do you interpret a demarche sent by Bhutan to China against territorial encroachment as xe2 x80 x98neutrality xe2 x80 x99 We have no confusions about where our territory lies , TenzingLamsang , ,23656,Thimphu 
7/9/20 7:27, AnannyaB1 Will welcome you with open arms , namgayzam , ,22831,Thimphu 
7/9/20 7:22, FplSkyWalker Seems so xf0 x9f x98 x82 , DeependraKoira5 , ,19,Thimphu 
7/9/20 7:17, FPLNym Captain should be kept same all season xf0 x9f x99 x82 , DeependraKoira5 , ,19,Thimphu 
7/9/20 7:01, Be a good listener when a family member comes to you in need t More for Sagittarius https t co FfKav1h4Nc , kintsho bht , ,30,Thimphu 
7/9/20 7:01, Talking with friends could really help to release some of your More for Taurus https t co EECfQYA8HL , cixx67 , ,1512,Thimphu 
7/9/20 7:00, You xe2 x80 x99re more determined than ever to realize your dreams Inste More for Pisces https t co uojyhA9mo8 , LobzangYeshey1 , ,314,Thimphu 
7/9/20 6:36, xe2 x80 x98There aren xe2 x80 x99t many neighbors that can satisfactorily say that they know where their sovereignty ends and that CCP will respect that sovereignty It xe2 x80 x99s certainly true now for the people of Bhutan as well xe2 x80 x99 US Secy of State brings up Bhutan twice in his briefings Video sidhant https t co tMOjI79uZI https t co Z8SQQPCjWf , TenzingLamsang , ,23656,Thimphu 
7/9/20 6:24, A perspective on my book by and an interview with Brookings Institution https t co UrUCKTw1ry , sonamkinga , ,5349,Thimphu 
7/9/20 6:24, Only 25 actives cases as of today Still ZERO deaths and ZERO community transmission Thank you to everyone involved in ensuring this status for Bhutan xf0 x9f x99 x8f xf0 x9f x8f xbc , namgayzam , Bhutan ,22831,Thimphu 
7/9/20 6:09, BBW BFF Thank you THANK you , davidmhecht , ,490,Thimphu 
7/9/20 6:08, You added beauty and dimension to our lives EnnioMorricone Though you may have left this world your music never will xf0 x9f x8e xa7 xf0 x9f x92 x95 xf0 x9f x8e xbc https t co SjdRMz41Os , davidmhecht , EnnioMorricone music ,490,Thimphu 
7/9/20 5:53, hot n wet https t co VkK7ZgpCtA , SyedSaa1 , ,1572,Thimphu 
7/9/20 5:34, It definitely cost everything we have to follow Christ but salvation is free https t co rEjzMtVpPN , GenuineShadow , ,377,Thimphu 
7/9/20 5:12, Yesterday Ambassador reviewed progress of the hydropower sector with top Management hydropower is one of the key cooperation areas of the special relationship between Bhutan and India https t co GeYaiGxlHR , Indiainbhutan , ,10296,Thimphu 
7/9/20 4:09, maclane6 BoyWonderFC VintageArsanal There are people who give shitty opinion just bcos they hate the club , thinley707 , ,41,Thimphu 
7/9/20 3:54, I just told the UN Secretary General my solution for a better world is This pandemic COVID 19 has taught us many things which we ignored before Pl lets join together to end this All countries must act as one UN75 unitednations You can too , ChadoLingpa , UN75 ,11,Thimphu 
7/9/20 3:30, xf0 x9d x97 xaa xf0 x9d x97 xb5 xf0 x9d x97 xb6 xf0 x9d x97 xb0 xf0 x9d x97 xb5 xf0 x9d x97 xbc xf0 x9d x97 xbb xf0 x9d x97 xb2 xf0 x9d x97 xae xf0 x9d x97 xbf xf0 x9d x97 xb2 xf0 x9d x98 x86 xf0 x9d x97 xbc xf0 x9d x98 x82 Tell us in the comment section below For more info on eTeeru visit https t co CKCGwoAwNu TashiCell ePaymentsWitheTeeru https t co KfVOpFBlys , TashiCell , TashiCell ePaymentsWitheTeeru ,1749,Thimphu 
7/9/20 2:40, Oh BBC News Kanye West Presidential hopeful wants to run the White House like Wakanda https t co psnEEvGMXj , zhonba , ,1667,Thimphu 
7/9/20 1:48, good morning dear https t co 3RjULNt7Cy https t co lgtZcg6c4C , SyedSaa1 , ,1572,Thimphu 
7/9/20 1:45, good morning dear ha ha ha ha https t co f7N3kbw4T1 https t co WSY2txEqdn , SyedSaa1 , ,1572,Thimphu 
7/8/20 20:16, FplAdama That s too heartbreaking xf0 x9f xa5 xba , DeependraKoira5 , ,19,Thimphu 
7/8/20 20:11, Fantasy Plonker Next season xf0 x9f x98 x8f , DeependraKoira5 , ,19,Thimphu 
7/8/20 20:07, TheFPLviking That s heartbreaking xf0 x9f x98 xa5 , DeependraKoira5 , ,19,Thimphu 
7/8/20 18:50, Reuters Wrong benchmark , jimjatz , ,28,Thimphu 
7/8/20 18:26, Nothing like good City football to get my mind off a lot of things xf0 x9f x98 x82 manchestercity xf0 x9f x99 x8c xf0 x9f x8f xbc , namgayzam , manchestercity ,22831,Thimphu 
7/8/20 18:24, I just installed Windscribe VPN and it s awesome Check it out it s free tweet4data https t co pLQ2xjzvNQ https t co aeR2NHCpBv , Rinchen T , VPN tweet4data ,6,Thimphu 
7/8/20 17:00, God is Great When everyone in the World are going through Dark Times but God gives us Light to SEE MORE Thank you xf0 x9f x99 x8f Achu amp Ashi We share this light with all beings so your lives can also be brighter BMT xe2 x80 xa6 https t co l087dX5l7A , bhutan majestic , ,1130,Thimphu 
7/8/20 16:06, Kenchoo7 me too xf0 x9f x98 xb4 , ha na 08 , ,759,Thimphu 
7/8/20 16:02, changia b I don xe2 x80 x99t know but for me i am ok without rain xf0 x9f x98 x85 xf0 x9f x98 x85 , ha na 08 , ,759,Thimphu 
7/8/20 16:01, jins94475391 aww never xf0 x9f x98 x82 , ha na 08 , ,759,Thimphu 
7/8/20 15:33, An elderly woman in a conversation with her sister on the phone says xe2 x80 x9c well at least your children visit you often mine don xe2 x80 x99t xe2 x80 x9d like a scene in an Ozu film xf0 x9f x99 x82 , brooksound , ,46,Thimphu 
7/8/20 14:49, that chilip sidhant Of course nothing moves without motive in international diplomacy , TenzingLamsang , ,23656,Thimphu 
7/8/20 14:42, So Airborne it is Science lack way behind self conscience and awareness I already thought long before it was declared pandemic that the COVID19 is an airborne disease But the science was doing research , ChhedupSangay , COVID19 ,1081,Thimphu 
7/8/20 14:33, Video courtesy sidhant xf0 x9f x99 x8f To my earlier thread on how small countries should not be underestimated when big power rivalry is at its peak https t co PqN9B1DtZo , TenzingLamsang , ,23656,Thimphu 
7/8/20 14:30, US Secy of State says CCP filed a boundary dispute new with Bhutan at GEF He says from mountain ranges of Himalayas to waters of Vietnam to Senkaku Islands Beijing has a pattern of instigating territorial disputes He says world should not allow this bullying to take place https t co 4O5UX7NnS0 , TenzingLamsang , ,23656,Thimphu 
7/8/20 14:30, Be careful stay safe https t co oJ9mPuPghY , ChhedupSangay , ,1081,Thimphu 
7/8/20 10:42, aratlimbu Miss you too Think time you are in Aussieland and TD is here Haha , namgayzam , ,22831,Thimphu 
7/8/20 10:42, aratlimbu Haha yes I think more than enough experience to last me a lifetime , namgayzam , ,22831,Thimphu 
7/8/20 10:02, aratlimbu I xe2 x80 x99m not surprised at all by this Things don xe2 x80 x99t change Tara Shoot the loudest messenger first though Haha , namgayzam , ,22831,Thimphu 
7/8/20 9:40, Excited to share the latest addition to our etsy shop This herbal tea set by Bhutan Organics with 4 blends of tea is the perfect giftset for herbaldrinks enthusiasts https t co VoNzLllS8u https t co 6pqbZ6fzYG , tasteofbhutan , etsy giftset herbaldrinks ,1,Thimphu 
7/8/20 8:25, call meh brookx Nub give me mine , uchiha soma , ,65,Thimphu 
7/8/20 8:17, Postgraduate Entrance Examination Result conducted on 7th July xc2 xa02020 https t co BTjyaaThDw , umsb123 , ,52,Thimphu 
7/8/20 8:16, good afternoon miss khan how are you its raining here in Karachi https t co KwKGOUsniI https t co vdFCTDmLz5 , SyedSaa1 , ,1572,Thimphu 
7/8/20 8:15, OfficialZakRB unofficiaIzakrb Jesus Christ pray , uchiha soma , ,65,Thimphu 
7/8/20 8:11, there is no true happiness without money Susi https t co X4C6WDf3MC , SyedSaa1 , ,1572,Thimphu 
7/8/20 7:49, BoyWonderFC VintageArsanal Even as a Man Utd fan I agree 100 with you it was intentional , thinley707 , ,41,Thimphu 
7/8/20 7:17, I have a deep and abiding love for my country Not for institutions Institutions need to be checked time and again This is why we were given the gift of democracy xf0 x9f x87 xa7 xf0 x9f x87 xb9 , namgayzam , ,22831,Thimphu 
7/8/20 7:01, Although you long to break away from an ongoing routine it xe2 x80 x99s More for Sagittarius https t co FfKav1h4Nc , kintsho bht , ,30,Thimphu 
7/8/20 7:01, Trying to lean on a friend may not bring the positive support More for Taurus https t co EECfQYA8HL , cixx67 , ,1512,Thimphu 
7/8/20 7:00, A clash of values may put significant strain on a close relati More for Pisces https t co uojyhA9mo8 , LobzangYeshey1 , ,314,Thimphu 
7/8/20 6:58, namgayzam point to be noted in this article why only the caretaker wife s name is mentioned and why not the drangpoen s wife name Bhutan has two laws one for poor and one for rich And we call ourselves a country of equality xf0 x9f xa4 xa3 Concept of GNH is only for tourist attraction , DeependraKoira5 , ,19,Thimphu 
7/8/20 6:54, A good start to gameweek xf0 x9f xa4 xa8 xe2 x98 xba xef xb8 x8f xf0 x9f x98 xb4 xf0 x9f xa5 xba https t co CRVa8MIwYY , DeependraKoira5 , ,19,Thimphu 
7/8/20 6:53, MinichuUwU Pretty xf0 x9f x98 x8d , uchiha soma , ,65,Thimphu 
7/8/20 6:52, namgayzam Bhutanese democracy is just for namesake Bhutan is beautiful only to outside world It s a heaven on earth for tourist as true colours are blinded from them If you want to know the true colours of Bhutan follow closely and spend some days on Bhutan , DeependraKoira5 , ,19,Thimphu 
7/8/20 6:47, You have an image problem amp you want to rise smoothly to the top but many major powers are aligning against you for a host of reasons The last thing you should do is pick on the smallest amp most peaceful neighbor in the neighborhood amp claim a chunk of its land with no basis , TenzingLamsang , ,23656,Thimphu 
7/8/20 6:21, azakhan23 good morning miss Tea is ready https t co ZbVWKgOsp8 , SyedSaa1 , ,1572,Thimphu 
7/8/20 6:17, BBS Radio Article 10 Parliament Section 20 to Section 25 https t co CjfOfgkNVp , BBSBhutan , ,51164,Thimphu 
7/8/20 6:03, shmueli Democracy , namgayzam , ,22831,Thimphu 
7/8/20 5:30, AnannyaB1 Laughing at how they called me xe2 x80 x9cinfluencer xe2 x80 x9d and not journalist , namgayzam , ,22831,Thimphu 
7/8/20 5:17, Kuensel covers India xe2 x80 x99s policy response to stimulate the economy during COVID19 times Do read PMOIndia DrSJaishankar MEAIndia IndianDiplomacy PIB India PBNS India DDNewslive PTI News BBSBhutan KuenselOnline MoHFW INDIA FinMinIndia https t co doArDwb9dn , Indiainbhutan , COVID19 ,10296,Thimphu 
7/8/20 5:12, Prayers in the wind on the top the world PrayerFlags Chelela ChelelaPass Paro HaaValley Chele La Pass 12000Ft https t co 2Aam0T6JJy , LovenRamos , PrayerFlags Chelela ChelelaPass Paro HaaValley ,2127,Bhutan 
7/8/20 5:05, fate , TenzingLamsang , ,23656,Thimphu 
7/8/20 4:34, amish973 ConstantinoX ChawlaSwati DeepPal AnandMonk ORF Kolkata AusHimalaya ShubhangaP sujeevshakya As far as Bhutan is concerned the view towards India is largely positive though certain tricky issues do come up once in a while Important for India to keep up with an evolving relationship and generation , TenzingLamsang , ,23656,Thimphu 
7/8/20 3:41, PandaGurlGamer Cool , uchiha soma , ,65,Thimphu 
7/8/20 3:29, Lol Plushy TvT PandaGurlGamer Good luck xf0 x9f x98 x84 xe2 x9d xa4 xef xb8 x8f , uchiha soma , ,65,Thimphu 
7/8/20 3:28, More the newsmaker than the newsbreaker these days https t co Xlx0xrOz4P , namgayzam , ,22831,Thimphu 
7/8/20 3:27, PandaGurlGamer Good luck xf0 x9f x98 x84 , uchiha soma , ,65,Thimphu 
7/8/20 3:23, Understanding media messages https t co OEFUxzs1tO , Sanrangi , ,60,Thimphu 
7/8/20 3:22, The Technical Team from the DoFPS interacted with the Technical Assessment Team from the UNFCCC on the Bhutan xe2 x80 x99s proposed Forest Reference Emission Level amp Forest Reference Level from 22nd June to 26th June and additional day on 2nd July https t co gL4MpUjyoQ https t co k72APgz4FV , moafbhutan , ,455,Thimphu 
7/8/20 3:22, Learning the language of persuasion https t co sPoRPPKqGX , BhutanMediaFdn , ,839,Thimphu 
7/8/20 3:20, Karma Tshering joins the Ministry xe2 x80 x99s Policy and Planning Division PPD as the new Chief today Prior to the appointment the Chief served as the Head of the Policy and Programming Services under the National Environment Commission from 1999 till date https t co 48k9fZTyaX https t co UmRalQZgMD , moafbhutan , ,455,Thimphu 
7/8/20 2:55, HUFFPOST posts article from whiny Karen who thinks we should force college grads to become nannys because she can t handle raising her kids without an au pair Btw her au pair is stuck here karen WhitePrivilege slavery freetheaupair https t co hrZV71Ig2w via HuffPost , Bu773rf1y8 , karen WhitePrivilege slavery freetheaupair ,1,Thimphu 
7/8/20 2:51, iix Ally Nuuu Don t call me a bish , uchiha soma , ,65,Thimphu 
7/7/20 19:51, well done Israel https t co cB2fT0yDDk , SyedSaa1 , ,1572,Thimphu 
7/7/20 19:14, The 17th episode of David Hoffman xe2 x80 x99s David xe2 x80 x99s Been Here in Bhutan sees him accomplish the renowned Tiger xe2 x80 x99s Nest Monastery Hike in Paro and showcases Bhutanese food at its best Stay tuned for more mouthwatering episodes https t co sNHybUh1xw , MyBhutan , ,944,Thimphu 
7/7/20 19:10, blood red https t co UbYH1CGV7b , SyedSaa1 , ,1572,Thimphu 
7/7/20 18:39, iix Ally Friend lol , uchiha soma , ,65,Thimphu 
7/7/20 17:43, billburrrito chat to me chiefff https t co sQa1hwhjRl , Crocodilovic , ,50,Thimphu 
7/7/20 17:17, cats4life004 Good luck U U , uchiha soma , ,65,Thimphu 
7/7/20 16:40, 4 4 So in major global conflicts while small countries do not matter in terms of influence or power their faith is often the last straw that breaks the camel xe2 x80 x99s back of big power rivalry As the saying goes xe2 x80 x98those who fail to learn from history are condemned to repeat it xe2 x80 x99 , TenzingLamsang , ,23656,Thimphu 
7/7/20 16:39, 3 4 2nd WW 1939 45 saw a Germany humiliated after 1st WW rising to take its place amp more After getting anchluss of Austria amp break up of Czechoslovakia it tried its luck in invading Poland amp saw Britain amp France declare war on it In both wars a reluctant USA joined in later , TenzingLamsang , ,23656,Thimphu 
7/7/20 16:38, 2 4 1st World War 1914 18 was caused by big power rivalry but the match was lit when Austria Hungary wanted to teach a lesson to the Serbs after the assassination of the Arch Duke AH got Prussian backing while the Serbs got Russian backing and other powers picked camps , TenzingLamsang , ,23656,Thimphu 
7/7/20 16:38, 1 4 As a student of history I have no illusions that quite often small countries are only seen as chess pieces on the board of big power rivalry However sometimes when big power rivalry hits a ceiling then these very chess pieces can become the reason for a big conflagration , TenzingLamsang , ,23656,Thimphu 
7/7/20 16:23, Waiting for the other one now https t co kBDKEml0nE , namgayzam , ,22831,Thimphu 
7/7/20 15:49, caricatured xf0 x9f x98 x82 xf0 x9f x98 x82 xf0 x9f x98 x82 Beautiful xf0 x9f x91 x8c , vikrantparate , ,23,Thimphu 
7/7/20 15:24, Met with H E AKM Shahidul Karim Ambassador of Bangladesh to Bhutan today We had good discussion on ways to further strengthen the strong bilateral relations between the two countries https t co 3zgBV5mRM3 , FMBhutan , ,3435,Thimphu 
7/7/20 14:42, China xe2 x80 x99s greed is despicable As is China clutching at straws , namgayzam , ,22831,Thimphu 
7/7/20 14:12, iix Ally Nu for me your pretty xf0 x9f x98 x8d , uchiha soma , ,65,Thimphu 
7/7/20 14:00, pasreech 26 060 tests for around 700 000 people More will be done , TenzingLamsang , ,23656,Thimphu 
7/7/20 13:51, Meanwhile in Bhutan His Majesty tours the country with the PM to strengthen COVID 19 measures Bhutan has no community transmission and only 80 imported cases of which 54 have recovered and 20 more tested negative leaving only 6 active cases Highest testing rate in region xf0 x9f x87 xa7 xf0 x9f x87 xb9 https t co FFarSiCzdV , TenzingLamsang , ,23656,Thimphu 
7/7/20 13:21, His Majesty The King is on a Royal Tour of the central eastern and southern parts of Bhutan to inspect the impact and works related to COVID 19 The Prime Minister and the National Council Chairperson are accompanying His Majesty https t co Ttr2zvowxT , business bhutan , ,10466,Thimphu 
7/7/20 12:05, Driving class in this weather xf0 x9f x98 xa5 I just hate rain rain rain go away xf0 x9f xa4 x95 Monsoon2020 rain driving work https t co Fhjlssa4Ba , ha na 08 , Monsoon2020 rain driving work ,759,Thimphu 
7/7/20 12:02, changia b Didnt had time to relax also xf0 x9f x98 xa2 Will relax after sleep today xf0 x9f x98 x85 , ha na 08 , ,759,Thimphu 
7/7/20 11:58, iix Ally Wow pretty xf0 x9f x98 x8d , uchiha soma , ,65,Thimphu 
7/7/20 11:41, my Zodiac sigh is Leo by the grace of God I ve earn lot of money now I m spending very satisfy life not greedy for more money https t co tiKXEnFfmM https t co kRpiJnkZFU , SyedSaa1 , ,1572,Thimphu 
7/7/20 11:23, BBS Radio Article 10 Parliament Section 13 to Section 19 https t co IKaBTHC5aR , BBSBhutan , ,51164,Thimphu 
7/7/20 11:18, Between being happy and trying to be happy xe2 x9c x8c https t co hM2cgfBrwL , BidhaChencho , ,98,Paro 
7/7/20 11:12, call meh brookx Pretty lol , uchiha soma , ,65,Thimphu 
7/7/20 10:05, call meh brookx I m listening xf0 x9f x91 x80 , uchiha soma , ,65,Thimphu 
7/7/20 7:54, IamKingClown deeprajchhetri Thank you , Kash33513885 , ,10,Thimphu 
7/7/20 7:53, deeprajchhetri Thank you son , Kash33513885 , ,10,Thimphu 
7/7/20 7:32, can you answer me https t co 8y30dadKcc https t co SZSDymRpbt , SyedSaa1 , ,1572,Thimphu 
7/7/20 7:19, According to business bhutan The Bhutanese man who entered illegally from Nepal has been apprehended and will be charged with breach of public order amp tranquility criminal nuisance and reporting of false information after completion of the quarantine period , namgayzam , ,22831,Thimphu 
7/7/20 7:12, A man returning from Nepal entered Phuentsholing illegally on July 2 amp reached Thimphu He has been apprehended and will be charged to the court for breach of public order amp tranquility criminal nuisance and reporting of false information after completion of the quarantine period https t co HrDXd31BKY , business bhutan , ,10466,Thimphu 
7/7/20 7:06, SingyelP Aggregate fruit Berries are simple fruits forming from a flower with a single ovary , namgayzam , ,22831,Thimphu 
7/7/20 7:01, An added measure of patience and focus is needed when you re a More for Sagittarius https t co FfKav1h4Nc , kintsho bht , ,30,Thimphu 
7/7/20 7:01, Rebellious behavior could get you in trouble with authority fi More for Taurus https t co EECfQYA8HL , cixx67 , ,1512,Thimphu 
7/7/20 7:00, Don t undermine your talents by giving them away for free If More for Pisces https t co uojyhA9mo8 , LobzangYeshey1 , ,314,Thimphu 
7/7/20 5:58, 1977 Chinese map showing Sakteng well within Bhutan while claiming entire Arunachal Pradesh This is in addition to many other such maps including recent ones Yet to hear of any country in the world disputing its own official maps issued for decades Map courtesy pchilimzam https t co aj2NgnBesp , TenzingLamsang , ,23656,Thimphu 
7/7/20 5:57, If ever fish is ask to climb a tree , ngawanglorelzep , ,10,Thimphu 
7/7/20 5:53, WTH448 You are the one , ngawanglorelzep , ,10,Thimphu 
7/7/20 5:21, Press Release Conversation between Special Representatives of India and China on recent developments on the India China border areas Read More at https t co DrXl0MDa76 , Indiainbhutan , ,10296,Thimphu 
7/7/20 5:20, Financial Literacy begins with xe2 x80 x93 The Power of a Vision to Transform Your Life and Your Finances https t co ZlnpXbtRi5 via Fiscal Literacy , TingKarr8 , ,28,Thimphu 
7/7/20 5:04, Interesting session https t co LIUMmiAEKN , pgyamtsho , ,517,Thimphu 
7/7/20 4:30, Made Kkakdugi radish kimchi Not necessarily by choice Mom had an abundance of radish harvest and she had already minced them into small slices hence the the typical cube sizes She calls me xe2 x80 x9cmake this xe2 x80 xa6 https t co KDJoDY9IT3 , manoazam , ,93,Thimphu 
7/7/20 3:03, Some people should be avoided Do not be misled Bad company corrupts good character 1 Corinthians 15 33 , GenuineShadow , ,377,Thimphu 
7/7/20 2:02, FlirtyCanuck Good morning dear https t co MKYSH2MGkF , SyedSaa1 , ,1572,Thimphu 
7/7/20 1:54, AchuKhegpa No doubt about that xf0 x9f x98 x85 , zzezenn , ,1923,Thimphu 
7/6/20 21:47, Thank you aangelineelaw for Seresto from all Three of us Magic is happening BMT Happiness House https t co zKK4cFHMFS , bhutan majestic , ,1130,Thimphu 
7/6/20 19:36, Good news Tourist entry points in Gelephu amp Samdrupjongkhar approved BBS https t co 30tOIfR8qK https t co Qp4ppsoY60 , DrukExperience , ,110,Thimphu 
7/6/20 17:58, IndianMourinho what tweets , Crocodilovic , ,50,Thimphu 
7/6/20 17:49, Just https t co lxEoEBQSsZ , zzezenn , ,1923,Thimphu 
7/6/20 17:42, good night dear beauty https t co AE8BkpE2NK https t co f7lJq1659I , SyedSaa1 , ,1572,Thimphu 
7/6/20 16:34, sonamtweetsx xf0 x9f x98 x83 being single is great for peace of mind xf0 x9f x98 x82 , ha na 08 , ,759,Thimphu 
7/6/20 15:37, azakhan23 good evening Lioness Sana https t co KQQQfUiGA8 , SyedSaa1 , ,1572,Thimphu 
7/6/20 15:02, deeprajchhetri I agree prevention is better than cure , Kash33513885 , ,10,Thimphu 
7/6/20 14:44, UfC251Abudabi Eagerly waiting 1 or 2 https t co ZCbFr5JoGf , TenzinChoda4 , ,0,Thimphu 
7/6/20 14:32, More than any flowery words or assurances how a large and powerful country treats a small neighbor is often the most accurate bell weather of its real foreign policy If it is a major power then the same is in store for the rest History has proven this over and over again , TenzingLamsang , ,23656,Thimphu 
7/6/20 13:49, BBSBhutan Night bars and clubs closed Routine patrolling by Desups , Tobgay3 , ,108,Thimphu 
7/6/20 12:58, realsshrestha Haha Tell me about it , namgayzam , ,22831,Thimphu 
7/6/20 12:12, Strawberries amp raspberries are not berries Bananas are xf0 x9f xa4 xaf , namgayzam , ,22831,Thimphu 
7/6/20 11:43, Mingmabh It is xf0 x9f x99 x82 , zzezenn , ,1923,Thimphu 
7/6/20 11:24, Mingmabh Yes it is xf0 x9f x99 x82 , zzezenn , ,1923,Thimphu 
7/6/20 9:48, Message from Hon xe2 x80 x99ble Sanam Lyonpo on the International Day of Cooperatives https t co mHeViYjLZ3 https t co Q4Zc3ruZUt , moafbhutan , ,455,Thimphu 
7/6/20 9:37, Tashiy92 just confused xf0 x9f x99 x84 , ha na 08 , ,759,Thimphu 
7/6/20 9:36, TashiGy still confused , ha na 08 , ,759,Thimphu 
7/6/20 9:12, Comprehensive annual budget report Quite skeptical in off shore investment through single window https t co 5Fs4KLdgch , Tobgay3 , ,108,Thimphu 
7/6/20 8:58, Phuuuuubz19 My neighbour , namgayzam , ,22831,Thimphu 
7/6/20 8:48, July 6 1935 It s the 85th Birth Anniversary of HH Dalai Lama If we fail to define Buddhism see Buddhism amp feel Buddhism just see and understand the life of HH Dalai Lama On this special day of HH s Birth Anniversary I offer my pray for good health amp long life DalaiLama , ChhedupSangay , ,1081,Thimphu 
7/6/20 7:47, good morning Alice always stay bless https t co yph7PoEKus https t co L4XADcXuIt , SyedSaa1 , ,1572,Thimphu 
7/6/20 7:39, Great thread on how all Chinese maps of China including its 1962 war map show Sakteng as being well within Bhutan Rightly noted that only map making a claim has errors and cites a fuzzy xe2 x80 x98agreement xe2 x80 x99 in 1715 As far as Bhutanese history and sources go no such agreement exists https t co vltnip1kEb , TenzingLamsang , ,23656,Thimphu 
7/6/20 7:17, Stolen from Chinese apps https t co QBJuKuXDuH , nidhi bhattarai , ,3,Thimphu 
7/6/20 7:13, I xe2 x80 x99m having a hard time trusting WHO This makes it even harder xf0 x9f x98 x9e https t co OtGWZekF09 , namgayzam , ,22831,Thimphu 
7/6/20 7:13, TimesNow RahulGandhi A failure person talks very often negativity issues , nidhi bhattarai , ,3,Thimphu 
7/6/20 7:02, Taking an original approach to a work project could pay off ha More for Virgo https t co ytH6jMhay1 , czdorji , ,2311,Thimphu 
7/6/20 7:01, Learning about an unusual subject today will be both intriguin More for Sagittarius https t co FfKav1h4Nc , kintsho bht , ,30,Thimphu 
7/6/20 7:01, Your reputation as a humanitarian could attract blessings your More for Taurus https t co EECfQYA8HL , cixx67 , ,1512,Thimphu 
7/6/20 7:00, It xe2 x80 x99s always been easy for you to tune into other people xe2 x80 x99s mood More for Pisces https t co uojyhA9mo8 , LobzangYeshey1 , ,314,Thimphu 
7/6/20 6:51, dipN3PAL That is also true But thinking back to the party crazy Florida folks who didn xe2 x80 x99t stop partying even for Covid 19 xf0 x9f xa4 x97 , namgayzam , ,22831,Thimphu 
7/6/20 6:42, The first comment below Lol I live for the comments https t co 5TBQOjj8WB https t co MYcJMzzJbS , namgayzam , ,22831,Thimphu 
7/6/20 6:13, sowfflll RaspaPLUSdevi I think RaspaPLUSdevi is a woman xf0 x9f xa4 xa3 meaning a Devi not a hermit xf0 x9f xa4 xad , DziJ , ,1688,Thimphu 
7/6/20 4:55, Favorite , Phuuuuubz19 , ,180,Thimphu 
7/6/20 4:49, Presenting my favor Biker in Thimphu xe2 x9d xa3 xef xb8 x8f thimphu biker bhutan https t co QS729YuwqM , Phuuuuubz19 , thimphu biker bhutan ,180,Thimphu 
7/6/20 4:29, Health Ministry says the Bhutanese man who entered illegally from Nepal has tested negative as have his 3 close contacts They are all in quarantine and will bear the cost of quarantine Thank goodness for small mercies I hope they are penalised for their recklessness , namgayzam , ,22831,Thimphu 
7/6/20 4:22, BBS Radio Article 10 Parliament Section 1 to Section 12 https t co lLOY7CMlxZ , BBSBhutan , ,51164,Thimphu 
7/6/20 2:50, good morning dear Joan have a nice day https t co yS0Ga1hBhW https t co vkZDU8QQjt , SyedSaa1 , ,1572,Thimphu 
7/6/20 2:45, give me a https t co 2iIMeqHBYF vl feel the difference dear Iqra Good morning https t co KSBpuaA6Vr https t co fc3gizExXg , SyedSaa1 , ,1572,Thimphu 
7/6/20 2:42, Virtualphoja1 shmueli DrukSchool Physicallg distanced learning at Druk School https t co xyHcCe7QT0 , namgayzam , ,22831,Thimphu 
7/6/20 2:35, claytian8 Wew Time going fast D , uchiha soma , ,65,Thimphu 
7/6/20 2:35, VastGG Graphics card , uchiha soma , ,65,Thimphu 
7/5/20 19:40, EjazGujjar55 Macaws are the best xe2 x9d xa4 xef xb8 x8f , bhutannorter , ,541,Thimphu 
7/5/20 18:31, In episode 16 of David Hoffman s David s Been Here in Bhutan https t co D8DNTvzEBD David explores the spectacular valley of Haa and showcases Bhutanese food at its best Stay tuned for more , MyBhutan , ,944,Thimphu 
7/5/20 17:40, ParveenKaswan English , namgayzam , ,22831,Thimphu 
7/5/20 17:31, RashMarGreen a threat to every team I have been ManUtd fan since I was 6 and will be till I die https t co QgucAp5YVE , KinzangDendup1 , RashMarGreen ,217,Thimphu 
7/5/20 17:28, Be Ready When The Mountain Calls https t co MgcjnrGTZb , bhutan majestic , ,1130,Thimphu 
7/5/20 17:23, Well nothing makes sense anymore https t co QRdgNQ1mVg , jimjatz , ,28,Thimphu 
7/5/20 17:21, Curtis Jones So much of future for LFC lfc premierleaguechampions livast ywna , ChhedupSangay , lfc premierleaguechampions livast ywna ,1081,Thimphu 
7/5/20 17:07, A moment with the Prime Minister exactly a year back Throwback LeadershipMatters doctors https t co mZXf5COgnN , jimjatz , Throwback LeadershipMatters doctors ,28,Thimphu 
7/5/20 16:08, And as you mention mrajivranjan the map you show is not from any official source Well China xe2 x80 x99s own official maximalist Map shows that eastern area as part of Bhutan which is also the fact Eastern sector never brought up by China in 24 comprehensive border talks , TenzingLamsang , ,23656,Thimphu 
7/5/20 16:04, This 2014 Map of China showing totality of its claims also published in washingtonpost sent alarm bells ringing as China laid direct claim to South China Sea amp all places Observe that so called xe2 x80 x98disputed area xe2 x80 x99 with Bhutan in east in this maximalist PRC map falls inside Bhutan https t co OtKvW2xcav https t co mSbGfzKTSE , TenzingLamsang , ,23656,Thimphu 
7/5/20 15:29, ConstantinoX ananthkrishnan mrajivranjan theChinaDude Narrowing down in the context of west and north The disputed areas there earlier were bigger in area , TenzingLamsang , ,23656,Thimphu 
7/5/20 15:22, MrSamratX DilliDurAst There you go , TenzingLamsang , ,23656,Thimphu 
7/5/20 15:15, xe2 x80 x9cThat sort of communal sense has permeated throughout the villages xe2 x80 x9d Interesting project https t co s9Pke5CrrB , bhutannorter , ,541,Thimphu 
7/5/20 15:06, rightIess Hi homie xf0 x9f x91 x8b , uchiha soma , ,65,Thimphu 
7/5/20 14:53, Accompanied by Lyonpo Namgay Tshering visited and had interactive meetings with Karma Feeds Saint Gobain and Silicon factory at Pasakha this morning Also stopped by Aly check post Pleased to see usual work at industries are going well https t co bQMMdPfGKW , FMBhutan , ,3435,Thimphu 
7/5/20 14:02, INCIndia What the hell Congress is doing than Don xe2 x80 x99t opposition have a role to advice and act Shameless Congress , nidhi bhattarai , ,3,Thimphu 
7/5/20 12:12, FMBhutan Do visit gelephu too la xf0 x9f x98 x9b xf0 x9f x99 x8f , yiwangpindarica , ,6936,Thimphu 
7/5/20 11:15, hudson records FlookQuartet Well this was supremely awesome Thanks hudson records and FlookQuartet loved hearing your voices , davidmhecht , ,490,Thimphu 
7/5/20 9:38, Just discovered our new favourite summer cafe in Thimphu serving luscious scoops of Himalayan ice cream flavours Saffron and Cardamon Raj Bhog with Star Anise Cashew and Butterscotch at the Thijha xe2 x80 xa6 https t co A0KAanSpGX , LovenRamos , ,2127,Bhutan 
7/5/20 9:35, FactsFpl What kind of competition is it , DeependraKoira5 , ,19,Thimphu 
7/5/20 8:25, Bhutan at the time of global pandemic https t co HPRKE1ogzP Bhutan traveltomorrow globalpandemic traveltips tourism WTP thimphu Sangaygang https t co 49fNDTG1iX , worldtourplan09 , Bhutan traveltomorrow globalpandemic traveltips tourism WTP thimphu Sangaygang ,194,Thimphu 
7/5/20 8:20, mrajivranjan This is like Pakistan claiming Punjab Haryana Gujarat and Maharashtra as bonus because some cartographer in Islamabad feels lucky Fictional and not tenable and not raised in official talks of 5 decades Hence official Bhutan rebuttal at GEF saying not a disputed area , TenzingLamsang , ,23656,Thimphu 
7/5/20 7:58, mrajivranjan Interesting but GT is way off Both sides officially accepted sole disputed areas of west 269 sq km and central of 495 sq km since 1984 official talks Indian journalists observers easily impressed with GT but it is not real official media like People xe2 x80 x99s Daily Xinhua or CGTN , TenzingLamsang , ,23656,Thimphu 
7/5/20 7:31, Bhutan Majestic Travel xe2 x80 x99s 15th Annual One Day Kurim at Paro Taktsang xe2 x80 x9cTiger xe2 x80 x99s Nest xe2 x80 x9d was successfully concluded The Special One Day Ceremony are always done on 15th Day Full Moon of The Fifth Bhutanese Month 5th xe2 x80 xa6 https t co OWa0vGnaus , bhutan majestic , ,1130,Thimphu 
7/5/20 7:01, Developing a higher regard for yourself is a healthy endeavor More for Sagittarius https t co FfKav1h4Nc , kintsho bht , ,30,Thimphu 
7/5/20 7:01, Your personal beliefs are being tested When someone challenge More for Taurus https t co EECfQYA8HL , cixx67 , ,1512,Thimphu 
7/5/20 7:00, Your heart is longing for belonging Put all of your energy to More for Pisces https t co uojyhAqXMI , LobzangYeshey1 , ,314,Thimphu 
7/5/20 6:50, ConstantinoX Rezhasan Maybe but in this case minutes were signed by both sides at the highest levels acknowledging only two disputed areas along the entire border Signed docs mean something Also the talks were comprehensive boundary talks of the entire boundary and not restricted to some areas , TenzingLamsang , ,23656,Thimphu 
7/5/20 6:36, If we are to go by territorial claims then Greece Rome Mongolia Spain and Britain should divide the world between the five of them They would have maps treaties proof of tributes evidence of rule and what not , TenzingLamsang , ,23656,Thimphu 
7/5/20 6:27, Virtualphoja1 BidhyaAdhikar16 It s for fun why take it so seriously , zzezenn , ,1923,Thimphu 
7/5/20 6:25, ConstantinoX Rezhasan 24 boundary talks since 1984 clearly narrowed down the total dispute area to two areas in the west and centre accepted and minuted by both sides I am sure a big country like China would have nothing to fear or hide from tiny Bhutan to keep mum for 5 decades in official talks , TenzingLamsang , ,23656,Thimphu 
7/5/20 6:10, When you discover your favourite Prime Minister jacindaardern once tried out albeit unsuccessfully for a part in the Lord of the Rings xf0 x9f x98 xb1 , namgayzam , ,22831,Thimphu 
7/5/20 5:45, Bhutan Today Bhutan Times and the Journalist report on the signing of the Concession Agreement of Kholongchhu Joint Venture hydropower project Please take a look Hydropower https t co PRyHTFZ1xT , Indiainbhutan , Hydropower ,10296,Thimphu 
7/5/20 5:35, ConstantinoX I would go by the official statement of Bhutan and border talks records All independent literature on Border talks by think tanks to strategic experts have never mentioned the eastern sector too , TenzingLamsang , ,23656,Thimphu 
7/5/20 5:25, SORA Charm Park sky xe6 x98 x9f xe3 x82 x92 xe7 xb4 xa1 xe3 x81 x90 xe5 xad x90 xe3 x81 xa9 xe3 x82 x82 xe3 x81 x9f xe3 x81 xa1 https t co Ph35x8c7zw , its Astrophile , sky ,4,Thimphu 
7/5/20 5:25, ConstantinoX 2 2 Note the strong official Bhutanese response at the GEF where it says the eastern sector was never raised in the boundary discussions and is sovereign Bhutanese territory Image from HT article https t co 43Z4Noxhkx , TenzingLamsang , ,23656,Thimphu 
7/5/20 5:22, ConstantinoX 1 2 As early as 1978 the disputed areas were only identified in the West and Central regions The government from then itself annually briefed the National Assembly of the border talks and results Eastern sector was never mentioned in all available records , TenzingLamsang , ,23656,Thimphu 
7/5/20 4:37, SiimplyKimly Helped , uchiha soma , ,65,Thimphu 
7/5/20 4:09, Accompanied by Lyonpo Namgay Tshering we met with the Dzongkhag officials of Samtse followed by visit to Jitti Bhimtar and Ice Beverages Very pleased with the hard work and dedication by frontline workers Appreciated their service during this extraordinary time https t co DCGrdaWQ95 , FMBhutan , ,3435,Thimphu 
7/5/20 3:43, Noor 07p kamli j thankyou Noor your so kind good morning https t co hQrMMLAq3c , SyedSaa1 , ,1572,Thimphu 
7/5/20 3:27, ForestsMatter The fellow is adorable , pnamgyel , ,618,Thimphu 
7/5/20 3:03, Forestry Kenya FAOForestry Don t know about a global principle on a minimum forest cover a country should aspire or maintain but in case of Bhutan it is enshrined in the Constitution a min of 60 of forest cover at all times It will be interesting to know how many countries have such a policy statement , pnamgyel , ,618,Thimphu 
7/5/20 1:56, beautiful teeth https t co VGd1OqxXGA , SyedSaa1 , ,1572,Thimphu 
7/4/20 21:29, Every freaking spurs player tackled a Chelsea boy Drew and lost the title hope but never felt so satisfied lol https t co sjlG8iLuwE , Tobgay333 , ,39,Thimphu 
7/4/20 15:51, internetumpire bhogleharsha recent years he hasn t been , Crocodilovic , ,50,Thimphu 
7/4/20 15:44, internetumpire bhogleharsha he was so good in clt20 hundred against kkr on a rank turner ufff , Crocodilovic , ,50,Thimphu 
7/4/20 15:41, Useful xf0 x9f xa4 x93 https t co tfbIwwyJxy , namgayzam , ,22831,Thimphu 
7/4/20 15:35, xe2 x80 x9cI xe2 x80 x99d say happy 4th of July but allcountriesmatter xe2 x80 x9d The internet is amazing , namgayzam , allcountriesmatter ,22831,Thimphu 
7/4/20 15:34, noxyraaa YouToo , uchiha soma , ,65,Thimphu 
7/4/20 14:40, Happy 4th of July xf0 x9f x98 x8a , jimjatz , ,28,Thimphu 
7/4/20 14:36, KuenselOnline He really deserves capital punishment , TenzinChoda4 , ,0,Thimphu 
7/4/20 14:06, New Challenge CheriZhaChallenge on tiktok Please do it and challenge 5 more friends Follow us on tiktok for more https t co hV3kk2BekG , mstudiobhutan , CheriZhaChallenge ,237,Thimphu 
7/4/20 13:49, I read Doctors by Erich Segal https t co 0G3z5R4aIb , pratimaIceberg , ,143,Thimphu 
7/4/20 13:19, Thank you eTeeru and TashiCell for this awesome prize https t co KXhRefJh2o , BdrDiyali , eTeeru TashiCell ,4,Thimphu 
7/4/20 12:20, VeD DeV super , uchiha soma , ,65,Thimphu 
7/4/20 12:18, From today s team work Volunteered for a good cause xf0 x9f x99 x8f xf0 x9f x99 x8f xf0 x9f x99 x8f https t co GKMwkqcr1E , ChhedupSangay , ,1081,Thimphu 
7/4/20 12:03, I dont want to leave Thimphu xf0 x9f x98 x96 I was born here Now I m sick after too much thinking xf0 x9f xa4 x92 xf0 x9f xa4 xa2 , its Astrophile , ,4,Thimphu 
7/4/20 11:57, Me and my toxic insecurities I would be I don t like that girls vibe and face if i could see myself from the passerby s eyes AH AHHHHHH , its Astrophile , ,4,Thimphu 
7/4/20 11:30, very hot in Karachi Rabia https t co V83KkCoOsN https t co XTK5pjQG5a , SyedSaa1 , ,1572,Thimphu 
7/4/20 10:02, KarmaMindu Yes at my home town dagapela xf0 x9f x99 x82 , zzezenn , ,1923,Thimphu 
7/4/20 10:02, FPLFamily Bruno is injured , DeependraKoira5 , ,19,Thimphu 
7/4/20 9:37, rightIess YouTooHomie , uchiha soma , ,65,Thimphu 
7/4/20 8:52, call meh brookx Peachlluvhab Not meh , uchiha soma , ,65,Thimphu 
7/4/20 8:12, Top 5 search queries in June on Google by Bhutanese reveal our Bollywood obsession Data amp infographic by fumblypd https t co CDlDYsXmaW , namgayzam , ,22831,Thimphu 
7/4/20 7:44, call meh brookx xD idk , uchiha soma , ,65,Thimphu 
7/4/20 7:42, call meh brookx The thing you want xf0 x9f x92 x8e , uchiha soma , ,65,Thimphu 
7/4/20 7:12, mapmakerdavid Hubris and limited world view , davidmhecht , ,490,Thimphu 
7/4/20 7:05, EAFIFAMOBILE How can I buy players from my friend at low coins , Thinley25 , ,320,Thimphu 
7/4/20 7:01, It s high time you stop feeling responsible for other people xe2 x80 x99s More for Sagittarius https t co FfKav1h4Nc , kintsho bht , ,30,Thimphu 
7/4/20 7:01, When you encounter information that runs contrary to your assu More for Taurus https t co EECfQYA8HL , cixx67 , ,1512,Thimphu 
7/4/20 7:00, Though you are feeling a deep desire for affection today unfo More for Pisces https t co uojyhA9mo8 , LobzangYeshey1 , ,314,Thimphu 
7/4/20 6:59, Everton xe2 x80 x99s Chloe joins City LexyTopping , namgayzam , ,22831,Thimphu 
7/4/20 5:50, Wish I didn xe2 x80 x99t wish that you were with me , akachandorjee , ,3,Thimphu 
7/4/20 5:50, I don xe2 x80 x99t understand you xe2 x80 x99re playing with me , akachandorjee , ,3,Thimphu 
7/4/20 5:12, zqjXFNZNGrKOpt0 Ight gl , uchiha soma , ,65,Thimphu 
7/4/20 5:08, Minimal cost for the tests undertaken for covid 19 test certificate from 3 July https t co lVDE68Wy3Z , chenchoDema1 , ,790,Thimphu 
7/4/20 4:20, Congratulation and Tashi Delek from Bhutan Dave Lim for CAMPUS PARTY DIGITAL EDITION AROUND THE WORLD 2020 Hey Folks if you are interested to join the campus party 2020 here is the registration link https t co xAvJtS7xiA https t co lbEMOpsWRd , drupaltroll , ,628,Thimphu 
7/4/20 4:05, Good and Politics can go together Announcing xe2 x80 x98Good Politics xe2 x80 x99 by nthnryn https t co qxjFKo7WLf , TingKarr8 , ,28,Thimphu 
7/4/20 3:52, good morning beautiful happy Saturday https t co 55O6z2XxnK https t co 9pjyBH7eSv , SyedSaa1 , ,1572,Thimphu 
7/4/20 3:40, basicvaneRbx Okay glad , uchiha soma , ,65,Thimphu 
7/4/20 3:32, Vlxmiae Good luck eyes , uchiha soma , ,65,Thimphu 
7/4/20 3:24, good morning beautiful Repa https t co 9HiZivFqRT https t co jzoSWy3PRT , SyedSaa1 , ,1572,Thimphu 
7/4/20 3:14, Wangdue Eco Lodge the pilot hotel certifying organic kitchen by the ministry of Agriculture Bhutan Wangdiphodrang https t co kYwwGN8dD5 , Swallowtail2014 , ,386,Thimphu 
7/4/20 3:08, Wangdue Ecolodge a pilot project hotel on certifying Organic kitchen in Bhutan https t co yOPK2HNaYy , Swallowtail2014 , ,386,Thimphu 
7/4/20 3:07, Looking east in Bhutan Another milestone reached in xf0 x9f x87 xa7 xf0 x9f x87 xb9 xf0 x9f x87 xae xf0 x9f x87 xb3 hydropower cooperation Buisness Bhutan reports on the signing of the Agreement for the Kholongchhu project Hydropower https t co D7XyV9tAKu , Indiainbhutan , Hydropower ,10296,Thimphu 
7/4/20 3:07, AjangBrokpa Lock him up for life xf0 x9f x99 x83 , DziJ , ,1688,Thimphu 
7/4/20 3:05, Every Bhutanese should read this carefully and take advantage https t co 2QDLPMw9Pj , Swallowtail2014 , ,386,Thimphu 
7/4/20 1:31, One Justice I admired since my college days Such an inspiration for me His basic structure doctrine and upholding the civil liberties during the times of emergency talks a lot about his fearlessness Justice of his calibre amp integrity are less in this modern Judiciary xf0 x9f x99 x8f xf0 x9f x99 x8f xf0 x9f x99 x8f https t co bSqmSwuAZf , ChhedupSangay , ,1081,Thimphu 
7/3/20 23:19, good evening dear https t co bWuQTw8czB https t co PZEDIVqu9o , SyedSaa1 , ,1572,Thimphu 
7/3/20 21:25, GameSpot Time to go back to pc gaming and tormenting , chunjurrinchhen , ,187,Thimphu 
7/3/20 19:17, Britney Amber BAmberFanClubEs BritneyAmbFans XBIZ OnlyfansBest AdultBrazil PornBabesBR Pornhub StarFactoryPR AVNMagazine Who won xe2 x80 x99t want to be with such gorgeous princess xe2 x9d xa4 xef xb8 x8f xe2 x9d xa4 xef xb8 x8f xe2 x9d xa4 xef xb8 x8f , Dtsheringalias2 , ,35,Thimphu 
7/3/20 18:56, I am a Bitch xf0 x9f xa4 xa6 xe2 x80 x8d xe2 x99 x80 , its Astrophile , ,4,Thimphu 
7/3/20 18:33, GW 33 team Please comment for changes to my team I have been thinking much xf0 x9f xa4 xa8 xf0 x9f xa4 xa3 https t co MORr9iSRJq , DeependraKoira5 , ,19,Thimphu 
7/3/20 18:14, Happy 188th Birthday Jonathan The oldest animal on land has outlived the oldest human by 66 years xe2 x9d xa4 xef xb8 x8f Photo clownpond https t co 6wqIkJzkw7 , namgayzam , ,22831,Thimphu 
7/3/20 18:11, FactsFpl Though it s 38 000 sq m the total area of Bhutan But it s geography being mountainous and have to travel through meandering roads through cliffs it takes time , DeependraKoira5 , ,19,Thimphu 
7/3/20 18:09, FactsFpl It will around 2 weeks if you want to visit every corners and all without rest But most tourist visit most historical sites and scenery and on average they stay one week most of them , DeependraKoira5 , ,19,Thimphu 
7/3/20 18:04, FactsFpl Yeah all tourist say they didnt regret pay 250 USD a day when they leave They always say its worth it and they are fulfilled and satisfied So maybe it s worth it , DeependraKoira5 , ,19,Thimphu 
7/3/20 18:00, FactsFpl Yeah bro You are always welcome to our country It s beautiful But you got to pay 250 per day of your stay here It s kinda expensive I guess , DeependraKoira5 , ,19,Thimphu 
7/3/20 17:29, Unless I am present in that case get ready for redemption xf0 x9f xa4 xa5 xf0 x9f x98 x86 xf0 x9f x98 x86 Words left unsaid are words wasted in the mind https t co 8yxUjRVF7M , ChhetriAbhinaya , ,5,Thimphu 
7/3/20 17:26, Headlines should have read xe2 x80 x9cMan undermines nation xe2 x80 x99s efforts xe2 x80 x9d https t co qRE7cfFwl9 , jimjatz , ,28,Thimphu 
7/3/20 16:12, lovely teeth https t co BDSH7j9zWw , SyedSaa1 , ,1572,Thimphu 
7/3/20 15:59, Life is a question and how we live is our answer xf0 x9f x98 x87 xf0 x9f x92 xab https t co vAjLYUnsiL , TipchuCho , ,0,Thimphu 
7/3/20 15:56, somebody inform me why indian girls tight a band around their stomach https t co WWxwNLnzje , SyedSaa1 , ,1572,Thimphu 
7/3/20 15:41, call meh brookx Bruh , uchiha soma , ,65,Thimphu 
7/3/20 15:40, call meh brookx Logout Click sign up , uchiha soma , ,65,Thimphu 
7/3/20 15:37, phuntsho95 Should be put behind bars , zzezenn , ,1923,Thimphu 
7/3/20 15:37, Watch episode 15 of David Hoffman s David s Been Here in Bhutan featuring an exciting journey through the Himalayas en route to the picturesque Haa valley and showcasing Bhutanese food at its best Stay tuned for more https t co LRvWkKOwpg , MyBhutan , ,944,Thimphu 
7/3/20 15:36, DechenNamgyal6 Still pretty porus given its length and forested areas Good that he was caught though , TenzingLamsang , ,23656,Thimphu 
7/3/20 15:30, phuntsho95 Totally xf0 x9f x98 xa0 xf0 x9f x98 xa0 , zzezenn , ,1923,Thimphu 
7/3/20 15:26, call meh brookx BrookxMeh Ight , uchiha soma , ,65,Thimphu 
7/3/20 15:22, Such people exist Really https t co EzneMd5t9P , ChhedupSangay , ,1081,Thimphu 
7/3/20 15:20, Heights of irresponsibility He should be legally charged as well https t co 7AWOxLjM5m , TenzingLamsang , ,23656,Thimphu 
7/3/20 15:20, ycrinzin Relation study between colleges in Bhutan MoLHR and industry ll be interesting area , Tobgay3 , ,108,Thimphu 
7/3/20 14:57, call meh brookx No you didn t , uchiha soma , ,65,Thimphu 
7/3/20 14:49, call meh brookx Lol whaa , uchiha soma , ,65,Thimphu 
7/3/20 14:48, call meh brookx Weird but thank God lol xf0 x9f x92 x8e , uchiha soma , ,65,Thimphu 
7/3/20 14:39, The BJTF fraternity would like to extend our warmest congratulations to Hon ble Chairperson Dasho Ugen Tsechup for his appointment as Sr Vice President of SAARC Chamber of Commerce xe2 x80 xa6 https t co 9jgKILWTXc , drupaltroll , ,628,Thimphu 
7/3/20 14:35, pchilimzam Oh lord , namgayzam , ,22831,Thimphu 
7/3/20 14:23, xf0 x9d x90 x80 xf0 x9d x90 xa7 xf0 x9d x90 xa8 xf0 x9d x90 xad xf0 x9d x90 xa1 xf0 x9d x90 x9e xf0 x9d x90 xab xf0 x9d x90 x9c xf0 x9d x90 xa1 xf0 x9d x90 x9a xf0 x9d x90 xa7 xf0 x9d x90 x9c xf0 x9d x90 x9e xf0 x9d x90 x9f xf0 x9d x90 xa8 xf0 x9d x90 xab xf0 x9d x90 xb2 xf0 x9d x90 xa8 xf0 x9d x90 xae xf0 x9d x90 xad xf0 x9d x90 xa8 xf0 x9d x90 x96 xf0 x9d x90 x88 xf0 x9d x90 x8d xf0 x9d x90 x9a xf0 x9d x90 x92 xf0 x9d x90 x9a xf0 x9d x90 xa6 xf0 x9d x90 xac xf0 x9d x90 xae xf0 x9d x90 xa7 xf0 x9d x90 xa0 xf0 x9d x90 x86 xf0 x9d x90 x9a xf0 x9d x90 xa5 xf0 x9d x90 x9a xf0 x9d x90 xb1 xf0 x9d x90 xb2 xf0 x9d x90 x8c xf0 x9d x9f x90 xf0 x9d x9f x8f The 2nd Lucky Winner will get 15 000MB amp the 3rd Lucky Winner 10 000MB data For more info 7700 xf0 x9f x93 x9e T amp C Apply eteeru tashicell bhutan https t co JVaFSssQ0j , TashiCell , eteeru tashicell bhutan ,1749,Thimphu 
7/3/20 14:22, Must follow first btw xf0 x9f x92 x8e , uchiha soma , ,65,Thimphu 
7/3/20 14:21, IRose06 lizzie playzz Youtoo , uchiha soma , ,65,Thimphu 
7/3/20 14:12, GuyAirline We know we are lucky xf0 x9f x98 x8a , namgayzam , ,22831,Thimphu 
7/3/20 14:12, that chilip GuyAirline Ohhh Now that you xe2 x80 x99ve tweeted that I think many of us have made xe2 x80 x9corigin xe2 x80 x9d part of journalistic parlance thank you la , namgayzam , ,22831,Thimphu 
7/3/20 14:09, Thanks for sharing Nilanjana Thought provoking https t co oPy7LhypyW , namgayzam , ,22831,Thimphu 
7/3/20 13:52, Paddy plantation has begun in Paro we have them at different times for different districts in the Western region Photo Kencho Wangdi https t co xEbg7LPCei , namgayzam , ,22831,Thimphu 
7/3/20 13:48, Indian Customs introduces paperless faceless and contact less customs clearance https t co ik0Zntkwd9 , PhuntshoWangs , ,31,Thimphu 
7/3/20 13:47, TheMancTravels Agreed pic from our last trip to the banks of the Seine https t co XQhOYu813g , bhutannorter , ,541,Thimphu 
7/3/20 13:34, claytian8 I m on mobile lol , uchiha soma , ,65,Thimphu 
7/3/20 13:29, RobloxTweetz Ight , uchiha soma , ,65,Thimphu 
7/3/20 13:28, AngelLuvbunnies GL bff , uchiha soma , ,65,Thimphu 
7/3/20 13:26, call meh brookx Later lol , uchiha soma , ,65,Thimphu 
7/3/20 13:24, call meh brookx See discord lol , uchiha soma , ,65,Thimphu 
7/3/20 13:22, basically kel Good luck D , uchiha soma , ,65,Thimphu 
7/3/20 13:22, MyBeauDes Tommy Lee J https t co ryCO2BJ3aS , bhutannorter , ,541,Thimphu 
7/3/20 11:53, Any25 women is here to sex chat with me , SyedSaa1 , ,1572,Thimphu 
7/3/20 11:46, GuyAirline PM xe2 x80 x99s thread explains it very well https t co EJ30Vg5QRy https t co SSXlmxtgik , namgayzam , ,22831,Thimphu 
7/3/20 11:44, GuyAirline I xe2 x80 x99ve written about it in my piece https t co 7h2Y0swzgj Loan repayment deferred for a year and interest waiver to be paid fully then partially by His Majesty xe2 x80 x99s office Details in the piece Bhutanese are beyond lucky xf0 x9f x98 x8a , namgayzam , ,22831,Thimphu 
7/3/20 11:20, 100k bloxburg cash giveaway xf0 x9f x92 x8e xf0 x9f x92 xb5 Conditions Like this tweet Retweet Comment I will be using retweet picker for this Ends when I reach 200 followers Lol Good luck xf0 x9f x92 x8e , uchiha soma , ,65,Thimphu 
7/3/20 11:18, Mariaellax Trash , uchiha soma , ,65,Thimphu 
7/3/20 11:17, call meh brookx Congrats man xf0 x9f x91 x8f xf0 x9f x8e x89 , uchiha soma , ,65,Thimphu 
7/3/20 10:59, The joy of losing in the spiritual path would lead to the addiction of being eternal lost xf0 x9f x92 xab https t co lHpCmds4qV , TipchuCho , ,0,Thimphu 
7/3/20 10:43, 23ft Guru copper statue about to complete https t co uRxFeGThIh , LhakpaT71956662 , ,23,Thimphu 
7/3/20 10:30, Welcome Lunch for Gyamtsho The Pema https t co nPMSaqrTzo , bhutan majestic , ,1130,Thimphu 
7/3/20 10:28, Introducing The Latest Menu 3rd July 2020 We are very honored to be here and experience the Surprise Please come and join us and make Friday Complete Presenting The Menu along with Latest Pastries The Pema https t co UTGsyqlqDo , bhutan majestic , ,1130,Thimphu 
7/3/20 9:52, The age of expansionism is over xe2 x80 x9d Prime Minister Narendra Modi Agreed Sir Very powerful and relevant words , TenzingLamsang , ,23656,Thimphu 
7/3/20 9:35, sowfflll MrsCie DK JigsNews jackpot15 Oh they are old bulls now nothing will work on them xf0 x9f xa4 xad xf0 x9f xa4 xad xf0 x9f xa4 xad xf0 x9f xa4 xad , DziJ , ,1688,Thimphu 
7/3/20 9:28, So i really miss MrGeorgeBenson and NiiNiiFC youtube channel , TsheringJatsho , ,14,Thimphu 
7/3/20 9:27, After losing ChelseaFC to WestHam i could not watch any online news of Chelsea , TsheringJatsho , ,14,Thimphu 
7/3/20 9:24, himabista Glad she spoke up Hope she xe2 x80 x99s supported too Am sure the gaslighting must be terrible , namgayzam , ,22831,Thimphu 
7/3/20 9:07, No man ever saw God and lived And yet I shall not live till I see God and when I have seen Him I shall never die John Donne , GenuineShadow , ,377,Thimphu 
7/3/20 9:07, I shall rise from the dead I shall see the Son of God the Sun of Glory and shine myself as that sun shines I shall be united to the Ancient of Days to God Himself who had no morning never began , GenuineShadow , ,377,Thimphu 
7/3/20 9:04, 4 of 5 stars to The Power of Habit by Charles Duhigg https t co cEkoNPNehr , pratimaIceberg , ,143,Thimphu 
7/3/20 8:36, What if we move forward instead https t co i5GZO900pw , Phuuuuubz19 , ,180,Thimphu 
7/3/20 8:35, MrsCie DK sowfflll The red mushroom has aphrodisiac properties lo may xf0 x9f x98 x82 , DziJ , ,1688,Thimphu 
7/3/20 8:34, Something special about the mountains The freshness and the amazing view hike Bhutan fridaymorning https t co oJRXWLScEF , BhutanTripAdv , hike Bhutan fridaymorning ,5908,Thimphu 
7/3/20 8:34, sowfflll MrsCie DK It xe2 x80 x99s a white substance like a wart on the leaf edible , DziJ , ,1688,Thimphu 
7/3/20 8:28, Ludrong Memorial garden is located opposite site of Tashicho dzong Thimphu Best place to rejuvenate and stroll https t co HPRKE1ogzP Bhutan Traveltomorrow Ludrongmemorialgarden Thimphuattraction WTP tourism https t co 2OMBMLz9x8 , worldtourplan09 , Bhutan Traveltomorrow Ludrongmemorialgarden Thimphuattraction WTP tourism ,194,Thimphu 
7/3/20 8:10, Ice cream and French fires daddyslittlegirls kriyesha krinisha Real Illusions Restro Bar https t co Z88AuZ8Ym6 , bharatbugss , daddyslittlegirls kriyesha krinisha ,65,Thimphu 
7/3/20 8:06, BBS Radio Article 10 Parliament https t co 1cfT848OI6 , BBSBhutan , ,51164,Thimphu 
7/3/20 8:01, BBS Radio Build Bhutan Project https t co xXBN8OuEDx , BBSBhutan , ,51164,Thimphu 
7/3/20 7:02, The luster may be wearing off an important relationship Befor More for Virgo https t co ytH6jMhay1 , czdorji , ,2311,Thimphu 
7/3/20 7:01, A certain family member may feel more like a burden than a ble More for Sagittarius https t co FfKav1h4Nc , kintsho bht , ,30,Thimphu 
7/3/20 7:01, You ve got a decision to make today While you trust and respe More for Taurus https t co EECfQYA8HL , cixx67 , ,1512,Thimphu 
7/3/20 7:00, You may have to put in some more work before you are able to r More for Pisces https t co uojyhA9mo8 , LobzangYeshey1 , ,314,Thimphu 
7/3/20 6:32, good morning Miss Syeda pls have some snackes empty stomach causes headache you can join me https t co DIBoKEkveG https t co XURSpQyzb4 , SyedSaa1 , ,1572,Thimphu 
7/3/20 6:29, good morning Miss Priya https t co ZlEBrqO6Lq https t co LAjeKw5CDn , SyedSaa1 , ,1572,Thimphu 
7/3/20 6:15, The Department of Forest and Park Services organized the first virtual meeting with the field Chief Forestry Officers yesterday https t co uXZdrWQjd7 https t co 33KohLd7yO , moafbhutan , ,455,Thimphu 
7/3/20 6:08, Save yourself and others Wear a mask xf0 x9f x98 xb7 https t co xly675X8GQ , TenzingLamsang , ,23656,Thimphu 
7/3/20 5:31, Paro bhutan parobhutan Wow what amazing paro international airport https t co VElriDMtjX , NamgaySkidas , ,241,Paro 
7/3/20 4:52, BBS Radio International Day of Co operatives 2020 https t co lRgS8yAscy , BBSBhutan , ,51164,Paro 
7/3/20 4:50, Breaking Ministry of Health Detects 34 New HIV Cases from January to June 2020 In the last six months the Ministry of Health has detected 34 new HIV cases 15 male and 19 female Source thebhutanese , GheaShung , ,18,Paro 
7/3/20 3:54, Glad to see no of active cases fall 27 active cases as of today https t co aknomepRix , namgayzam , ,22831,Paro 
7/3/20 3:50, AchuKhegpa xf0 x9f xa4 xa3 xf0 x9f xa4 xa3 xf0 x9f xa4 xa3 so ab Dorji xe2 x80 x99s ego must be on a uplifting boost with the magnifying glass xf0 x9f x94 x8d , DziJ , ,1688,Paro 
7/3/20 3:47, MrsCie DK sowfflll edible red mushroom and rhododendrons leaves xf0 x9f x98 x8b https t co mJFv8QofhJ , DziJ , ,1688,Paro 
7/3/20 3:28, Advertisement of today s era xf0 x9f x91 x8f xf0 x9f x91 x8f xf0 x9f x91 x8f https t co pP5AejRxpq , ChhedupSangay , ,1081,Thimphu 
7/3/20 2:38, Good one here Important people know how much they are benefited and be thankful https t co DOLGDaHRVa , ChhedupSangay , ,1081,Thimphu 
7/3/20 2:25, jins94475391 Thank you I saw this already That xe2 x80 x99s why I shared the news , namgayzam , ,22831,Thimphu 
7/3/20 2:01, Pleased to meet happy farmers getting to sell their cabbages at damchu instead of Pling FCBL is taking them to export whenever possible Also visited Mini Dry Port amp Pling township development project which is on phase 1 right now https t co 9KvUfvIkSF , FMBhutan , ,3435,Thimphu 
7/3/20 1:55, I think BBSBhutan should not stop writing with few sentences It s important they write something on the standard practice and what the procedure says Ask if don t understand I think duty of media is not restricted to provide information but also to educate , ChhedupSangay , ,1081,Thimphu 
7/3/20 1:52, Was reading comments in Facebook Sad how our people react without even understanding the standard practice amp the procedural law https t co juunaOJIqo Court orders prosecutor to refile the charge sheet with grading of offence Wamrong battery case https t co 1VxJVvijn4 , ChhedupSangay , ,1081,Thimphu 
7/3/20 1:11, Your very own premier government think tank IDSA said India and Bhutan are not in BRI in 2019 Also do name those fictional xe2 x80 x98huge infrastructure projects xe2 x80 x99 being built by China in Bhutan Not even one on the ground as we are not BRI members yet https t co Ez3op76Bcm , TenzingLamsang , ,23656,Thimphu 
7/3/20 1:07, So the writer cites a separate interview with a Chinese academic This is where cross checking is so important Look it up but only Bhutan and India have not joined BRI in the region and both countries gave the two BRI Forums a miss in 2017 amp 2019 https t co UT28kH3Ia4 , TenzingLamsang , ,23656,Thimphu 