11/11/19 18:39, BiggBoss shehnaazshine justvoot Vivo India BeingSalmanKhan Happy to see them bk xf0 x9f x98 x98 xf0 x9f x98 x98 , Peday9 , ,0,Thimphu 
11/11/19 17:05, tashidhendup Go get the Tibetan Wolf Tashi , NorbuNawang , ,139,Thimphu 
11/11/19 17:01, Love is Freedom Hate is not conquered by hate Hate is conquered by love This is a law of eternal Gautama Buddha Babesa Thimphu https t co QVaNvOzxRf , MasterTshewang , ,72,Bhutan 
11/11/19 16:37, A Memorable 11th November https t co SdTE1IWPma https t co pfRtXaYD5V , tsheridorji , ,203,Thimphu 
11/11/19 16:00, This week s featured accommodation is Rangshikhar Heritage Homestay located in Trashigang Rent accommodations in Bhutan here https t co 9TkCjTCxiG Comment below with which district in Bhutan you xe2 x80 x99d like to see the next Accommodation of the Week MyBhutanAccommodations https t co j745QpKmyU , MyBhutan , Bhutan MyBhutanAccommodations ,923,Thimphu 
11/11/19 15:47, Always lucky to receive blessings from Hiss Holiness Kyabje Namkhai Nyingpo Rinpoche https t co y79kamyChx , FlyingBirdTour , ,29,Thimphu 
11/11/19 14:54, DHS way of celebrating HM the fourth King xe2 x80 x99s Birthday May the stewardship of stream drains rivers increase by other agencies for water plays a major role in balancing the eco system and every drop somehow contributes to the wellness of our oceans https t co XYFiWeyH2Y , yangzlo , ,15,Thimphu 
11/11/19 14:28, 11 11 19 Tribute to the Great 4th Moments published in the book TheBodhisattvaKing on the occasion of the celebrations of the 60th birth anniversary of HM the Fourth DrukGyalpo Jigme Singye Wangchuck Ever grateful to Tshering Tashi for this opportunity Artwork Twinz https t co xWHXOFd3u9 , czdorji , Moments TheBodhisattvaKing ,2191,Thimphu 
11/11/19 14:17, As this day 11 November 2019 approaches end I am at my CUBE wrapping up my work amp an everyday moment gulfs just now to be deeply grateful for the birth of our great 4th K4 amp the legacies he passes through our dharmakings k5 gyalsey Peldendrukpagyelo https t co jfgThxs1kl , czdorji , moment K4 dharmakings k5 gyalsey Peldendrukpagyelo ,2191,Thimphu 
11/11/19 13:48, RaspaPLUSdevi Yeah I nearly got goosebumps xf0 x9f x98 x82 , Kenchoo7 , ,301,Paro 
11/11/19 13:00, xe2 x80 x9cNo dream is ever too big and no step towards a dream is ever too small Believe that you will get there and you will Your doubts will only hold you back and make each step harder xe2 x80 xa6 https t co SfA7YYC4Ej , Sonam Peldon , ,1689,Thimphu 
11/11/19 12:34, Focusing on our journey not the destination because we know joy is found not in finishing an activity but in doing it Life is good with TTT Tshering Tours amp Treks Bhutan travel bhutanwithpassang culture trekking guide , passangtsheri , Bhutan travel bhutanwithpassang culture trekking guide ,1779,Thimphu 
11/11/19 11:31, The location of the finish line when you set out may not be wh More for Capricorn https t co p6mL9a2MGB , yiwangpindarica , ,6943,Thimphu 
11/11/19 11:06, One of the most sacred and most visited place in Thimphu dechenphu blessing spiritual Babesa Thimphu https t co YGIHl5c9h6 , MasterTshewang , dechenphu blessing spiritual ,72,Bhutan 
11/11/19 11:01, I join the nation in praying for the longevity and good health of His Majesty the Fourth Druk Gyelpo 11 11 19 https t co Phph56vq7o , sonamwangs , ,53,Thimphu 
11/11/19 10:52, I am 233 pts behind rank 1 152 pts behind rank 1K 121 pts behind rank 10K 96 pts behind rank 50K 83 pts behind rank 100K 58 pts behind rank 300K 44 pts behind rank 500K Check yours at https t co fZQfSFYFdW FPL FPLCommunity via fplAnalytics , DeependraKoira5 , FPL FPLCommunity ,0,Thimphu 
11/11/19 10:44, 64 years ago the Druk Yul has been blessed once more 64 years ago our collective merits has come to fruition once again 64 years ago He appeared once more to complete and consolidate what has been started https t co jFTBT2rAvs , tsheridorji , ,203,Thimphu 
11/11/19 9:41, Hahahaha reminder of good flash back https t co 5XwnwcHhlP , Tour4Bhutan , ,73,Thimphu 
11/11/19 9:10, Prayed for the continued health and happiness of my king fourth the great this morning in Tsho Pema wishing Him many glorious days ahead xf0 x9f x99 x8f https t co hlH8MdZXcT , DziJ , ,1581,Thimphu 
11/11/19 8:15, U r stalking a person and suddenly sent a friend request xf0 x9f x98 x82 xf0 x9f x98 x82 , Kenchoo7 , ,301,Paro 
11/11/19 8:01, Similarities between an early experience and current condition More for Sagittarius https t co FfKav1h4Nc , Tshampa , ,27,Paro 
11/11/19 8:01, You may sense that change is afoot today but pinpointing the More for Taurus https t co EECfQYA8HL , cixx67 , ,1496,Thimphu 
11/11/19 8:00, Storytelling builds bridges between worlds Communicating with More for Pisces https t co uojyhA9mo8 , LobzangYeshey1 , ,292,Thimphu 
11/11/19 7:45, I always love the bond between grandpa and grandchild and this picture was my favorite Long live the everlasting bond LA xf0 x9f x8c xba xf0 x9f x8c xbb xf0 x9f x8c xbc xf0 x9f x8c xbc xf0 x9f x8c xbb xf0 x9f x8c xba https t co jNbN1fsYFu , Kenchoo7 , ,301,Paro 
11/11/19 7:40, What do you want to be remembered for life time legend history Babesa Thimphu https t co ueIOY4YHJZ , MasterTshewang , life time legend history ,72,Bhutan 
11/11/19 7:39, A charming photograph of 3 generations of our beloved Monarchs Join fellow Bhutanese and well wishers in prayers for His Majesty Drukgyal Zhipa xe2 x80 x99s good health and long life pc HM xe2 x80 x99s fb pg https t co 9CnLj9wyu3 , sangaykhandu , ,7662,Thimphu 
11/11/19 7:00, On the most auspicious occasion of the 64th Birth Anniversary of the Great Fourth MyBhutan offers prayers and humble wishes for our beloved Guardian s continued good health and long life Happy Birthday Your Majesty pc Facebook https t co ZLRfmydvwO , MyBhutan , ,923,Thimphu 
11/11/19 6:34, Long Live His Majesty The Great Fourth xf0 x9f x99 x8f xf0 x9f x99 x8f xf0 x9f x99 x8f Long Live His Majesty The People xe2 x80 x99s King xf0 x9f x99 x8f xf0 x9f x99 x8f xf0 x9f x99 x8f Long Live His Royal Highness The Gyalsey xf0 x9f x99 x8f xf0 x9f x99 x8f xf0 x9f x99 x8f Palden Drukpa Gyalo bhutan hismajestythegreatfourth jigmesingyewangchuck xe2 x80 xa6 https t co qf0pflgZXr , bhutan majestic , bhutan hismajestythegreatfourth jigmesingyewangchuck ,1111,Thimphu 
11/11/19 6:25, The Great Fourth is Bhutan Bhutan is the Great Fourth Humble prayers for HM Drukgyel Zhiba xe2 x80 x99s long healthy and happy life ourrock anchor northstar Bhutan https t co yHmcciIen3 , kuengawangmo , ourrock anchor northstar Bhutan ,1884,Thimphu 
11/11/19 6:19, I am proud to hear my daughter xe2 x80 x99s voice in this profound dedication crafted by iBEST Institute for the great event Thank you Du Rie and Tharchen Tharchen for grooming Ninzi and giving her all the opportunity to https t co n2DFPgpraN , PaSsu Diary , ,5913,Thimphu 
11/11/19 6:10, Bhutan B2B Tours Transportation amp Hotels packages Contact Hiking Bhutan Travels Mobile 97517474224 E Mail hikingbhutantravels gmail com Facebook https t co fzEgq2S7qO Website https t co Z2RL2Sf0wy Thimphu Bhutan https t co tawg7uKmQO , hikingbhutan , ,778,Thimphu 
11/11/19 6:01, Bhutan B2B Tours amp Hotels packages Contact Hiking Bhutan Travels Mobile 97517474224 E Mail hikingbhutantravels gmail com Facebook https t co fzEgq2S7qO Website https t co Z2RL2Sf0wy Thimphu Bhutan https t co cqNkyGOW4v , hikingbhutan , ,778,Thimphu 
11/11/19 5:46, Happy birthday great fourth https t co nofKB0DN5z , Raj7Durga , ,12,Thimphu 
11/11/19 5:33, Happy Birthday Your Majesty https t co zTNlCbv76b , pgyamtsho , ,497,Thimphu 
11/11/19 5:25, Solving complex issues requires innovation and certain mindsets Reflection is key to accelerate learning says gquaggiotto https t co saFWuyHExp , NaglerUNDP , innovation mindsets ,1517,Thimphu 
11/11/19 4:35, Happy Birthday Your Majesty Long live our great fourth xf0 x9f x99 x8f xf0 x9f x99 x8f xf0 x9f x99 x8f https t co 8bOxAtkdmQ , iamYoeser , ,391,Thimphu 
11/11/19 4:22, Happy Birthday Your Majesty Long live our great fourth xf0 x9f x99 x8f xf0 x9f x99 x8f xf0 x9f x99 x8f , iamYoeser , ,391,Thimphu 
11/11/19 4:01, Opening the Black necked Crane Festival at Gangtey Goenpa in Phobjikha Bhutan with words from the Honorable Speaker of the National Assembly xf0 x9f x87 xa7 xf0 x9f x87 xb9 Welcoming the sacred cranes back to the valley rspnbhutan savingcranes NatGeo InsideNatGeo NatGeoExplorers NatGeoEducation https t co JEaighviPe , davidmhecht , Bhutan ,379,Thimphu 
11/11/19 3:56, We join the nation in offering our humble prayers for your Majesty xe2 x80 x99s Good Health Long life Happiness and Eternal Wellbeing on this very auspicious occasion the 64th birth anniversary of His Majesty the 4th https t co IFW8vDZ3Z4 , gasebtandin , ,2198,Thimphu 
11/11/19 3:24, Coinciding with the celebration of the 64th Birth Anniversary of The Fourth King His Majesty Jigme Singye Wangchuck the opening ceremony of the IAA Bhutan International Traditional Archery Tournament 2019 is xe2 x80 xa6 https t co H1vwp1Kpyb , tourismbhutan , ,9957,Thimphu 
11/11/19 3:06, KiluMentorship Thank you Frances xf0 x9f x92 x96 , Chhimmy , ,1613,Thimphu 
11/11/19 2:07, We join the nation and people of Bhutan to offer our profound prayers for longevity and good health of His Majesty the Fourth Druk Gyalpo on this joyous occasion Happy Birthday Your Majesty , yeshilhendup59 , ,14,Thimphu 
11/11/19 1:50, Eternally grateful for the benovelence Happy Birthday Your Majesty xf0 x9f x99 x8f xf0 x9f x99 x8f xf0 x9f x99 x8f xf0 x9f x99 x8f xf0 x9f x99 x8f xf0 x9f x99 x8f xf0 x9f x99 x8f https t co L8lQJJR1Ax , SherabNamgay1 , ,36,Thimphu 
11/11/19 1:48, Zhabten for His Majesty the Fourth King Jigme Singye Wangchuck https t co GgcrolYEa5 , gasebtandin , ,2198,Thimphu 
11/11/19 1:32, 4 of 5 stars to The Girl on the Train by Paula Hawkins https t co XtEY2XqPWc , pratimaIceberg , ,141,Thimphu 
11/11/19 1:16, xf0 x9f x8c xbaHappy Birthday ur majesty xf0 x9f x8c xba , Kenchoo7 , ,301,Paro 
11/11/19 1:15, A tribute that 108 of us were blessed to perform on the occasion of His Majesty the Fourth Druk Gyalpo xe2 x80 x99s 60th birth anniversary four years ago It is truly the collective xe2 x80 x98soenam xe2 x80 x99 of us the Bhutanese to have His Majesty living in our times xf0 x9f x99 x8f xf0 x9f x99 x8f xf0 x9f x99 x8f https t co QBq8Okqo3T , Chhimmy , ,1613,Paro 
11/11/19 0:37, Informal meeting of theGCF 24th GCF Board Meeting starts today with the opportunity for the board members and advisors to interact and discuss the issues of the board agenda https t co you93BHpT1 , karmat bhutan , ,234,Thimphu 
11/10/19 22:58, shaikatsaha125 All the best Sna , gtfyurdescdsw , ,0,Thimphu 
11/10/19 22:48, BiggBoss BeingSalmanKhan Vivo India Sna best wishes from Bhutan , gtfyurdescdsw , ,0,Thimphu 
11/10/19 22:39, BigBoss13Khabri Sna is best Clean at heart Love Bhutan , gtfyurdescdsw , ,0,Thimphu 
11/10/19 22:31, Bigg Boss Vote Poll Season 13 WEEK 6 biggboss13 biggboss bb13 https t co fZVHlAO24w , gtfyurdescdsw , biggboss13 biggboss bb13 ,0,Thimphu 
11/10/19 21:48, I would like to offer my humble prayers and deepest respects on the birth anniversary of Your Majesty May you have a healthy and long life With deepest respects xf0 x9f x99 x8f xf0 x9f x99 x8f xf0 x9f x99 x8f birthdanniversary thegreat4thkingof xf0 x9f x87 xa7 xf0 x9f x87 xb9 https t co fLp4AQjlHN , lhakidolma , ,1225,Thimphu 
11/10/19 21:27, When you sit inside a warm apartment snowing is only for fun and enjoyment minnesota https t co LO1doTslxq , JambayJax , ,25,Thimphu 
11/10/19 21:22, JLincStine deirdremaeve FreshwaterSoc surlybrewing carrieellenjen JenWenKad Good water for good beer , JambayJax , ,25,Thimphu 
11/10/19 21:18, Hard work we put will ultimately be enjoyed by our kids So nothing is loss here Life is meant to utilized human capability Don xe2 x80 x99t be lazy It will neither benefit you or your kids , JambayJax , ,25,Thimphu 
11/10/19 21:14, 1 reason that I xe2 x80 x99m proud to call myself a Bhutanese Prayers and love always la xf0 x9f x99 x8f xf0 x9f x8f xbc xf0 x9f x92 x9b https t co Mlj36sOq5x , namgayzam , ,20197,Thimphu 
11/10/19 21:12, BigSevenTravel pash Wow I like it , JambayJax , ,25,Thimphu 
11/10/19 20:19, We welcome our friends at b xc4 x93 to Bhutan on a journey to discover pure happiness https t co E42aB08L6G , MyBhutan , ,923,Thimphu 
11/10/19 19:01, Zhabten for His Majesty the Fourth King Jigme Singye Wangchuck https t co Bcj7Zx5icI , LekeytKhandu , ,83,Thimphu 
11/10/19 18:40, Bhutan Lilly Travels humbly joins the nation in offering our good wishes to His Majesty The Great Fourth Druk Gyalpo Jigme Singye Wangchuck a very happy 64th Birth Anniversary We offer our heartfelt prayers for His Majesty xe2 x80 x99s Great Health and Happiness https t co SdE9oZcLw7 , FlyingBirdTour , ,29,Thimphu 
11/10/19 18:05, On this auspicious occasion of the birth anniversary of His Majesty the Fourth Druk Gyalpo I join the nation in offering my gratitude and humble prayers for His Majesty s good health and long life May your light always guide us , FMBhutan , ,2006,Thimphu 
11/10/19 17:41, Smoked pork Naga Style xe2 x9d xa4 xef xb8 x8f , alinaritabishwa , ,2,Thimphu 
11/10/19 17:20, Still planning your vacation Write us we will help you curve best itinerary https t co HPRKE1ogzP traveltips tours vacation holiday tours safedestination worldtourplan Bhutan wtp bhutantripplanner bhutantravelagency https t co qSt1qfpkAZ , worldtourplan09 , traveltips tours vacation holiday tours safedestination worldtourplan Bhutan wtp bhutantripplanner bhutantravelagency ,199,Thimphu 
11/10/19 17:20, We express our heartfelt gratitude felicitations and prayers for His Majesty s good health happiness and long life 64th Birth Anniversary of the Great Fourth long live your Majesty Babesa Thimphu https t co xMmut7IgAW , MasterTshewang , long live your Majesty ,72,Bhutan 
11/10/19 17:13, Seriously envious of Liverpool fans as Arsenal get stuck in doldrums https t co kZpppLOk8i , jamja79 , Liverpool ,483,Thimphu 
11/10/19 17:07, Watching LEIARS yesterday and LIVMCI today clearly reflects The difference in points table in the game play If Arsenal is to compete at the top level things has to change in big way , pradhan557 , LEIARS LIVMCI ,246,Thimphu 
11/10/19 16:53, oceans 77 What s this , chunjurrinchhen , ,186,Thimphu 
11/10/19 16:41, They want liverpool to win Why even bother helding a competion for 10 months EPLworld FA , phuzinspurs , ,1309,Thimphu 
11/10/19 16:38, EPL is rigged Confirmed , phuzinspurs , ,1309,Thimphu 
11/10/19 16:21, The loveliest line I read today Also the most humbling Of course it could only be Carl Sagan xe2 x80 x99s xe2 x80 x9cOn a mote of dust suspended in a sunbeam xe2 x80 x9d He xe2 x80 x99s describing earth xf0 x9f xa5 xba xf0 x9f x92 x93 , namgayzam , ,20197,Thimphu 
11/10/19 16:13, RaspaPLUSdevi Thank you xf0 x9f x98 x8a , Kenchoo7 , ,301,Paro 
11/10/19 16:00, Festival fever is back Plan your trip to Bhutan so you can join us in the festivities MyBhutanFestival FestivalFever https t co HErRqrMIBu , MyBhutan , Bhutan MyBhutanFestival FestivalFever ,923,Thimphu 
11/10/19 15:35, G2Perkz Yes I was for this one xf0 x9f xa4 xa0 , Kradoukiel , ,85,Thimphu 
11/10/19 15:29, Bhutan is what it is today because of His Majesty King Jigme Singye Wangchuck We pray for the long life and happiness of the Great Fourth on His 64th Birthday xf0 x9f x99 x8f xf0 x9f x8f xbb xf0 x9f x99 x8f xf0 x9f x8f xbb xf0 x9f x99 x8f xf0 x9f x8f xbb xf0 x9f x99 x8f xf0 x9f x8f xbb xf0 x9f x99 x8f xf0 x9f x8f xbb xf0 x9f x99 x8f xf0 x9f x8f xbb xf0 x9f x99 x8f xf0 x9f x8f xbb xf0 x9f x99 x8f xf0 x9f x8f xbb xf0 x9f x99 x8f xf0 x9f x8f xbb xf0 x9f x99 x8f xf0 x9f x8f xbb xf0 x9f x99 x8f xf0 x9f x8f xbb xf0 x9f x99 x8f xf0 x9f x8f xbb xf0 x9f x99 x8f xf0 x9f x8f xbb xf0 x9f x99 x8f xf0 x9f x8f xbb xf0 x9f x99 x8f xf0 x9f x8f xbb xf0 x9f x99 x8f xf0 x9f x8f xbb xf0 x9f x99 x8f xf0 x9f x8f xbb xf0 x9f x99 x8f xf0 x9f x8f xbb xf0 x9f x99 x8f xf0 x9f x8f xbb xf0 x9f x99 x8f xf0 x9f x8f xbb xf0 x9f x99 x8f xf0 x9f x8f xbb xf0 x9f x99 x8f xf0 x9f x8f xbb xf0 x9f x99 x8f xf0 x9f x8f xbb xf0 x9f x99 x8f xf0 x9f x8f xbb xf0 x9f x99 x8f xf0 x9f x8f xbb xf0 x9f x99 x8f xf0 x9f x8f xbb xf0 x9f x99 x8f xf0 x9f x8f xbb xf0 x9f x99 x8f xf0 x9f x8f xbb xf0 x9f x99 x8f xf0 x9f x8f xbb xf0 x9f x99 x8f xf0 x9f x8f xbb xf0 x9f x99 x8f xf0 x9f x8f xbb xf0 x9f x99 x8f xf0 x9f x8f xbb xf0 x9f x99 x8f xf0 x9f x8f xbb xf0 x9f x99 x8f xf0 x9f x8f xbb xf0 x9f x99 x8f xf0 x9f x8f xbb xf0 x9f x99 x8f xf0 x9f x8f xbb xf0 x9f x99 x8f xf0 x9f x8f xbb xf0 x9f x99 x8f xf0 x9f x8f xbb xf0 x9f x99 x8f xf0 x9f x8f xbb xf0 x9f x99 x8f xf0 x9f x8f xbb xf0 x9f x99 x8f xf0 x9f x8f xbb https t co aepRDfiNIh , pem pa , ,304,Thimphu 
11/10/19 15:01, Long Live our Great fourth King Happy birthday Your Majesty https t co 04P4JGZT9e , wangaydorji , ,244,Thimphu 
11/10/19 13:53, EMBRACE UNCERTAINTY SOME OF THE MOST BEAUTIFUL CHAPTERS IN OUR LIVES WON T HAVE A TITLE UNTIL MUCH LATER Thimphu Bhutan https t co Oujk8tyade , MasterTshewang , ,72,Bhutan 
11/10/19 13:39, A teenage King sacrificed alot 4 the love of his country and ppl His Majesty abdicated at the prime age of 51 but future generations will continue to benefit from the foundation laid by the golden reign We have immensely benefitted I remain grateful Happy Birthday your Majesty https t co 6VLTWoydMY , Yarphelki , ,196,Thimphu 
11/10/19 13:39, IMF boss Christine Lagarde urged poor countries in the world to desist from using global consultancy firms to write development strategies xe2 x80 x9cI see many many low income countries and emerging market economies spend https t co dnCcH3fhL6 , dorpen71 , ,1015,Thimphu 
11/10/19 12:00, The incredible GerlindeKaltenbrunner was in Bhutan and I was lucky to bump into her at the airport this morning Gerlinde is an Austrian mountaineer extraordinaire who is the 1st woman to summit 14 eight thousanders without supplementary oxygen Also NatGeo Explorer xf0 x9f x99 x8c xf0 x9f x8f xbc https t co 4DMEHbQQJl , namgayzam , GerlindeKaltenbrunner ,20197,Thimphu 
11/10/19 11:53, Corobizar So cute https t co 0M2dFxm5W0 , Kradoukiel , ,85,Thimphu 
11/10/19 11:31, Pace yourself when passion and enthusiasm triggers your adrena More for Capricorn https t co p6mL9a2MGB , yiwangpindarica , ,6943,Thimphu 
11/10/19 8:55, Here is wishing everyone a beautiful afternoon https t co lHRu80jaog , pem pa , ,304,Thimphu 
11/10/19 8:01, There is no one size fits all method for actualizing your uniq More for Sagittarius https t co FfKav1h4Nc , Tshampa , ,27,Thimphu 
11/10/19 8:01, Finding the perfect vantage point can give extra oomph to your More for Taurus https t co EECfQYA8HL , cixx67 , ,1496,Thimphu 
11/10/19 8:00, It takes patience and a keen eye for detail to sort through th More for Pisces https t co uojyhA9mo8 , LobzangYeshey1 , ,292,Thimphu 
11/10/19 5:11, sometimes it s better to be bad boy Unknown , dorji yenten , ,22,Thimphu 
11/10/19 4:37, Poor countries must stop contracting global consultancy firms IMF boss https t co vgTqVwnso1 , czdorji , ,2191,Thimphu 
11/10/19 3:48, Preparing for the Black necked Crane Festival in Gangtey Phobjikha Bhutan with an early morning visit to the roost blind 52 cranes gracing the valley so far this year xe2 x81 xa6 rspnbhutan xe2 x81 xa9 xe2 x81 xa6 savingcranes xe2 x81 xa9 xe2 x81 xa6 NatGeoExplorers xe2 x81 xa9 https t co 8U0gPeQK1U , davidmhecht , Crane Bhutan valley ,379,Thimphu 
11/10/19 3:07, Today morning at Dedhenphug , RabiDahal , ,1270,Thimphu 
11/10/19 2:55, xe2 x80 x9cWhoever has gratitude will be given more and he or she will have an abundance Have you done your gratitude practice today Paro Bhutan https t co fEW0TlDSEb , MasterTshewang , ,72,Bhutan 
11/9/19 23:59, With Enlightened Beings https t co KSro3eYrz2 https t co AhXCBAXh8D , tsheridorji , ,203,Thimphu 
11/9/19 20:00, The opening session of the 2nd Annual Coordination Meeting ACM of Jigme Singye Wangchuck School of Law Project was graced by HRH Ashi Sonam Dechen Wangchuck The ACM was held at Terma Linca Resort Thimphu on 06 11 19 pc Facebook MyBhutan royalfamily happiness https t co TBgcgiTqjb , MyBhutan , MyBhutan royalfamily happiness ,923,Thimphu 
11/9/19 19:27, Disappointing result from bad to worse Who can save Arsenal xe2 x80 x99s downfall Definitely not Emre , jamja79 , Emre ,483,Thimphu 
11/9/19 19:17, Arsenal Emery out , samphelars , ,172,Thimphu 
11/9/19 19:17, Five is New Lucky xf0 x9f x8d x80 xf0 x9f x99 x8f bhutan fiveisnewlucky bhutanmajestictravel The Pema https t co VWAyh5K44T , bhutan majestic , bhutan fiveisnewlucky bhutanmajestictravel ,1111,Thimphu 
11/9/19 19:13, Emery OUT , samphelars , ,172,Thimphu 
11/9/19 19:01, Just posted a video https t co TRtbbLqJL5 , ChogyalTshering , ,141,Thimphu 
11/9/19 18:59, In Buddha We Trust Bhutan Majestic Travel Welcome to Bhutan xf0 x9f x87 xa7 xf0 x9f x87 xb9 Rick amp Jessie from United Kingdom xf0 x9f x87 xac xf0 x9f x87 xa7 Thank you xf0 x9f x99 x8f for choosing us and we wish you guys have a memorable holiday in Bhutan bhutan inbuddhawetrust xe2 x80 xa6 https t co SFM90pF5y6 , bhutan majestic , bhutan inbuddhawetrust ,1111,Thimphu 
11/9/19 18:50, 1 xe2 xad x90 xef xb8 x8f One of the worst books I xe2 x80 x99ve read this year https t co O4fLa5NY7X , mendharawa , ,1495,Thimphu 
11/9/19 18:29, Stop back passes amp move forward Arsenal , jamja79 , ,483,Thimphu 
11/9/19 18:00, Want to visit Bhutan To browse all industry attractions activities and services and build your unique experience visit https t co Lpf315Av56 MyBhutan MyBhutanDesign MyBhutanExplorer https t co wuvm4tO4sO , MyBhutan , Bhutan MyBhutan MyBhutanDesign MyBhutanExplorer ,923,Thimphu 
11/9/19 17:59, This systematic review with a meta xe2 x80 x90analysis and an IPD meta xe2 x80 x90analysis failed to find a link between schoolbags weighing xe2 x89 xa5 10 of body weight and LBP among schoolchildren aged 9 to 16 Further longitudinal studies https t co dSlm7m8rdn , monutamang , ,316,Thimphu 
11/9/19 17:37, Welcome Dinner at thepemabhutan for Rick amp Jessie from United Kingdom and Kristine amp Myles from United States Thank you xf0 x9f x99 x8f for choosing us amp we wish you guys enjoy have memorable holiday bhutan welcometobhutan welcomedinner touristfromunitedkingdom touristfromunitedstates https t co XQWZ6HSaJx , bhutan majestic , bhutan welcometobhutan welcomedinner touristfromunitedkingdom touristfromunitedstates ,1111,Thimphu 
11/9/19 17:29, Arsenal i demand nothing less than win COYG , jamja79 , COYG ,483,Thimphu 
11/9/19 17:20, Welcome Dinner at thepemabhutan for Rick amp Jessie from United Kingdom xf0 x9f x87 xac xf0 x9f x87 xa7 and Kristine amp Myles from United States xf0 x9f x87 xba xf0 x9f x87 xb8 Thank you for choosing us and we hope you guys enjoy and have memorable holiday bhutan xe2 x80 xa6 https t co IPPwd7Ameh , bhutan majestic , bhutan ,1111,Thimphu 
11/9/19 17:17, Welcome Dinner at thepemabhutan for Rick amp Jessie from United Kingdom xf0 x9f x87 xac xf0 x9f x87 xa7 and Kristine amp Myles from United States xf0 x9f x87 xba xf0 x9f x87 xb8 Thank you for choosing us and we hope you guys enjoy and have memorable holiday bhutan xe2 x80 xa6 https t co nVnZLQF4CK , bhutan majestic , bhutan ,1111,Thimphu 
11/9/19 16:58, SpursOfficial Championship incoming I d love to see that xf0 x9f xa4 xa3 , devbhai25 , ,26,Thimphu 
11/9/19 16:31, tashii chokii Hope things get better soon , Kenchoo7 , ,301,Paro 
11/9/19 16:29, Sorry my bright light confused you all https t co a4lpG7BCSU , ShaTashiDorji , ,893,WangduePhodrang 
11/9/19 16:28, my little bro When u say that u have understand What life n drug is How things work b w friends How Imp urs studies is Do u ever noticed how proud and happy I was Yeah I was until I found out that I was a complete fool n was worring that u might be going through hard time , Kenchoo7 , ,301,Paro 
11/9/19 16:25, The fine dining experience at the Taj Tashi hotel in Thimphu hotel travel https t co 7gFqioLA5s , PeakBhutan , hotel travel ,35,Thimphu 
11/9/19 16:01, Everyone stay safe https t co NeA0kORi8Q , DziJ , ,1581,Thimphu 
11/9/19 15:57, binitashah4 ayushmannk Same , namgayzam , ,20197,Thimphu 
11/9/19 15:47, xe0 xbd xa0 xe0 xbd x91 xe0 xbd xb2 xe0 xbc x8b xe0 xbd x9a xe0 xbd xb4 xe0 xbc x8b xe0 xbd x98 xe0 xbd xb2 xe0 xbc x8b xe0 xbd x84 xe0 xbd xbc xe0 xbc x8b xe0 xbd xa2 xe0 xbe x90 xe0 xbe xb1 xe0 xbd x84 xe0 xbc x8b xe0 xbd xa3 xe0 xbd xb4 xe0 xbc x8b xe0 xbd x91 xe0 xbd x82 xe0 xbd xbc xe0 xbd xa6 xe0 xbc x8b xe0 xbd x98 xe0 xbd x81 xe0 xbd xbc xe0 xbc x8b xe0 xbd xa1 xe0 xbd xbc xe0 xbd x91 xe0 xbc x8b xe0 xbd x94 xe0 xbd xa0 xe0 xbd xb2 xe0 xbc x8b xe0 xbd x93 xe0 xbd x84 xe0 xbc x8b xe0 xbd x91 xe0 xbd xbc xe0 xbd x93 xe0 xbc x8b xe0 xbd x82 xe0 xbd xb2 xe0 xbc x8b xe0 xbd xa6 xe0 xbe x99 xe0 xbd xb2 xe0 xbd x84 xe0 xbc x8b xe0 xbd x94 xe0 xbd xbc xe0 xbc x8d It is necessary for individual to practice inner meaning of value https t co B4oJH38LwJ , euden ma , ,167,Bhutan 
11/9/19 15:37, We are eating more fatty food amp junk at anytime in human history amp when you combine this with sedentary office work you are asking for trouble Doing this for myself amp my 2 young sons Putting it up here on social media so that I add social pressure on myself to stay the course https t co XLIrTqOCfN , TenzingLamsang , ,16488,Thimphu 
11/9/19 15:01, Day 5 20191027 Yaksa to Thongphushong From Yaksa to Thongphushong was moderate hike which took about six hours Although we had to ascend above the tree line for the night s camp it was a wonderful hike with https t co WZQu0G6dTY , pgyamtsho , ,497,Thimphu 
11/9/19 14:23, Happy Birthday Diksha https t co wP0QY3Mu8w , RabiDahal , ,1270,Thimphu 
11/9/19 13:07, Innovation and growth mindset for more wellbeing a four day work week increased productivity by 40 https t co BlToCWrikA , NaglerUNDP , ,1517,Thimphu 
11/9/19 12:40, A festival happening in Bhutan travel festival https t co WnAq9CJvJg , PeakBhutan , travel festival ,35,Thimphu 
11/9/19 12:33, Ribong Art Exhibition https t co EHbklsa8LZ , rinzeydorji , ,2,Thimphu 
11/9/19 12:33, NewsUpdate Bhutan Cricket President Dasho Thinley Wangchuk Dorji and Chief Executive Officer Mr Damber S Gurung is on a 2 Day visit to Gelephu to assess the new ground President and CEO also prayed and planted local grasses on the new clay pitches BhutanCricket ICC https t co JHVCUOmHDy , BhutanCricket , NewsUpdate ,7303,Thimphu 
11/9/19 12:25, The hike up to the tigersnest monastery is quite exhausting Just before reaching the top the path turns into a long set of steps travel https t co T31MNAPnVq , PeakBhutan , tigersnest monastery travel ,35,Thimphu 
11/9/19 12:21, Urgent Notification from ministry of Economic Affaires Royal Government of Bhutan on Fake questionable Modeling Agency in India https t co mnysaZAhfH , gasebtandin , ,2198,Thimphu 
11/9/19 12:17, Ambassador Ruchira Kamboj confirmed that the mega reservoir project of Sunkosh will be implemented through inter governmental IG model source Kuensel Nov 9 2019 xf0 x9f x87 xa7 xf0 x9f x87 xb9 xf0 x9f x87 xae xf0 x9f x87 xb3 , sangaykhandu , ,7662,Thimphu 
11/9/19 12:10, KBaylangdra Tashi Delek Rimpoche May all Sentient Beings benefit , Jagpamelen , ,514,Thimphu 
11/9/19 12:00, Thank you everyone for the birthday wishes , Tshenday , ,7,Thimphu 
11/9/19 11:37, According to the IPCC every pathway to keeping temperature increases under 1 5 deg C includes sustainable forestry as it can reduce the extent of forest conversion to non forest uses and provide renewable timber fiber and biomass https t co za5umkcQ0w , pnamgyel , ,517,Thimphu 
11/9/19 11:31, You are almost inexplicably drawn in the direction of your str More for Capricorn https t co p6mL9a2MGB , yiwangpindarica , ,6943,Thimphu 
11/9/19 10:25, Koka noodle with boiled egg food kokanoodle cooking foods foodie eat https t co KhsrYXaLvT , worldtourplan09 , food kokanoodle cooking foods foodie eat ,199,Thimphu 
11/9/19 9:22, BoB employees today offered labour service at the on going Wangdue Dzong reconstruction site https t co 656aCv8uxX , BankofBhutanltd , ,1056,Thimphu 
11/9/19 8:46, First sexually transmitted dengue case confirmed in Spain https t co p527iVEa7q , LekeytKhandu , ,83,Thimphu 
11/9/19 8:01, Relying strictly on the whims of fate is a risky strategy Whe More for Sagittarius https t co FfKav1h4Nc , Tshampa , ,27,Thimphu 
11/9/19 8:01, Your desire for belonging runs deep today You may be motivate More for Taurus https t co EECfQYA8HL , cixx67 , ,1496,Thimphu 
11/9/19 8:00, Sentimental longings send you on a personal journey into your More for Pisces https t co uojyhA9mo8 , LobzangYeshey1 , ,292,Thimphu 
11/9/19 7:55, You can see houses in small villages like this one but you won t find roads in all of them This is about a 30 minute hike up a steep hill to reach this place isolated village travel https t co EbpXdpJFxr , PeakBhutan , isolated village travel ,35,Thimphu 
11/9/19 7:35, TashiGyeltshen Like we mentioned above la If you submit the air tickets from Bhutan till Europe then we will issue you dollar for sure la , BankofBhutanltd , ,1056,Thimphu 
11/9/19 7:02, Best to way to receive love is to give love xf0 x9f x98 x8d Paro Bhutan https t co lsH50J4Bwa , MasterTshewang , ,72,Bhutan 
11/9/19 6:00, You get result when you work towards to achieve it Paro Bhutan https t co I95bhdOIiJ , MasterTshewang , ,72,Bhutan 
11/9/19 5:10, Although foreigners cannot legally get married in Bhutan it is still a popular place to visit for a honeymoon and even a photoshoot We can arrange a blessing by the monks and your own private photographer wedding travel https t co az7HuUWtuc , PeakBhutan , wedding travel ,35,Thimphu 
11/9/19 4:57, OfficialFPL tammyabraham he has to perform accordingly , TsheringJatsho , ,12,Thimphu 
11/9/19 4:48, TashiGyeltshen If you submit us Paro Delhi Delhi USA ticket before you depart Bhutan we can issue dollars but if you don t have Delhi USA ticket then we cannot la This is as per central bank regulations la Thank you for contacting us , BankofBhutanltd , ,1056,Thimphu 
11/9/19 4:42, ChelseaFC nglkante hope he gets in the score sheet again Best of luck Kante , TsheringJatsho , ,12,Thimphu 
11/9/19 4:35, ycrinzin A radicalized one got no cure The election fever is on no mater what , cringngedup3 , ,49,Thimphu 
11/9/19 3:50, CeeT2013 xf0 x9f x98 xb1 Thank goodness it xe2 x80 x99s been taken down Humans are terrible , namgayzam , ,20197,Thimphu 
11/9/19 3:31, iHeartRadio Louis Tomlinson pepsi ElvisDuranShow Woah That would be like gifting the whole world GiftItFoward ElvisPepsiSweepstakes ElvisDuranShow , 1d choden , GiftItFoward ElvisPepsiSweepstakes ,356,Paro 
11/9/19 3:24, hesdearest medicine1D I wish he would set a tour date for Bhutan as well Which i know is not gonna happen FineLine , 1d choden , FineLine ,356,Paro 
11/9/19 3:17, R3HAB zaynmalik itsjungleboi Release it FlamesIsComing , 1d choden , FlamesIsComing ,356,Paro 
11/9/19 2:41, Two Canadian anthropologists featured the art and photography of Villia Jefremovas and Joachim Voss in the latest issue of Tashi Delek the inflight magazine of Drukair Royal Bhutan Airlines Bhutan Anthropology xe2 x80 xa6 https t co UasTUDTc9d , duptshering6 , Bhutan Anthropology ,429,Bhutan 
11/9/19 2:37, Bhutan really is something special to take photo from above Aerial view Dochula Pass awaytobhutantours awaytobhutan dochulapass dochula bhutan aerialphotography photography photographs shot Dochulla xe2 x80 xa6 https t co O5V5y1nSTT , duptshering6 , awaytobhutantours awaytobhutan dochulapass dochula bhutan aerialphotography photography photographs shot ,429,Bhutan 
11/9/19 2:36, THE KEY TO FEELING GOOD IS TO DECIDE TO STOP FEELING BAD xf0 x9f x99 x8f xf0 x9f x8f xbb xf0 x9f x92 x9b xf0 x9f x99 x8f xf0 x9f x8f xbb Paro Bhutan https t co upjwqzun1w , MasterTshewang , ,72,Bhutan 
11/9/19 2:23, ycrinzin Yes it is easier said than done Literally xf0 x9f xa4 xa3 , npenstar , ,1212,Bhutan 
11/9/19 0:32, gyendhen Oh Ena Let s Cheers xf0 x9f x8d xbb xf0 x9f x8d xbb , Kenchoo7 , ,301,Paro 
11/8/19 22:22, Thank you Rinchen Karma Pelmo of bhutancrochet for sending us these warm beanies for the cold winter Bhutan Toilet Team is loving our brand beanies SDG6 , PaSsu Diary , SDG6 ,5913,Paro 
11/8/19 21:21, khendumdorji CleanBhutan Appreciated , somrikzin , ,39,Paro 
11/8/19 21:21, Happy Birth Day to Yang si Rinpoche New York https t co Cy9ckxOqf8 , Tour4Bhutan , ,73,Paro 
11/8/19 20:00, Check out what our new friend Healey who recently visited us in Bhutan has to say about their experience with MyBhutan MyBhutanReview MyBhutanFeedback MyBhutanFamily https t co El7Y1MvSxn , MyBhutan , MyBhutanReview MyBhutanFeedback MyBhutanFamily ,923,Thimphu 
11/8/19 17:22, Asa Jum Chencho One of the oldest Fourth Generation in Retty Family I pray and wish you Long and Healthy Life xf0 x9f x99 x8f Thimphu Bhutan https t co nSKfW0Z7FO , bhutan majestic , ,1111,Thimphu 
11/8/19 16:23, How the world s toughest one day bike race could put Bhutan ahead https t co MADrjNA6c9 , Tour4Bhutan , ,73,Thimphu 
11/8/19 16:22, Bhutan Spatial Awareness Traditions are cherished in the sacred mountains of Bhutan in happy communion with the https t co vLFRdxZGWN , Tour4Bhutan , ,73,Thimphu 
11/8/19 16:00, Artistic beauty awaits you at every corner in Bhutan Unique and awe inspiring here is one architectural standout that is a must see MyBhutanArt MyBhutanArchitecture Architecture wanderlust adventureseeker doyoutravel travelmore goexplore wonderfulplaces https t co 3BzYXevoqg , MyBhutan , MyBhutanArt MyBhutanArchitecture Architecture wanderlust adventureseeker doyoutravel travelmore goexplore wonderfulplaces ,923,Thimphu 
11/8/19 15:53, Go fly roam travel voyage explore journey discover adventure with TTT Tshering Tours amp Treks your best travel partner in Bhutan Our journey to eastern Bhutan and time to explore the authentic culture with DieZeit group from Germany Travel Bhutan Explore Adventure , passangtsheri , DieZeit Travel Bhutan Explore Adventure ,1779,Thimphu 
11/8/19 15:33, Refresh https t co oNWMaEGkzi , Shachagyeltshen , ,125,Thimphu 
11/8/19 15:18, LOL thats me https t co jeLGeTtA2c , yeszang , ,283,Thimphu 
11/8/19 15:05, A lily in the park in Thimphu travel flower https t co rnnbaA12a0 , PeakBhutan , travel flower ,35,Thimphu 
11/8/19 14:56, kuenzakarma Thank you la , BankofBhutanltd , ,1056,Thimphu 
11/8/19 14:42, passangyt Bhutan has a huge timber reserve of 1 1 billion m3 Timber is a renewable resource The total wood removed is a mere 4 of the annual growth This is not sustainable forestry but locking up the resource We can do better good for environment amp economy https t co kNCVq7cuoz , pnamgyel , ,517,Thimphu 
11/8/19 14:31, superevilmegaco Manhadkhan1 No I don t want autochesss , lee tshering , ,1,Thimphu 
11/8/19 14:30, Expected points for gameweek 12 https t co 0uE2ezhO7R , DeependraKoira5 , ,0,Thimphu 
11/8/19 14:28, All set for gameweek 12 https t co KxHUHKgpuo , DeependraKoira5 , ,0,Thimphu 
11/8/19 14:18, Popularity is addictive Much dangerous than alcohol or drugs Stay safe and enjoy the weekend , JagatAd72667033 , ,2,Thimphu 
11/8/19 13:56, rspnbhutan Do you know about this incredible artistic work done by Jane Mutiny https t co NVOfC6lsL4 https t co fUYm1yIumv , davidmhecht , ,379,Thimphu 
11/8/19 13:53, Jane Mutiny BSMTSPACE Wow this is incredible I have never seen this before thank you for sharing Have you been in touch with rspnbhutan https t co 3rkYICz61o , davidmhecht , ,379,Thimphu 
11/8/19 13:51, thetoonguy the hindu Meet the campaign to support their conservation in Bhutan xf0 x9f x87 xa7 xf0 x9f x87 xb9 This is my all time favorite green humour comic So precisely on target https t co 3rkYICz61o , davidmhecht , Bhutan ,379,Thimphu 
11/8/19 13:49, mr shortwing Beautiful photos I know some of you will be interested in our campaign to support their conservation https t co 3rkYICz61o , davidmhecht , ,379,Thimphu 
11/8/19 13:48, extinctsymbol Save the White bellied Heron in Bhutan https t co 3rkYICz61o , davidmhecht , Bhutan ,379,Thimphu 
11/8/19 13:48, orientbirdclub Save the White bellied Heron https t co 3rkYICz61o , davidmhecht , ,379,Thimphu 
11/8/19 13:47, everybird Beautiful photo Now can you ensure the future of photographing this species by visiting us here https t co 3rkYICz61o , davidmhecht , ,379,Thimphu 
11/8/19 13:46, BirdGuides If you are interested in helping to protect these birds on the brink of extinction please lend your voice and visit us here for more information on how you can help https t co 3rkYICz61o , davidmhecht , ,379,Thimphu 
11/8/19 13:45, moafbhutan Interesting find thank you for sharing If you are interested in working with us to protect the WBH please visit us here https t co 3rkYICz61o , davidmhecht , ,379,Thimphu 
11/8/19 13:12, My friends at iBest are conducting a week long course in graphics design Please join https t co czJ7HQoLAm , creativedonkey , ,89,Thimphu 
11/8/19 12:57, Why only SJK In the land of GNH all the communities be it towns or villages should be build amp operated in line with GNH principles https t co UOXo1uZ5i3 , jamja79 , GNH GNH ,483,Thimphu 
11/8/19 12:35, Some of the diverse flora along the Thimphu River in bhutan travel flower https t co wj4UDZHB83 , PeakBhutan , flora bhutan travel flower ,35,Thimphu 
11/8/19 11:43, Sangaywk Tsirangtoe is a nice place but I hardly know xf0 x9f x98 x82 despite my mom and dad went there for last fifteen years , ChhedupSangay , ,871,Thimphu 
11/8/19 11:31, Your deepest intuition is likely the catalyst for widening you More for Capricorn https t co p6mL9a2MGB , yiwangpindarica , ,6943,Thimphu 
11/8/19 11:20, At Dochu La pass in bhutan you can visit the Druk Wangyel Monastery travel monastery https t co GH098Pw0dJ , PeakBhutan , bhutan travel monastery ,35,Thimphu 
11/8/19 11:08, RaspaPLUSdevi Yes it is Thank you so much , ChhedupSangay , ,871,Thimphu 
11/8/19 9:26, I wonder how I ll face from day after tomorrow https t co oMvV0e1x7L , Kenchoo7 , ,301,Paro 
11/8/19 9:20, No matter how old I get I always expect my dad and mom to bring me a junks whenever they come back to home but now it doesn t apply to them one sided , Kenchoo7 , one ,301,Paro 
11/8/19 8:44, TOIOpinion tech savvy way of dealing with cheques in the 21st Century , sureznel , ,19,Paro 
11/8/19 8:43, TOIOpinion excellent article on transitioning from traditional cheques to digital cheques , sureznel , ,19,Paro 
11/8/19 8:36, Huawei founder RenZhengfei says US sanctions not his toughest crisis ET Telecom https t co kXi3JBTmUa , jamja79 , Huawei RenZhengfei US ,483,Thimphu 
11/8/19 8:36, Vacancy for Specialist Head https t co TcGFym2MiS , moafbhutan , ,371,Thimphu 
11/8/19 8:35, Notice inviting request for proposal https t co pri19BkDrF , moafbhutan , ,371,Thimphu 
11/8/19 8:01, Forward seems like the only direction you know how to move in More for Sagittarius https t co FfKav1h4Nc , Tshampa , ,27,Thimphu 
11/8/19 8:01, Run with your joy and put a long overdue plan into action An More for Taurus https t co EECfQYA8HL , cixx67 , ,1496,Thimphu 
11/8/19 8:00, The expectations of others seem to be anything but pie in the More for Pisces https t co uojyhA9mo8 , LobzangYeshey1 , ,292,Thimphu 
11/8/19 7:45, Moment capture at Mongar Hospital The beauty of asthetic Bhutanese environment to cherish , nangseld123 , ,5,Thimphu 
11/8/19 7:25, Out of Ordinary https t co t31iyAaQO4 , Shachagyeltshen , ,125,Thimphu 
11/8/19 7:17, Lungdha for shinpo Om words should be attached towards the tree It ll benefit the shinpo Farewell Rest in peace https t co RElO6fcldb , Kenchoo7 , ,301,Paro 
11/8/19 6:54, These are autism sings in children xf0 x9f x94 xbbDifficulties amp delays in early development xf0 x9f x94 xbbDifficulty with verbal amp non verbal communication xf0 x9f x94 xbbDifficulty with social interaction xf0 x9f x94 xbbRepetitive behaviours WHO https t co bCdQsxAE5X , gasebtandin , ,2198,Thimphu 
11/8/19 6:53, New blood test could detect breast cancer five years before symptoms arise research finds The Scotsman https t co sm7KgQRFrl , gasebtandin , ,2198,Thimphu 
11/8/19 5:47, I found a friend xf0 x9f xa4 xaa xf0 x9f xa4 xaa , sonamtenzin244 , ,515,Thimphu 
11/8/19 5:26, Moody s cuts India s outlook to negative on mounting growth risks https t co qif5fUsV1g , jamja79 , Moody India negative ,483,Thimphu 
11/8/19 4:20, A stupa at the top of a small hill covered in prayer flags hill travel bhutan https t co ammnpO4aRQ , PeakBhutan , hill travel bhutan ,35,Thimphu 
11/8/19 3:24, GaryJCahill Once a blue always blue Bro you have to keep this on your mind We know your heart is still with blue , TsheringJatsho , ,12,Thimphu 
11/8/19 3:19, See cheychey rigzeol v the dog is going to somewhere to sumbody or coming from somewhere to some1 hahhahah xf0 x9f x90 x95 xf0 x9f x90 xb6 xf0 x9f x92 x99 xf0 x9f x92 x99 xf0 x9f x92 x99 Bhutan Land of Thunder Dragon https t co fVIogxkI6e , Dorjin505 , ,149, 
11/8/19 2:39, Have a great day ahead my friends xf0 x9f x92 x9b xf0 x9f x92 x9b xf0 x9f x92 x9b Babesa Thimphu https t co 1rslrJAmpu , MasterTshewang , ,72,Bhutan 
11/8/19 2:38, takeielts Found , ChadoLingpa , ,6,Thimphu 
11/8/19 2:20, During the rafting trip on the Mo Chhu River in bhutan you get a bit of time to simply relax the Po Chhu river is a different experience however rafting travel https t co nAJbNgP2BS , PeakBhutan , bhutan relax rafting travel ,35,Thimphu 
11/8/19 2:19, xe2 x80 x9cWe xe2 x80 x99re sad that we can xe2 x80 x99t do the same for those in the private sector xe2 x80 x9d HPM We are sad that sustaining business had been difficult for past one year PS , jigmethinley , ,678,Thimphu 
11/8/19 1:53, THE BEST WAY TO CHEER YOURSELF UP IS TO CHEER SOMEBODY ELSE UP Babesa Thimphu https t co MNPyQQkd5f , MasterTshewang , ,72,Bhutan 
11/8/19 0:18, Goal Nepal Really , cringngedup3 , ,49,Bhutan 
11/7/19 19:16, National Memorial Chorten Thimphu bhutan religious Blessed xf0 x9f x99 x8f xf0 x9f x99 x8f xf0 x9f x99 x8f https t co xpNeHR8vqZ , iamYoeser , bhutan religious ,391,Thimphu 
11/7/19 19:13, kinkykiedis JamesBlunt He s being funny he didn t block anyone , devbhai25 , ,26,Thimphu 
11/7/19 18:11, AchuKhegpa passangyt Then why are we talking about changing laws They want to start property tax Wealth tax Inheritance tax xf0 x9f x98 x82 , ChhedupSangay , ,871,Thimphu 
11/7/19 17:20, that chilip Whew xf0 x9f x95 xba xf0 x9f x8f xbb xf0 x9f xa4 xb8 xf0 x9f x8f xbb xe2 x80 x8d xe2 x99 x82 xef xb8 x8f , tsnamgyal , ,21,Thimphu 
11/7/19 17:07, HOME SWEET HOME Mid pleasures and palaces though we may roam Be it ever so humble there s no place like home A charm from the skies seems to hallow us there Which seek thro the world is ne er met elsewhere https t co 9h9PkGa7U1 , creativedonkey , ,89,Thimphu 
11/7/19 16:45, What do you get when you put a rooster behind a sleeping cat Perhaps you are anxious about what might happen but the cat seemed to pay no attention to the situation https t co YcfMFFI0Id , PeakBhutan , rooster cat ,35,Thimphu 
11/7/19 16:00, Planning a vacation soon Here xe2 x80 x99s something to keep in mind Pick up more Bhutan travel tips here https t co PwjIZANqPQ Have you previously been to Bhutan Leave your own tips below https t co QYtANWrvjC , MyBhutan , vacation Bhutan ,923,Thimphu 
11/7/19 15:42, passangyt AchuKhegpa Exactly I heard one FDI company dissolved as soon as tax holiday period was over xf0 x9f x98 x82 , ChhedupSangay , ,871,Thimphu 
11/7/19 15:35, passangyt AchuKhegpa The government also says they need to change the Mining Laws High time And I would like to first see their proposal before going to the Parliament , ChhedupSangay , ,871,Thimphu 
11/7/19 15:34, passangyt AchuKhegpa Well we have tax holiday for new investment no passangyt , ChhedupSangay , ,871,Thimphu 
11/7/19 15:33, passangyt AchuKhegpa Not sure if we have progressive taxation of course I say it without facts and figures What I m saying is we really need to study find the problems understand the situation and then apply correct solution Afraid they might change the policy without any review , ChhedupSangay , ,871,Thimphu 
11/7/19 15:24, Narrow is the right description Indian Embassy Golf Club Thimphu https t co MZlxMQRhRD , bhutan majestic , ,1111,Thimphu 
11/7/19 15:22, Awesome feeling after beautiful FINISH bhutan passionflrgolf golfingho golfinbhutan bhutanmajestictravel Indian Embassy Thimphu Bhutan https t co CS429bs84K , bhutan majestic , bhutan passionflrgolf golfingho golfinbhutan bhutanmajestictravel ,1111,Thimphu 
11/7/19 15:19, Iron shot in Traditional Bhutanese Men Dress GHO bhutan golfingho mennationaldress bhutanmajestictravel passionforgolf Indian Embassy Golf Club Thimphu https t co AnuHjrEiBJ , bhutan majestic , bhutan golfingho mennationaldress bhutanmajestictravel passionforgolf ,1111,Thimphu 
11/7/19 15:16, Coinciding with Thursday Special amp Dechenphug Annual Festival long waited dream come true trying out beautiful game of Golf in Traditional Bhutanese Men Dress At first it was little uncomfortable but after xe2 x80 xa6 https t co 5AphQDdVyD , bhutan majestic , ,1111,Thimphu 
11/7/19 14:49, Thank you guys for the wonderful compliment Here is the BNB ad we worked on if you haven t watched yet https t co kVcx4Tu88G , creativedonkey , ,89,Thimphu 
11/7/19 14:13, xe2 x80 x98As I complete 1 year in office I wish to congratulate all of us for all that we have achieved together and extend my best wishes for the success of all our future endeavors Thank you all for your unwavering dedication team work and hard work invested in making a successful year https t co VUdyTPR7as , FMBhutan , ,2006,Thimphu 
11/7/19 13:55, If you are creative and passionate about graphics here is a chance to enhance your skills and take your creativity to next level https t co 29TD3fLJIt , pgyamtsho , ,497,Thimphu 
11/7/19 13:10, Do you know any young who knows how to cut hair I want to help him set up a shop on Azha Pasa and have him give hair cutting service by going to the customers home It can be group of such boys or girls as well , bjobganchu , ,1099,Thimphu 
11/7/19 13:00, Thursday Special Blessings coincided with Annual Dechenphug Tshechu Festival for the well being of All Sentient Beings Ap Gaynyen blessed 2019 very well and prayed for another successful 2020 to come Palden xe2 x80 xa6 https t co Rx9kSDsQB8 , bhutan majestic , ,1111,Thimphu 
11/7/19 12:30, I took this photo in 2010 and I still use it today as my phone screensaver photograph travel https t co w6NRpYfQZV , PeakBhutan , phone screensaver photograph travel ,35,Thimphu 
11/7/19 11:31, The idea that you can stay an arm xe2 x80 x99s length away from controver More for Capricorn https t co p6mL9a2MGB , yiwangpindarica , ,6943,Thimphu 
11/7/19 9:35, Some wooden bowls being prepared Here the worker is melting some sort of adhesive to the bottom so the bowl sticks on the lathe woodworking travel https t co vRW3keZEXe , PeakBhutan , wooden woodworking travel ,35,Thimphu 
11/7/19 9:05, An artist who paints like the wind https t co 9rphKPvkjn https t co QhOgoNPFq1 , business bhutan , ,9141,Thimphu 
11/7/19 8:56, All industries in P ling to be relocated to Pekarzhing https t co twKgJdbiGD https t co 4dwWKi0WjW , business bhutan , ,9141,Thimphu 
11/7/19 8:54, Zhemgang added to local cultural inventory https t co b9UEVrlbWt https t co ishUHfxJmK , business bhutan , ,9141,Thimphu 
11/7/19 8:51, GoMonster with your pics with the new Galaxy M30s xf0 x9f x98 x8d Available from all TashiCell Customer Care Centers across the country bhutan Samsung GalaxyM30s https t co 9tIUeCVzfP , TashiCell , GoMonster bhutan Samsung GalaxyM30s ,1606,Thimphu 
11/7/19 8:44, Laya reaps huge benefits from tourism https t co 0GyGD5xEXo https t co BukxWsAQMs , business bhutan , ,9141,Thimphu 
11/7/19 8:40, Govt to spend Nu 8 126mn for national vegetable program https t co GpcRytpIAd https t co XPflhE1gnX , business bhutan , ,9141,Thimphu 
11/7/19 8:01, Indulge a craving for redecorating that only a little work aro More for Sagittarius https t co FfKav1h4Nc , Tshampa , ,27,Thimphu 
11/7/19 8:01, Rapport with a dear friend or loved one may go through some un More for Taurus https t co EECfQYA8HL , cixx67 , ,1496,Thimphu 
11/7/19 8:00, Your psychic radar is off the charts today making it tricky t More for Pisces https t co uojyhA9mo8 , LobzangYeshey1 , ,292,Thimphu 
11/7/19 7:30, When you do a trek in Bhutan you get an entire support team to go along with you carrying the camping equipment pony travel https t co snxE5bc5Aa , PeakBhutan , trek pony travel ,35,Thimphu 
11/7/19 6:47, I don t understand people People don t get anything out of it but everyone is talking and sharing pictures on social media of the two Indian celebrities traveling in Bhutan Nobody is talking about Azha Pasa a lot https t co YhozpZcU8F , bjobganchu , ,1099,Thimphu 
11/7/19 5:57, The RNR Newsletter Vol VII Issue no XVI https t co un7tpcRJuh https t co pxvZeCPnA7 , moafbhutan , ,371,Thimphu 
11/7/19 5:45, One of the many roadside waterfalls you find in Bhutan There are more of these during summer but you can find them all year around travel https t co sJR30UGtov , PeakBhutan , waterfalls travel ,35,Thimphu 
11/7/19 5:04, manjushreethapa binsija But I can xe2 x80 x99t take my eyes off of the rich golden avocado xf0 x9f x98 x8d , namgayzam , ,20197,Thimphu 
11/7/19 4:56, Zangthiy village gets empty https t co ODt0ec4gM6 https t co 2pGgtyoK8Q , business bhutan , ,9141,Thimphu 
11/7/19 4:51, Going organic a far cry from the 2020 vision https t co fsMu6sRfiq https t co rlduI6PV32 , business bhutan , ,9141,Thimphu 
11/7/19 4:47, Electric fencing holds hope against crop depredation in Zungye https t co aE89bexKn9 https t co S7BAKgFc53 , business bhutan , ,9141,Thimphu 
11/7/19 4:44, State of the art eye care centre inaugurated https t co z5zNzcpUpL https t co 9vlcfDsjBm , business bhutan , ,9141,Thimphu 
11/7/19 4:36, Shortlisted Candidates For The Post Of Messenger And Driver https t co hjmxsnlLVK , electionbhutan , ,4740,Thimphu 
11/7/19 4:07, Tender for Construction of Takin Translocation Facility https t co uRTDRwEKxB , moafbhutan , ,371,Thimphu 
11/7/19 3:43, Savely drop all the 50 pax students from Delhi Public School in Bagdora It was great memories nwith you all and i will be missing you all Please visit Bhutan again , yeshilhendup59 , ,14,Thimphu 
11/7/19 2:52, Tshering046 Quietens the mind Thank you , sangaykhandu , ,7662,Thimphu 
11/7/19 2:49, Sangaywk BBSBhutan Most times news report hurriedly xe2 x80 x98declare xe2 x80 x99 any project a success and a great help to beneficiaries in this case even getting the math wrong But with criticism like these pointing to stark shortcomings let us hope these poor reporting habits change for the better , sangaykhandu , ,7662,Thimphu 
11/7/19 2:01, I hope one day the those short sentences that I post daily on twitter make me a English gurugi xf0 x9f x98 x8a , Kenchoo7 , ,301,Paro 
11/7/19 1:57, Tashiy92 It s okay until it doesn t harm you n the other person , Kenchoo7 , ,301,Paro 
11/7/19 1:31, WC187 EASPORTSFIFA its everywhere around the world right now i crashed mid game and i was doing objectives such a shit company with billions of dollars , chunjurrinchhen , ,186,Thimphu 
11/7/19 1:28, jet sparkie999 EASPORTSFIFA EA is a multi billion dollar company they can afford it but instead its all going in the pockets of the senior officials , chunjurrinchhen , ,186,Thimphu 
11/7/19 1:27, EDGARNAVARROV EASPORTSFIFA all around the world bro , chunjurrinchhen , ,186,Thimphu 
11/7/19 1:26, MiTz48955404 EASPORTSFIFA yea and they dont even honor us ang give us the objective rewards that we completed Such a shitty company , chunjurrinchhen , ,186,Thimphu 
11/7/19 1:24, fj b10 EASPORTSFIFA 11 83rated overall for 81 2 players , chunjurrinchhen , ,186,Thimphu 
11/6/19 19:47, This massive statue of Shakyamuni measures in at a height of 51 5 m making it one of the largest statues of Buddha in the world https t co 7szJ1eezpy , yelhabhutan , ,102,Bhutan 
11/6/19 15:07, We spend 1000s of xf0 x9f x92 xb0 to explore other places 1000s of seconds to reach there n Yes we work really hard to accumulate those time and xf0 x9f x92 xb0 But ve we ever admire those little things that r on our way Or Ve we ever explore those little place found within ur home No we r just busy xf0 x9f x98 x81 https t co vVEHqTArVS , Kenchoo7 , ,301,Paro 
11/6/19 14:49, tserim8 DoctorRakRok Oh Ena but She had already believed that , Kenchoo7 , ,301,Paro 
11/6/19 14:21, Not a parody account https t co nOstZQVxjj , yogeshdahal , ,195,Thimphu 
11/6/19 12:15, monks playing on a rainyday travel bhutan https t co oq1nrfPNrm , PeakBhutan , monks rainyday travel bhutan ,35,Thimphu 
11/6/19 12:06, Anushka Sharma And Virat Kohli Go Unrecognised On Bhutan Vacation We Live For Such Moments https t co k3iipJVDoi , Tour4Bhutan , ,73,Thimphu 
11/6/19 11:31, A turnaround stirs up a few surprises today but that does not More for Capricorn https t co p6mL9a2MGB , yiwangpindarica , ,6943,Thimphu 
11/6/19 11:22, FRAUD ALERT Please share and help the UN in Bhutan spread the word https t co 83fbcj9b3H , unbhutan , ,1253,Thimphu 
11/6/19 10:51, VACANCY ANNOUNCEMENT https t co N9YSjbL2EC , umsb123 , ,43,Thimphu 
11/6/19 10:17, First Wind Turbine generating 600kV clean energy https t co jgXAkGGgZx , csophpa , ,21,Wangduephodrang 
11/6/19 10:14, Statistics on dairy animal population amp production 2014 xe2 x80 x93 2018 https t co PCkwt4RsIn , moafbhutan , ,371,Thimphu 
11/6/19 10:14, Air Ticket Quotation https t co pbABRdgZEn , moafbhutan , ,371,Thimphu 
11/6/19 10:13, The Ministry of Agriculture and Forests congratulates and welcomes the new Chief of the RNR Statistics Division Directorate Services Mr Tobden Tobden https t co 0un5a28tKd https t co XzEHcHckfO , moafbhutan , ,371,Thimphu 
11/6/19 10:01, Catch a clear vision for where you want to go https t co ej2gLdILjE , rwangchuk88 , ,38,Paro 
11/6/19 9:02, The 11th Border District Coordination Meeting BDCM between the State Government of Assam GoI and the Royal Government of Bhutan took place in Thimphu today This institutional mechanism provides an opportunity to both sides to discuss and resolve ground level issues https t co ePTiMwa6kJ , Indiainbhutan , ,7434,Thimphu 
11/6/19 8:48, travelling to Phobjikha , Shachagyeltshen , ,125,Thimphu 
11/6/19 8:01, Nostalgia is stimulated by sights scents and sounds that cli More for Sagittarius https t co FfKav1h4Nc , Tshampa , ,27,Thimphu 
11/6/19 8:01, Putting your best foot forward today can be as easy as updatin More for Taurus https t co EECfQYixQd , cixx67 , ,1496,Thimphu 
11/6/19 8:00, Your mature awareness of responsibilities and obligations keep More for Pisces https t co uojyhAqXMI , LobzangYeshey1 , ,292,Thimphu 
11/6/19 7:10, The mountain scenery along the Laya Gasa trek in bhutan travel mountains hiking https t co wIg5GKyUdX , PeakBhutan , trek bhutan travel mountains hiking ,35,Thimphu 
11/6/19 6:37, pemanadik Any idea la Bhutan isn xe2 x80 x99t in the list yet Only 86 countries are included , cringngedup3 , ,49,Thimphu 
11/6/19 6:17, HAVE YOU HAD A PAP SMEAR DONE THIS YEAR BhutanCancerSociety CervicalScreening https t co ASyFHahHYy , gasebtandin , BhutanCancerSociety CervicalScreening ,2198,Thimphu 
11/6/19 6:13, UNDP Bhutan AzusaKubota NaglerUNDP ChimiRinzin19 tashichodenundp BhutanLaw BhutanMoea ADCinBhutan BhutanChamber NABhutan NCBBhutan An important support and appreciated xf0 x9f x91 x8b , sangaykhandu , ,7662,Thimphu 
11/6/19 6:08, For kathmandutour contact us https t co kvZPpWzqvH Nepal travel travelling visitkathmandu Tours tourism , worldtourplan09 , kathmandutour Nepal travel travelling visitkathmandu Tours tourism ,199,Thimphu 
11/6/19 5:02, Gasa to Laya GC road to be complete by 2022 https t co wWYIfRm9E4 https t co Fqj93VP22I , business bhutan , ,9141,Thimphu 
11/6/19 4:57, RSSC receives Nu 300 000 for senior citizens https t co c0EZg45RzW https t co 54r1Gbz5Cf , business bhutan , ,9141,Thimphu 
11/6/19 4:54, 81 of Bhutanese youth with basic secondary skills to complete school by 2030 https t co 7tuaap2lzI https t co W8gHhUo7vV , business bhutan , ,9141,Thimphu 
11/6/19 4:53, Now this is interesting https t co aIFCw9YqnJ https t co aIFCw9YqnJ , monutamang , ,316,Thimphu 
11/6/19 4:52, Annual Examination 2019 https t co hMCv5hQalF https t co xeGgB0e1ji , Lamgongmss , ,1,Paro 
11/6/19 4:51, Ambassador Pema Choden talks on growing ties between Bhutan and UK https t co OZdVDsK3kX https t co zIHjusQiaO , business bhutan , ,9141,Thimphu 
11/6/19 4:47, Green coloured number plates introduced for electric vehicles https t co sfSdJhG9RQ https t co YOZ6SsQA18 , business bhutan , ,9141,Thimphu 
11/6/19 4:44, Editorial Our Views amp Perspectives Gratitude for The King xe2 x80 x99s reign https t co 9I9vZmrjoV , business bhutan , ,9141,Thimphu 
11/6/19 4:22, Virat Anushka ring in his 31st birthday in Bhutan here xe2 x80 x99s why you should visit the country The Indian Express https t co fCz7qM1xRa , gasebtandin , Bhutan ,2198,Thimphu 
11/6/19 4:19, This is how you can control high blood pressure WHO https t co H2ufLO1hBy , gasebtandin , ,2198,Thimphu 
11/6/19 4:14, Art of Negotiation Creating WIN WIN WIN outcome Register now iedbhutan https t co h0Z1VFlPHJ , iedbhutan , iedbhutan ,23,Thimphu 
11/6/19 4:10, A photograph of the Paro airport the Paro Dzong fortress and the watch tower above You can see the variety of weather going on with sunny where I am but rain in the back https t co RkP8DWUBV7 , PeakBhutan , airport fortress sunny rain ,35,Thimphu 
11/6/19 4:07, We have released a new version of MyTashiCell App in both Google Play Store amp Apple App Store xf0 x9f x99 x86 xe2 x80 x8d xe2 x99 x82 xef xb8 x8f xf0 x9f x99 x86 xe2 x80 x8d xe2 x99 x80 xef xb8 x8f Do download it amp enjoy 5 bonus on every recharge through the app Together towards a digital Bhutan Bhutan Digital https t co zPcppSIaOh , TashiCell , Bhutan Digital ,1606,Thimphu 
11/6/19 4:06, JLincStine deirdremaeve FreshwaterSoc surlybrewing carrieellenjen JenWenKad Nice 1 , JambayJax , ,25,Thimphu 
11/6/19 3:54, A motherhood is greatest gift from God A mother reflects the image and likenss of motherhood of God https t co t5yXV1p0m0 , imBikashstephen , ,39,Thimphu 
11/6/19 3:53, One UN panel discussion with BBS on working towards achieving SDGs by 2020 before the regional target of 2030 Watch the full discussion on https t co 3Y6ijlaFrj via YouTube , unbhutan , ,1253,Thimphu 
11/6/19 3:28, The maths of village economy Samcholing Green Tea Cooperative has 28 members The green tea yield is increasing every year Each member is able to produce a minimum of 20 packets of green tea One packet fetches Nu 150 Nu 150 20 Nu 3000 https t co molZKBArV4 , dorpen71 , ,1015,Thimphu 
11/6/19 2:45, This experience by Anushka Sharma and Virat Kohli is also what we mean by High Value Low Volume Exclusive Tourism policy and practice of the Kjngdom of Bhutan we humbly thank the celebrity couple for visiting xe2 x80 xa6 https t co XSo2YDYrZH , tourismbhutan , ,9957,Thimphu 
11/6/19 2:43, xe2 x80 x9cYour Birthday is a day I treasure though you xe2 x80 x99re no longer here It reminds me of such happy times that in heart I hold so dear Even though I feel so sad that you have gone away you always wished my son was born xe2 x80 xa6 https t co ukwhMouYZE , lhakidolma , ,1225,Thimphu 
11/6/19 1:44, Another hilarious AD for BNB that I and team Creative Donkey had the pleasure of working for Please do watch and share if you think it is worth xf0 x9f x98 x82 https t co hXCIDP8hCX , creativedonkey , ,89,Thimphu 
11/6/19 0:50, Hi when trees are red I am just getting into the world of Tweeting here I come now Hi https t co x45z8R9f4F , JambayJax , ,25,Thimphu 
11/6/19 0:29, Perhaps the first article on medium by a Bhutanese Tashi Delek la Well written I do my bit with Aussies And as critical as we are of GNH I remain grateful to our Monarchs for a very bold vision everytime I share stories of Bhutan Thanks to our age old wisdom traditions https t co ODdlU6xXzV , tsheringdorG , GNH Bhutan ,548,Thimphu 
11/6/19 0:19, xe2 x80 x9cHypocrisy is the homage vice pays to virtue xe2 x80 x9d Francois de La Rochefoucauld 17th century , dorpen71 , ,1015,Thimphu 
11/6/19 0:04, Random kindness or low key affairs Thank you for appreciating the elegance of Bhutan xf0 x9f x99 x8f I feel it has something to do with our age old non theistic traditions of not looking for some God outside but looking at the potential Buddha within each mind even in an insignificant ant https t co y6GLz9B1PN , tsheringdorG , Bhutan ,548,Thimphu 
11/5/19 23:45, A talk on the shining legacy of Tertoen Pema Lingpa by Pawo There is also the book Life and revelations of Tertoen Pema Lingpa by Sarah Harding Amazing how it connects Bhutan to Guru Padmasambhava 3 brothers and present day Boudhanath xf0 x9f x99 x8f xf0 x9f x99 x8f xf0 x9f x99 x8f https t co MOR9VJN6VL , tsheringdorG , ,548,Thimphu 
11/5/19 20:21, I used to work 12 14 hours a day Now I work 5 6 hours Fuck Need to get back on track , bjobganchu , ,1099,Thimphu 
11/5/19 19:28, Alyssa Milano Why are religious people always funny , devbhai25 , ,26,Thimphu 
11/5/19 19:25, SHANE DAWSON X JEFFREE STAR CONSPIRACY COLLECTION WORTH THE MONEY https t co PzXIAz2ZeR via YouTube Roxxsaurus , bdorji , ,61,Thimphu 
11/5/19 18:11, Sicario 2 This time in real https t co 6f61f4EQPd , sandeeps13 , ,274,Thimphu 
11/5/19 18:00, It is Autumn in Bhutan This is a beautiful season to visit Season Bhutan MyBhutan https t co FjFbPaYS6A , MyBhutan , Bhutan Season Bhutan MyBhutan ,923,Thimphu 
11/5/19 16:35, The National Memorial Chorten in bhutan has a lot of illumination at night It is very fascinating to hang around this area during sunset to see a wide variety of color photography https t co uRsFpjlo7u , PeakBhutan , bhutan color photography ,35,Thimphu 
11/5/19 16:15, DoctorRakRok Yeah she told me that For almost 1 year she shouldn t be doing any farm work or lift heavy things , Kenchoo7 , ,301,Paro 
11/5/19 16:14, Wishing Virat Kohli a very Happy Birthday in Bhutan HappyBirthdayViratKohli viratkohli anushkasharma happybirthdayvirat indiancricket https t co MhkNf4SRYc , gasebtandin , Bhutan HappyBirthdayViratKohli viratkohli anushkasharma happybirthdayvirat indiancricket ,2198,Thimphu 
11/5/19 16:00, MyBhutan s senior guide Gembo is featured by Greenloons an international travel company that provides ecotourism travel experiences around the world Read more here https t co FMBePQbwR6 https t co gikqDsRPKH , MyBhutan , ,923,Thimphu 
11/5/19 15:30, I was having a conversation with a women who had pterygium xf0 x9f x91 xa9 my doctor told me to do surgery but I refused Me y xf0 x9f x91 xa9 coz if I do surgery I have to stay home for 1 yr without doing any work And if I stay at home who ll feed my grandsons n granddaughter it made me miss my xf0 x9f x91 xb4 , Kenchoo7 , it ,301,Paro 
11/5/19 15:21, Drugs don xe2 x80 x99t love you but takes you away from people that do https t co QkESF11VBs , gasebtandin , ,2198,Thimphu 
11/5/19 15:08, AnushkaSharma Happy birthday to Virat Best wishes from Bhutan , cringngedup3 , ,49,Thimphu 
11/5/19 14:37, xe2 x80 x9cThe future belongs to those who believe in the xc2 xa0beauty of xc2 xa0their dreams xe2 x80 x9d xe2 x80 x93 Eleanor Roosevelt Photo wangcha https t co 2N9bZWSD1O , insidebhutan , ,726,Thimphu 
11/5/19 14:25, goalstv3 for CHEAJA live https t co 3d6nLkBGl0 , devbhai25 , CHEAJA ,26,Thimphu 
11/5/19 14:22, imVkohli Thank you for visiting our beautiful country Best wishes to you and AnushkaSharma xf0 x9f x99 x8f , tenzinbhutan , ,120,Thimphu 
11/5/19 14:07, TRKarbaGhallay Very very true , sonamtenzin244 , ,515,Thimphu 
11/5/19 13:50, You might think of Bhutan being mountainous and cold but the Punakha valley is warm enough to support some unexpected creatures On this day the temperature was maybe 32 Celsius lizard somelikeithot reptiles travel https t co zNpDEfrkPZ , PeakBhutan , Bhutan lizard somelikeithot reptiles travel ,35,Thimphu 
11/5/19 13:02, That was fast https t co Nf1qZiy9Xu , kuengdukebullet , ,30,Thimphu 
11/5/19 12:51, After a colleagues house warming party xf0 x9f xa5 xb3 Those rare times I get to enjoy my life at the fullest xf0 x9f x8e x83 housewarming colleagues officelife https t co 2vNJQM9p2Q , sonamtenzin244 , housewarming colleagues officelife ,515,Thimphu 
11/5/19 12:11, In the past people living in the upper parts of village bordering the forests made their living from hunting people living in the lower village bordering rivers made their livelihood from fishing the majority of the people living in the https t co ntU4TcrnWN , dorpen71 , ,1015,Thimphu 
11/5/19 11:31, Although you may be tempted it goes against your grain to lea More for Capricorn https t co p6mL9a2MGB , yiwangpindarica , ,6943,Thimphu 
11/5/19 11:05, One of the ricefields flooded during the summer growing season Bhutan travel rice https t co Ll8V7QarN7 , PeakBhutan , ricefields Bhutan travel rice ,35,Thimphu 
11/5/19 10:47, indranilmandal Beats me , TenzingLamsang , ,16488,Thimphu 
11/5/19 10:36, AnushkaSharma Welcome to Bhutan enjoy your stay , cringngedup3 , ,49,Thimphu 
11/5/19 10:12, Some of the skills we can use , bjobganchu , ,1099,Thimphu 
11/5/19 10:10, Between the mountains in bhutan you will find rice fields travel https t co 9EXCJt2emq , PeakBhutan , bhutan rice travel ,35,Thimphu 
11/5/19 10:06, Cisco puts end to employee performance ratings ET Telecom https t co 9QpyywhFFg , jamja79 , Cisco employee ,483,Thimphu 
11/5/19 10:01, youneshh Don t worry bro Chelsea players will never put in this situation , TsheringJatsho , ,12,Thimphu 
11/5/19 9:30, Video game addict is found slumped dead on his computer in Thailand https t co 2abq6XNG5M via MailOnline Reminder For Bhutanese gamers and parents xe2 x98 xa0 xef xb8 x8f xe2 x98 xa0 xef xb8 x8f xe2 x98 xa0 xef xb8 x8f , DziJ , ,1581,Thimphu 
11/5/19 9:18, 20 extension agents from GEF project areas of Wangdue Tsirang Haa Paro Punakha and Thimphu attended a training xe2 x80 x98Capacity enhancement on Dairy Post Production Technologies Farm To Table xe2 x80 x99 with theory amp hands on practical production of yogurt paneer rasgulla and mozzarella https t co bvVLUAMVyy , moafbhutan , ,371,Thimphu 
11/5/19 9:07, Selected Candidates for Chief Forestry Officer https t co cFUVo5tKvm , moafbhutan , ,371,Thimphu 
11/5/19 9:06, The 4th National Codex Committee meeting was held on 31 October to endorse the revised Codex Procedural Manual for Bhutan and get the approval for formulation of 11 technical regulations for prioritised food and agricultural commodities https t co HRyeBDwX3i https t co lFCB8W6z6k , moafbhutan , ,371,Thimphu 
11/5/19 9:03, Two White bellied Herons were sighted at Dagachhu Hydro Power dam site on October 22 when a team comprising of officials from Dagana Forest Division and DHPC visited the dam site at Gewthang under Kana gewog for inspection of sand deposit https t co xjWDwPxexb https t co DDxWjrKOAG , moafbhutan , ,371,Thimphu 
11/5/19 9:00, Short clip on Food Safety Culture in Bhutan online https t co QtJYvz0TqM , moafbhutan , ,371,Thimphu 
11/5/19 8:59, Invitation for Expression of Interest https t co zpfR65V25W , moafbhutan , ,371,Thimphu 
11/5/19 8:58, Winter Timing This is to inform all that the winter timing for civil servants will be observed from November 1 to February 28 Accordingly the office time will be from 9 am 4 pm https t co 4SaJBKw7d6 , moafbhutan , ,371,Thimphu 
11/5/19 8:57, fumblypd namgayzam Ofcourse not xe2 x80 x98all xe2 x80 x99 policy interventions go through the rigour of the process and even with the process the composition of group that that weighs the policy has not received attention in fact policy formulation itself is only beginning to gain traction as a topic of discussion , sangaykhandu , ,7662,Thimphu 
11/5/19 8:52, fumblypd namgayzam Looks correct You might want to look up policy formulation protocol document that GNHC uploaded on their website Outlines the process in more detail Good work xf0 x9f x91 x8d , sangaykhandu , ,7662,Thimphu 
11/5/19 8:01, Promote your best ideas today and be ready to put your money w More for Sagittarius https t co FfKav1h4Nc , Tshampa , ,27,Thimphu 
11/5/19 8:01, All the raw materials needed to make a desired improvement are More for Taurus https t co EECfQYA8HL , cixx67 , ,1496,Thimphu 
11/5/19 8:00, Your daily affairs might be hectic but each nutritious delic More for Pisces https t co uojyhA9mo8 , LobzangYeshey1 , ,292,Thimphu 
11/5/19 7:59, So great to have GJosephRoche come and speak to anthropology students at RTC Bhutan today RoyalThimphuCollege https t co J9ZbsmaFe6 , Dolro , RoyalThimphuCollege ,1010,Thimphu 
11/5/19 7:49, Welcome to Bhutan Virat and Anushka hope your stay is memorable https t co OlWarTAqm9 , gasebtandin , ,2198,Thimphu 
11/5/19 7:38, Big Lunch for Big Day Red Rice with Dried Red Chillies with Sakten Cheese with Fried Egg followed by bowl of Chicken Soup and Cup of Tea Life is Grand Happiness is a Place BMT Happiness House https t co Z8dOURVEly , bhutan majestic , ,1111,Thimphu 
11/5/19 7:29, sandy speak Well Nepal which has a Fiber Optic line from China keeps laughing at the Bhutanese , TenzingLamsang , ,16488,Thimphu 
11/5/19 7:20, anupamnawada No buddy we protect yours in fact as a buffer zone of 699 km where you don xe2 x80 x99t have to face Chinese troops , TenzingLamsang , ,16488,Thimphu 
11/5/19 6:48, Bhutan does not meet the xe2 x80 x98International Internet Backbone Redundancy xe2 x80 x99 which requires Bhutan to have minimum 100 km separation between the 2 main international links Bhutan since 2011 has been consistently requesting India to allow it to take a fiber optic line from Bangladesh https t co e7criy4QgT , TenzingLamsang , ,16488,Thimphu 
11/5/19 6:23, AnushkaSharma imVkohli The low key couple are also winning hearts in Bhutan with their down to earth behavior , TenzingLamsang , ,16488,Thimphu 
11/5/19 5:49, I found my lost phone through find my device app Thank u , Kenchoo7 , ,301,Paro 
11/5/19 5:45, AnushkaSharma Welcome to the Kingdom of Happiness Enjoy your stay here , Khamsa , ,271,Thimphu 
11/5/19 5:27, kairos catcher It xe2 x80 x99s my fav US state too Move there together , namgayzam , ,20197,Thimphu 
11/5/19 5:11, Thank u google for the help Coz of u my life had been little easier 11 11 , Kenchoo7 , ,301,Paro 
11/5/19 5:01, Yes China would love that wouldn xe2 x80 x99t it https t co UhSWbMCOEL , TenzingLamsang , ,16488,Thimphu 
11/5/19 4:55, saurav6767 AnushkaSharma imVkohli The issue is the unsustainable numbers Picture a swimming pool meant for 10 lane swimmers populated by 100 people and kids including some peeing in the pool , TenzingLamsang , ,16488,Thimphu 
11/5/19 4:52, A song by Misty Terrace and a friend Tandin Wangchuk Enjoy guys Lovely tune https t co 2NdhHQiQda , creativedonkey , ,89,Thimphu 
11/5/19 4:50, imVkohli Happy Birthday imVkohli , ugyen , ,130,Thimphu 
11/5/19 4:18, PMBhutan Thank you Excellency for your efforts towards enhancing our education system especially trying to uplift our teachers , karmat bhutan , ,234,Thimphu 
11/5/19 4:10, Khamsum Yuelley temple is situated with a very nice view of the upper Punakha valley travel https t co VzLFRlTXhp , PeakBhutan , travel ,35,Thimphu 
11/5/19 3:07, Royal Bhutan Helicopter Services launched their first helicopter an Airbus H130 on 5th November 2015 today they 4 years in service and 552 helicopter emergency medical service HEMS mission https t co A1NeZiwZl9 , gasebtandin , ,2198,Thimphu 
11/5/19 2:56, 4 years in service and 552 helicopter emergency medical service HEMS mission completed successfully Tashidelek and Thanks to the management of RBHSLtd xf0 x9f x9a x81 and BEAR Bhutan Emergency Aeromedical Retrieval xf0 x9f x9a x91 for their service to the nation xf0 x9f x87 xa7 xf0 x9f x87 xb9 https t co npvJbE5c8E , gasebtandin , ,2198,Thimphu 
11/5/19 2:00, Thank you for your words Hope you enjoy your stay here in Bhutan AnushkaSharma imVkohli welcometobhutab happiness bhutan https t co vuhZ1q9yoy , pgyamtsho , welcometobhutab happiness bhutan ,497,Thimphu 
11/5/19 1:48, manishkapadiya RuchiraKamboj Super click , tinmiyadav , ,10,Thimphu 
11/5/19 1:40, RCBTweets imVkohli Happy Birthday imVkohli , ugyen , ,130,Thimphu 
11/5/19 1:39, BCCI imVkohli Happy Birthday imVkohli , ugyen , ,130,Thimphu 
11/5/19 1:36, AnushkaSharma imVkohli Bhutan wants to preserve this kind of experience for our Indian guests which is why we need to prevent over tourism by regulating mass regional tourism Right now the only potential spoil sport for Anushka and Virat will be other Indian tourists eager for autographs , TenzingLamsang , ,16488,Thimphu 
11/5/19 1:10, Anushka and Virat enjoy anonymity and some Bhutanese hospitality from a family who have no clue to who they are Enjoy your stay in Bhutan AnushkaSharma and imVkohli https t co I8nwSc9XN1 , TenzingLamsang , ,16488,Thimphu 
11/4/19 22:21, Here is the futility of arguments and debates xe2 x80 x94a man who is persuaded against his will remains of the same opinion , creativedonkey , ,89,Thimphu 
11/4/19 20:15, conangray ooh babe i have been waiting for this , livbhd , ,27,Thimphu 
11/4/19 19:36, All flights into Paro International Airport are limited to Visual Meteorological Conditions only This means that there must be sufficient visibility of other aircrafts and the surrounding terrain Bhutan bound xe2 x80 xa6 https t co 0L4oMdpcuM , BreatheBhutan , ,191,Thimphu 
11/4/19 19:34, The Simple Joys of Life Catching Nature paint yesterday xe2 x80 x99s Sunset naturesart simplejoys happinessisaplace ig bhutan sunsets bhutanese bhutan https t co EpDK6Q3vcu , czdorji , naturesart simplejoys happinessisaplace ig bhutan sunsets bhutanese bhutan ,2191,Thimphu 
11/4/19 19:34, Stay tuned https t co H4bImo7gMA , Tour4Bhutan , ,73,Thimphu 
11/4/19 19:30, A two day hard trek from Shana in Paro takes one to some of Bhutan xe2 x80 x99s most beautiful Alpine meadows There are no human settlements here You xe2 x80 x99ve come face to face with the raw and untamed vastness the wild https t co Hyz16ozmnX , Tour4Bhutan , ,73,Thimphu 
11/4/19 19:12, https t co FtpKQ4j5d0 offers special discount For more details contactShiva Kumari Bista NOTE Religious festival dates are tentative so please confirm with us prior to confirming your holiday plan BHUTAN https t co eng8gOizxC , Tour4Bhutan , ,73,Thimphu 
11/4/19 19:00, Learn more about Bhutan here https t co PwjIZANqPQ MyBhutan wanderlust adventureseeker doyoutravel travelmore https t co xOwwaqGDBp , MyBhutan , MyBhutan wanderlust adventureseeker doyoutravel travelmore ,923,Thimphu 
11/4/19 18:44, Upcoming festivals 2020 Bookings open For further details Email me at exoticvacationsbhutan gmail com https t co uK7RiBDhRf , Tour4Bhutan , ,73,Thimphu 
11/4/19 18:42, Exotic Vacations Bhutan https t co apdo8YGzFC , Tour4Bhutan , ,73,Thimphu 
11/4/19 18:16, Hema and group at Thimphu Tshechu festival Thank you Hema hemawatihalim for the immense love that you have shown to our country and for helping the local businesses and Bhutanese people at large And thank you so xe2 x80 xa6 https t co x1eDo5xAmQ , BMVTNT , ,70,Thimphu 
11/4/19 18:13, I also didn t see my father complaining about what mother has cooked https t co frAGPwvZiA , iamYoeser , ,391,Thimphu 
11/4/19 16:03, passangyt Improving reliability a matter of investing in tech or and human resource and DHI performance frameworks pushes co in that direction Unbundling transmission and distribution may prove tricky for the distribution sector no But yes improvement will be great , sangaykhandu , ,7662,Thimphu 
11/4/19 16:00, This week s featured accommodation is Peaceful Resort located in Thimphu Rent accommodations in Bhutan here https t co 9TkCjTkVU6 MyBhutanHotel MyBhutanAccommodations https t co nyP18xLZSP , MyBhutan , MyBhutanHotel MyBhutanAccommodations ,923,Thimphu 
11/4/19 15:40, More surprising fauna in Bhutan Who would expect a cactus to be growing in a mountainous region during winter travel https t co JlLSuXvGFX , PeakBhutan , fauna cactus travel ,35,Thimphu 
11/4/19 15:21, MalikAshok Clear now that India does not feel comfortable in a deal backed by Beijing and fears it will be an indirect FTA with China India feels China has given very little leeway to correct trade imbalance amp does not want to increase USD 57 bn trade imbalance Understandable , TenzingLamsang , ,16488,Thimphu 
11/4/19 15:16, xe2 x80 x98The terms of India xe2 x80 x99s entry into RCEP xe2 x80 x94 could well be dependent on what comfort or space China has offered India in Mamallapuram This political understanding xe2 x80 x94 or its absence xe2 x80 x94 will likely determine Modi xe2 x80 x99s big RCEP decision xe2 x80 x99 MalikAshok https t co ky31uxskKn , TenzingLamsang , ,16488,Thimphu 
11/4/19 15:05, Most of the roads in Bhutan are quite well surfaced but there are some occasional spots like this one that still need some more work roadwork travel https t co Ba0yXC2SPt , PeakBhutan , roads roadwork travel ,35,Thimphu 
11/4/19 15:04, India to not join a 16 nation free trade agreement which would be world xe2 x80 x99s largest trading bloc PM Modi gives Gandhi as a reason which is short form for lacking the confidence in its export Industry amp fearing an infusion of imports from China amp fleet footed East Asian Tigers https t co WIxrHcT2Jt , TenzingLamsang , ,16488,Thimphu 
11/4/19 15:02, A mandala offering xc2 xa0in xc2 xa0Tibetan Buddhism xc2 xa0is a symbolic offering of the entire universe Every intricate detail of these mandalas is fixed in the tradition and has specific symbolic meanings often on more than one level https t co QQDCH9SVCk , rwangchuk88 , ,38,Paro 
11/4/19 14:45, The scene in this photo reminds me very much of a small coffee plantation that I once visited in colombia intheclouds travel https t co Ou3mAUWdw3 , PeakBhutan , photo plantation colombia intheclouds travel ,35,Thimphu 
11/4/19 14:38, Regarding Ban my stance is that let us read and decide for ourselves I like to think that ppl are intelligent enough to decide if something is wrong or right Or does BICMA think that ppl are not intelligent enough to think for themselves https t co DxFTS04O0S , Yarphelki , ,196,Thimphu 
11/4/19 14:18, I can xe2 x80 x99t stop posting these shots of my cute handsome Rabsel xe2 x80 x9cThe Magic of Kinder Joy xe2 x80 x9d Thimphu Bhutan https t co qxpVq6F4W1 , bhutan majestic , ,1111,Thimphu 
11/4/19 14:08, Booking for 2020 is open Visit link below to explore more about Bhutantourpackages https t co 0g6TWshmlE allaboutBhutan visitbhutan worldtourplan traveltips bhutantravelagency bhutantourism happinessisaplace holidays howtoreachbhutan tourradar , worldtourplan09 , Bhutantourpackages allaboutBhutan visitbhutan worldtourplan traveltips bhutantravelagency bhutantourism happinessisaplace holidays howtoreachbhutan tourradar ,199,Thimphu 
11/4/19 13:38, Magic of Kinder Joy with my handsome nephew Rabsel amp Mom in background Thimphu Bhutan https t co kYf4mAg9OY , bhutan majestic , ,1111,Thimphu 
11/4/19 13:37, My early dinner what more can I ask Thanks brother thinten8 Red Rice with Chilly Cheese and Ham bhutanesefood chillycheese dinner bhutanmajestictravel Thimphu Bhutan https t co JUWsV3fjx6 , bhutan majestic , bhutanesefood chillycheese dinner bhutanmajestictravel ,1111,Thimphu 
11/4/19 13:20, webcheckwriter Great time saver , sureznel , ,19,Thimphu 
11/4/19 13:08, You do not have to wait for Wells Fargo Check ever again because our check writing software is here printing process helpful WellsFargoChecks OnlineCheckWriter CheckPrint CheckOnline Finance Banking BlankCheckPaper https t co gVg8VA38UM via pinterest , sureznel , WellsFargoChecks OnlineCheckWriter CheckPrint CheckOnline Finance Banking BlankCheckPaper ,19,Thimphu 
11/4/19 11:31, The relationship between cause and effect is crystal clear tod More for Capricorn https t co p6mL9a2MGB , yiwangpindarica , ,6943,Thimphu 
11/4/19 11:17, goal Termination letter , DorjeeTee , ,366,Thimphu 
11/4/19 11:00, Normally we think of rainbows as being high above us but this was was sort of below Taken in Gasa bhutan https t co loKkd1paT2 , PeakBhutan , rainbows bhutan ,35,Thimphu 
11/4/19 10:55, Had a fruitful meeting with Ms Paola Pampaloni Deputy Managing Director Asia Pacific Department European External Action Service Ms Pampaloni is leading the EU delegation to the 8th biennial consultations between Bhutan and the European Union https t co PJsIaRLX9K , FMBhutan , ,2006,Thimphu 
11/4/19 10:11, ShresthaSubina filmindependent Have always wanted to do this too xf0 x9f x98 x8d , namgayzam , ,20197,Thimphu 
11/4/19 10:00, DorjiWangchuk My first time taking part but it is a non official meet where non diplomats exchange frank views on various issues like education tourism hydro etc This allows both sides to know each other xe2 x80 x99s views which cannot be expressed as freely in official meets , TenzingLamsang , ,16488,Thimphu 
11/4/19 9:12, If it is difficult to get land access to buy faster internet from Bangladesh buying it from China may be much easier , dorpen71 , ,1015,Thimphu 
11/4/19 9:06, Bhutan should explore as well https t co kji86JgnPq , TenzingLamsang , ,16488,Thimphu 
11/4/19 9:03, i recommend Global Reach for people pursuing further studies Fast response guaranteed Visa Most friendly individuals who helped me like a family Global reach can reach you Global xf0 x9f xa4 x98 xf0 x9f x98 x81 , Gyem 93 , ,71,Thimphu 
11/4/19 8:41, xafbcn Hello la We have a counter at the airport from where you can buy a SIM card la If you d like to know more about the packages you can write to rm paro tashicell com amp we d be happy to help See you in Bhutan next month , TashiCell , ,1606,Thimphu 
11/4/19 8:01, An excellent point can be made when pomp and circumstance is k More for Sagittarius https t co FfKav1h4Nc , Tshampa , ,27,Thimphu 
11/4/19 8:01, It is nearly impossible to convince anyone else to follow you More for Taurus https t co EECfQYA8HL , cixx67 , ,1496,Thimphu 
11/4/19 8:00, Your genuinely caring nature may have you game to pitch in if More for Pisces https t co uojyhA9mo8 , LobzangYeshey1 , ,292,Thimphu 
11/4/19 7:45, The large Buddha statue overlooking the Thimphu valley is visible from most places in the capital This photo was taken from the BBS towers buddha statue travel https t co wMgZN2o9L5 , PeakBhutan , buddha statue travel ,35,Thimphu 
11/4/19 7:43, Thimphu experiencing a cold snap The erratic electricity supply doesn xe2 x80 x99t help Computer showing depleting battery charge xf0 x9f x98 xac , sangaykhandu , ,7662,Thimphu 
11/4/19 7:24, indranilmandal IndianExpress Informal setting allowing for discussion on a wide array of areas Is also involves non govt ppl like me at times for that outsiders perspective , TenzingLamsang , ,16488,Thimphu 
11/4/19 7:08, DilliChat Will be carrying one , TenzingLamsang , ,16488,Thimphu 
11/4/19 7:05, ambkcsingh Yes sir xf0 x9f x98 x84 The great food will make up for it to an extent , TenzingLamsang , ,16488,Thimphu 
11/4/19 7:02, mistyterrace Looks great la , kuengdukebullet , ,30,Thimphu 
11/4/19 6:59, 2 2 I am grateful to Delhi for 3 wonderful years at Stephens where I graduated from amp another 2 great years learning the ropes at IndianExpress However in the end air pollution was one of the reasons that encouraged me to head back home to work No regrets at all , TenzingLamsang , ,16488,Thimphu 
11/4/19 6:54, 1 2 Coming to Delhi for a track two Bhutan India conference on Wednesday amp Thursday wherein I will land by Tuesday amp fly by Friday If the air quality stays as it is I will have smoked around 90 cigarettes worth of air pollution in 3 days And the irony is I don xe2 x80 x99t smoke , TenzingLamsang , ,16488,Thimphu 
11/4/19 6:13, https t co 2sSvucrbJe Consumer loan up to Nu 500 000 https t co wDQ2L02NvN , BankofBhutanltd , ,1056,Thimphu 
11/4/19 5:57, Plan you trips to the xe2 x80 x9cLand of Thunder Dragon Kingdom of Bhutan xe2 x80 x9d and explore with diverse cultures histories way of life customs and etc If you have a plan contact us at 97517670983 pekar drangtsi2018 gmail com pekardrangtsitourstreks gmail com whatsApp 97517670983 I , drangtsi , ,8,Thimphu 
11/4/19 4:30, Drinking and driving is one of the main causes of road crashes worldwide NEVER drink and drive Whenever anyone drives drunk they put everyone on the road in danger Drive safely WHO https t co wbKYSBkj5P , gasebtandin , ,2198,Thimphu 
11/4/19 4:28, Don t let cervical cancer stop you xf0 x9f x91 xa9 xf0 x9f x8f xbf xf0 x9f x91 xa9 xf0 x9f x8f xbd xf0 x9f x91 xa9 xf0 x9f x8f xbf xf0 x9f x91 xa9 xf0 x9f x8f xbd xf0 x9f x91 xa9 xe2 x9c x94 xef xb8 x8fGet screened xf0 x9f x91 xa9 xe2 x80 x8d xe2 x9a x95 xef xb8 x8f xf0 x9f x91 xa8 xe2 x80 x8d xe2 x9a x95 xef xb8 x8f xe2 x9c x94 xef xb8 x8fGet vaccinated Remember Cervical cancer can be prevented WHO https t co NIi0MIeNHT , gasebtandin , ,2198,Thimphu 
11/4/19 4:01, Minor sentenced to 16 years in prison for statutory rape in Dagana , Dzkuensel , ,4517,Thimphu 
11/4/19 4:00, Mininstry of Education aims for xe2 x80 x9cfuturistic and comprehensive xe2 x80 x9d education policy , Dzkuensel , ,4517,Thimphu 
11/4/19 3:55, 5 stars it s amazingly true , alinaritabishwa , ,2,Thimphu 
11/4/19 3:43, Bhutan paying Nu 12 6 million a day as a loan interest for the delayed Punatsangchu I The Bhutanese , dorpen71 , ,1015,Thimphu 
11/4/19 2:46, xe2 x80 x98In Mr Singh s telling the deadly pea souper is result of the evolution of the farming operations government policy and changing labour markets sparked by the green revolution in India in the late 1960s and 1970s xe2 x80 x99 soutikBBC https t co fb1eJAYxVo , TenzingLamsang , ,16488,Thimphu 
11/4/19 1:39, CeeT2013 I am no bird expert but I think it looks like the Indian black Kite or the type of eagle , DziJ , ,1581,Thimphu 
11/4/19 1:03, It took 12 years to implement a provision of the xe2 x80 x9cLand Act of Bhutan 2007 xe2 x80 x9d related to tsamdro pasture land https t co 0SRYzX8ncA , dorpen71 , ,1015,Thimphu 
11/3/19 20:47, 2 17 AM missing a man like a fool knowing he ll never be mine xf0 x9f x98 x82 xf0 x9f x98 x82 xf0 x9f x98 x82 , diamond dibhya , ,44,Thimphu 
11/3/19 17:49, funimag Not even a railroad in Bhutan mountains are just too steep The cable cars are sort of popular for moving goods across rivers and up to Monasteries but officially never people , PeakBhutan , ,35,Thimphu 
11/3/19 16:25, Shaheer S Seriously Shaheer sheikh hi I really missed the chance to meet u M ur biggest fan frm Bhutan only , DelmaWangchuk , ,1,Thimphu 
11/3/19 16:25, The monastery walls in Bhutan are covered in murals Many of the murals depict the life of Bhudda buddhism travel painting https t co RG4C3MmVw5 , PeakBhutan , monastery buddhism travel painting ,35,Thimphu 
11/3/19 16:13, Dzong Drakha a sacred place above Bongdey in Paro This place is blessed by Guru Rimpoche and Drupthop Gembo Dorji https t co Gbdtd4arJa , Khamsa , ,271,Thimphu 
11/3/19 16:00, Festival fever is back Plan your trip to Bhutan so you can join us in the festivities MyBhutanFestival FestivalFever https t co VrBj9SWrCh , MyBhutan , Bhutan MyBhutanFestival FestivalFever ,923,Thimphu 
11/3/19 14:19, xe2 x80 x98Probably the most valuable and startling one insight is that xe2 x80 x9cChina xe2 x80 x9d is not really xe2 x80 x9cChina xe2 x80 x9d at all but the Qing Empire Most of the horrors of the People xe2 x80 x99s Republic spring from this attempt to transform a diverse many into a homogenous one xe2 x80 x99 https t co hxT9gqR2GE , TenzingLamsang , ,16488,Thimphu 
11/3/19 14:11, Let s bring this chair to Bhutan https t co wdVfjy5E2W , PaSsu Diary , Bhutan ,5913,Thimphu 
11/3/19 14:02, TedhiLakeer Hoping that it improves by Tuesday , TenzingLamsang , ,16488,Thimphu 
11/3/19 14:00, bhutan has a large selection of flora and fauna due to its extreme elevation diversity https t co lXaQ4IdfNG https t co oVQH0OLX6O , PeakBhutan , bhutan ,35,Thimphu 
11/3/19 13:47, ShekharGupta ThePrintIndia And this is where populism in Indian politics gets counterproductive and even deadly Also no incentive for politicians to pay focus as long as electorate do not make it an issue , TenzingLamsang , ,16488,Thimphu 
11/3/19 13:21, ShekharGupta Video link ThePrintIndia https t co 9rQUD2jVZz , TenzingLamsang , ,16488,Thimphu 
11/3/19 13:20, As ShekharGupta explains stubble burning due to excess rice cultivation due to free water amp power for farmers Farmers forced by law to plant in June amp not April to save groundwater So farmer burns stubble in Nov as there is no time to prepare land for the winter crops , TenzingLamsang , ,16488,Thimphu 
11/3/19 12:32, Origami cranes a movie comes to mind xe2 x80 x98The cranes are flying xe2 x80 x98 , brooksound , ,46,Thimphu 
11/3/19 12:28, AnushkaSharma Welcome to Bhutan Have a great day , younten , ,116,Thimphu 
11/3/19 12:12, DorjiWangchuk I see pros and cons Good management is key to gaining the most from regional tourists I think we should have USD 65 royalty for all tourists no matter where they come from Then we xe2 x80 x99ll have a high value low volume , namgayzam , ,20197,Thimphu 
11/3/19 12:10, Au DM me a postal address Will mail you BCMD xe2 x80 x99s Druk Journal on tourism , namgayzam , ,20197,Thimphu 
11/3/19 12:10, Along the high altitude treks in Bhutan you will find many of these beautiful glacial lakes The turquoise color is from the glacier silt rock flour that gets carried into the lake from the melting glacier glacier lake travel https t co W3hIUkRy0t , PeakBhutan , treks glacier lake travel ,35,Thimphu 
11/3/19 11:31, Some measures of value go beyond dollars and cents at least f More for Capricorn https t co p6mL9a2MGB , yiwangpindarica , ,6943,Thimphu 
11/3/19 10:48, Looks like Indian celebrities Anushka Sharma amp Virat Kohli are in Bhutan They were photographed at the airport today https t co LW2pdL3vwx , namgayzam , ,20197,Thimphu 
11/3/19 10:40, The black necked cranes are in Bhutan between November and March They are very easy to spot but you do need a long camera lens or binoculars to get a good view birding travel bhutan https t co keEyXku2vs , PeakBhutan , birding travel bhutan ,35,Thimphu 
11/3/19 10:02, FPLEditor Periera will score , tasheduba , ,10,Thimphu 
11/3/19 9:39, AnushkaSFanCIub AnushkaSharma imVkohli Greetings from Bhutan , RDORJE , ,313,Thimphu 
11/3/19 9:01, zafarimamdar GNH but yes that xe2 x80 x99s the general idea , TenzingLamsang , ,16488,Thimphu 
11/3/19 8:32, Wow imVkohli amp AnushkaSharma in our amazing country Hope you have an amazing stay xf0 x9f xa5 xb0 https t co gyFAV6wi6y , tenzinbhutan , ,120,Thimphu 
11/3/19 7:39, Missing those targets and the Young Star specially during weekend , SangayChojay , ,13,Thimphu 
11/3/19 7:22, imVkohli and AnushkaSharma Welcome to Bhutan xf0 x9f x87 xa7 xf0 x9f x87 xb9 https t co 2Qv2b6sGGG , BhutanCricket , ,7303,Thimphu 
11/3/19 7:01, You are blessed with more than your fair share of natural tale More for Sagittarius https t co FfKav1h4Nc , Tshampa , ,27,Thimphu 
11/3/19 7:00, Connections with the past may pop up in some surprising and me More for Pisces https t co uojyhA9mo8 , LobzangYeshey1 , ,292,Thimphu 
11/3/19 6:55, How to win argument without argueing and win a fight without fighting life lesson Babesa Thimphu https t co BtYcm40a8U , MasterTshewang , life lesson ,72,Bhutan 
11/3/19 6:51, Or if the river is not your scene you can contemplate the meaning of life by the park across the Tashichhodzong Dzong https t co fykOTeXKSr , TenzingLamsang , ,16488,Thimphu 
11/3/19 6:42, Glory https t co XZeQIujZOv , Shachagyeltshen , ,125,Thimphu 
11/3/19 6:42, rohini sgh Proposed to some1 Yes Broke some1 xe2 x80 x99s xe2 x9d xa4 xef xb8 x8f Yes Stalked some1 here No Went to a restaurant alone Yes Went for a movie alone Yes Wrote a poem Yes Danced in rain Yes Got beatings from a teacher Yes Had crush on a teacher No Caused an accident Yes , nidhi bhattarai , ,0,Thimphu 
11/3/19 6:39, My decision to not go to Delhi paying off big time , sandeeps13 , ,274,Thimphu 
11/3/19 6:38, aslam IPS abhisar sharma They are lawyer not a law should be punished , vikrantparate , ,16,Thimphu 
11/3/19 6:26, And once you tire of looking at the blue sky above you can look at the pristine Thimphu river below xf0 x9f x98 x84 https t co M5FTvMWCHX , TenzingLamsang , ,16488,Thimphu 
