2/12/20 5:39, good morning Manni https t co T0SvxUvtHH https t co MsGiWVIwMU , SyedSaa1 , ,1376,Thimphu 
2/12/20 5:35, good morning dear billi https t co Ty4YS2M8qz https t co jxnf3w5COd , SyedSaa1 , ,1376,Thimphu 
2/12/20 5:33, good morning dear https t co RXVus54qio https t co sdKfFJ8O9i , SyedSaa1 , ,1376,Thimphu 
2/12/20 5:14, DorjiWangchuk Condition of footpath from NLC to Chubachu for last 3 months https t co ry0NyGGcsU , Tobgay3 , ,102,Thimphu 
2/12/20 4:40, BBS Radio Preamble of the Constitution of the Kingdom of Bhutan https t co 7T0AxADs9f , BBSBhutan , ,48158,Thimphu 
2/12/20 3:25, Coronavirus vaccine could be ready in 18 months WHO officials say We are not defenseless https t co vlEmDTOvfn , gasebtandin , ,2278,Thimphu 
2/12/20 3:07, good morning my xda x86 xd9 x88 xd8 xa6 xd8 xb5 xd8 xa7 xd8 xa8 plz brush your beautiful teeth apply lotion on your beautiful hands n feet have glass of milk https t co rxsR2CdK2Z https t co 1ZTGqNdShD , SyedSaa1 , ,1376,Thimphu 
2/12/20 2:56, I do not mind the crazy people it s the normal one that freaks me out xf0 x9f x92 x99 xf0 x9f x92 x99 xf0 x9f x92 x99 https t co IrRcTZCkPI , BidhaChencho , ,24,Paro 
2/12/20 2:33, moon queen kpophappenings Exactly , Scarlet bunny , ,140,Thimphu 
2/12/20 2:31, My greatest beauty secret is being happy with myself I don t use special creams or treatments I ll use a little bit of everything It s a mistake to think you are what you put on yourself I believe that a lot of xe2 x80 xa6 https t co CgLCfkjkDn , duptshering6 , ,426,Bhutan 
2/12/20 1:42, djsnake weareBellecour Bruh xf0 x9f x98 x82 , Xiao920 , ,66,Thimphu 
2/12/20 1:36, CarbinOfficial Times have changed bro I feel you xf0 x9f x98 xa3 , Xiao920 , ,66,Thimphu 
2/12/20 1:27, tiesto Thank you for making music and inspiring youngsters like us xe2 x9d xa4 xef xb8 x8f , Xiao920 , ,66,Thimphu 
2/12/20 0:57, AishaLUMS good morning my dear xda x86 xd9 x88 xd8 xa6 xd8 xb5 xd8 xa7 xd8 xa8 please brush your beautiful teeth apply lotion on your beautiful hands n feet have glass of milk thankyou https t co rrEnHsW3RJ , SyedSaa1 , ,1376,Thimphu 
2/11/20 19:24, defence https t co zBX52lkP39 , SyedSaa1 , ,1376,Thimphu 
2/11/20 19:24, which gun you prefer https t co Jq4NSQe7Su https t co b9OfaGKdcw , SyedSaa1 , ,1376,Thimphu 
2/11/20 19:16, boy fucker ho https t co NPtZlMWpmo , SyedSaa1 , ,1376,Thimphu 
2/11/20 19:09, yes I m https t co RC5ywGOqbU https t co WNOQNVKsUB , SyedSaa1 , ,1376,Thimphu 
2/11/20 19:00, beautiful https t co kyiaEtYlrk , SyedSaa1 , ,1376,Thimphu 
2/11/20 18:05, yes I smoke pipe some time Sheesha https t co ldUxxfLK3g https t co 5rzxHLScZW , SyedSaa1 , ,1376,Thimphu 
2/11/20 17:28, good night my xda x86 xd9 x88 xd8 xa6 xd8 xb5 xd8 xa7 xd8 xa8 https t co f8ysvH1M3m https t co q5OyS7WEAk , SyedSaa1 , ,1376,Thimphu 
2/11/20 16:58, AishaLUMS good night my xda x86 xd9 x88 xd8 xa6 xd8 xb5 xd8 xa7 xd8 xa8 enjoy beautiful weather have tastey dinner cu you tomorrow if I alive https t co w2f8BpntzF , SyedSaa1 , ,1376,Thimphu 
2/11/20 16:47, KreekCraft asimo3089 badccvoid VeD DeV HelloItsVG MyUsernamesThis AlvinBlox LordJurrd How many of you think that Island Royale is BETTER than Strucid like yes , uchiha soma , ,4,Thimphu 
2/11/20 16:07, tweesh I always liked it tweesh I was estatic I was happy for you , sandeeps13 , ,270,Thimphu 
2/11/20 16:00, It is Winter in Bhutan This is a beautiful season to visit Season Bhutan MyBhutan https t co rZ7Q6rxLB4 , MyBhutan , Bhutan Season Bhutan MyBhutan ,935,Thimphu 
2/11/20 15:45, Bidding farewell to one of our good friends Yoichiro Ishihara of World Bank who is now moving to Lesotho WB office https t co Gq3HIGC6y5 , ShaTashiDorji , ,976,WangduePhodrang 
2/11/20 14:44, WillGlenwright Congratulations to all the Members Countries xf0 x9f x91 x8f xf0 x9f x91 x8f xf0 x9f x91 x8f , ugyen , ,136,Thimphu 
2/11/20 14:35, welcome dear chili mili I was on byroad tour of Pakistan https t co zicT2K51fY https t co fMgXkbeluD , SyedSaa1 , ,1376,Thimphu 
2/11/20 14:27, 9 family members infected with coronavirus after sharing hot pot meal https t co MhXbjcr6r2 , gasebtandin , ,2278,Thimphu 
2/11/20 14:24, MissWorld 2020 thanks dear , SyedSaa1 , ,1376,Thimphu 
2/11/20 14:20, SORRY https t co 3z3355uftT , SyedSaa1 , ,1376,Thimphu 
2/11/20 14:19, my PAF is amazing https t co 5ZGxwaczI1 , SyedSaa1 , ,1376,Thimphu 
2/11/20 14:10, Delhi Election Results 2020 Arvind Kejriwal s Gold Rush 62 Of 70 Seats In Delhi https t co EENv404k6g , gasebtandin , ,2278,Thimphu 
2/11/20 14:00, beauty in blouse https t co stPjfhdNcs , SyedSaa1 , ,1376,Thimphu 
2/11/20 13:58, beauty in blouse https t co 68MSNFhq4V , SyedSaa1 , ,1376,Thimphu 
2/11/20 13:20, menu thay do https t co a2gASfob2n , SyedSaa1 , ,1376,Thimphu 
2/11/20 13:05, Lunafeet suckable black color , SyedSaa1 , ,1376,Thimphu 
2/11/20 12:42, good evening dear https t co 4UyM8C958W https t co p39E5WiMKW , SyedSaa1 , ,1376,Thimphu 
2/11/20 12:03, The Ministry is pleased to announce the selection interview result for the post of Driver III O4 A under JWS JDNP and Gedu Division Department of Forests and Park Services on consolidated contract for an initial period of 3 years https t co 2dSovjnUCM , moafbhutan , ,410,Thimphu 
2/11/20 12:02, The National Highland Research amp Development Center NHR amp DC Jakar DoL MoAF Bumthang is pleased to announce the vacancy for the following ESP posts https t co Yac0LjzEU9 , moafbhutan , ,410,Thimphu 
2/11/20 12:01, Vacancy for ESP https t co nuIagwM46W , moafbhutan , ,410,Thimphu 
2/11/20 11:31, Study and application facilitate your personal growth today s More for Capricorn https t co p6mL9a2MGB , yiwangpindarica , ,6938,Thimphu 
2/11/20 11:06, xcharlottethfc Followed , phuzinspurs , ,1301,Thimphu 
2/11/20 10:35, BJP routed in Delhi election https t co wI2rFb0jUY , jamja79 , BJP Delhi ,494,Thimphu 
2/11/20 10:05, RaccoonBaboon TheCactusBois VernandoGames Rainbowmaniacs1 Oh Okay gonna play WC soon , uchiha soma , ,4,Thimphu 
2/11/20 10:02, Happy 23rd Birthday Park Chaeyoung xf0 x9f x92 x99 https t co vsttTmYIDw , KYangdeyy , ,96,Thimphu 
2/11/20 10:00, more blouse https t co 7NVQbUAjQS , SyedSaa1 , ,1376,Thimphu 
2/11/20 9:59, beautiful blouse https t co DZBKQnccE0 , SyedSaa1 , ,1376,Thimphu 
2/11/20 9:43, RESPECT amp WORSHIP to Yuji Nishida the extraordinary Japanese volleyball player I xe2 x80 x99m starting to like volleyball because of his heroics Totally a godsend https t co MO1XWRJEiX , Khampaa , ,3846,Thimphu 
2/11/20 9:40, Condition of most used footpath from NLC office to Chubachu roundabout for whole winter https t co mDLqVmZlw2 , Tobgay3 , ,102,Thimphu 
2/11/20 9:31, Multiple strategies in place to tackle youth unemployment https t co u8JoYvQ7yZ https t co 6NlBgEH0nZ , business bhutan , ,9428,Thimphu 
2/11/20 9:25, Woman acquitted of statutory rape https t co JTjIiEKMCX , business bhutan , ,9428,Thimphu 
2/11/20 9:21, Moratorium on construction of houses in Dzongkhag towns to be lifted after LAPs https t co R6MqzHY5VK https t co 7oTayZiMcl , business bhutan , ,9428,Thimphu 
2/11/20 9:13, Government plans to lower interest rate for rural people https t co MeSqc95yuk https t co 3Vhkct0fYG , business bhutan , ,9428,Thimphu 
2/11/20 9:08, MostHatedMonty MakoMellow done , uchiha soma , ,4,Thimphu 
2/11/20 9:01, Editorial Our Views amp Perspectives Corono virus Be prepared https t co ibfGHghEDx https t co dS5trleDqL , business bhutan , ,9428,Thimphu 
2/11/20 8:48, yes break very badly https t co 2RdXzsg9VX , SyedSaa1 , ,1376,Thimphu 
2/11/20 8:28, beautiful in blouse https t co 62NUZIgjSr , SyedSaa1 , ,1376,Thimphu 
2/11/20 8:02, You are in your own element making good use of today xe2 x80 x99s Earth More for Virgo https t co ytH6jMhay1 , czdorji , ,2216,Thimphu 
2/11/20 8:01, You take the lead today when the expressive Moon squares Mars More for Sagittarius https t co FfKav1h4Nc , kintsho bht , ,28,Thimphu 
2/11/20 8:01, Today you know the truth in your bones and long to share it wi More for Taurus https t co EECfQYA8HL , cixx67 , ,1492,Thimphu 
2/11/20 8:00, Proximity to a dear friend has become increasingly claustropho More for Pisces https t co uojyhA9mo8 , LobzangYeshey1 , ,301,Thimphu 
2/11/20 7:25, xf0 x9d x97 xa5 xf0 x9d x97 xb2 xf0 x9d x97 xb0 xf0 x9d x97 xb5 xf0 x9d x97 xae xf0 x9d x97 xbf xf0 x9d x97 xb4 xf0 x9d x97 xb6 xf0 x9d x97 xbb xf0 x9d x97 xb4 xf0 x9d x98 x86 xf0 x9d x97 xbc xf0 x9d x98 x82 xf0 x9d x97 xbf xf0 x9d x97 xbb xf0 x9d x98 x82 xf0 x9d x97 xba xf0 x9d x97 xaf xf0 x9d x97 xb2 xf0 x9d x97 xbf xf0 x9d x97 xb7 xf0 x9d x98 x82 xf0 x9d x98 x80 xf0 x9d x98 x81 xf0 x9d x97 xb4 xf0 x9d x97 xbc xf0 x9d x98 x81 xf0 x9d x97 xb2 xf0 x9d x97 xae xf0 x9d x98 x80 xf0 x9d x97 xb6 xf0 x9d x97 xb2 xf0 x9d x97 xbf Download MyTashiCell App and recharge any number using your bank account Now available in Google and Apple Store For more info call 7700 xf0 x9f x93 x9e T amp C apply TashiCell https t co Lbfi6SXKE5 , TashiCell , TashiCell ,1632,Thimphu 
2/11/20 7:18, God bless you https t co vRxy3fMpWf , SyedSaa1 , ,1376,Thimphu 
2/11/20 7:14, GOOD MORNING DEAR JOAN https t co wJLVGNJz3U https t co MVHYycnD28 , SyedSaa1 , ,1376,Thimphu 
2/11/20 6:40, AchuKhegpa Wheelchair unfriendly too Expensive avoidable mistakes , tsnamgyal , ,21,Thimphu 
2/11/20 6:30, Sun xe2 x98 x80 xef xb8 x8f day pool day https t co PXPkAwDbk0 , KuenzangL , ,205,Thimphu 
2/11/20 5:37, Drivers mighty might https t co Mvy5XWU7oQ , yogeshdahal , ,195,Thimphu 
2/11/20 5:07, Regional Conference Resilient Healthcare System for better management of Bio medical waste Antimicrobial Resistance and Climate xc2 xa0Change https t co 2IBUuxlUfC https t co tCRKEw3vbc , umsb123 , ,46,Thimphu 
2/11/20 4:26, Presentation on SMEs In Bhutan ppt download https t co aaGyVcnvh9 , sanrigs858 , ,63,Thimphu 
2/11/20 4:25, ghost fpl Name of the country is Bhutan , DeependraKoira5 , ,5,Thimphu 
2/11/20 4:23, Photo by Mahendra Timsina The great hornbill also known as the concave casqued hornbill great Indian hornbill or great pied hornbill is one of the larger members of the hornbill family birdwatching wildlife photography conserve beautiful earth acholala tours and travels https t co 0qGIa106g9 , AcholalaT , acholala tours and travels ,9,Thimphu 
2/11/20 4:21, In light of the outbreak of Coronavirus in China and its spread to other countries the Ministry of Information and Communications hereby issues the travel advisory to the general public Click here for more https t co BcuYQflgY2 https t co m0x31H6vNK , moafbhutan , ,410,Thimphu 
2/11/20 4:17, Twenty one livestock extension staffs from Sarpang and Dagana are attending a refresher course on Artificial Insemination AI and reproductive biotechnology https t co V2Vp6uFBz5 https t co V5p48nuBeB , moafbhutan , ,410,Thimphu 
2/11/20 4:14, Tsirang inaugurates a model poultry layer farm with a capacity of 500 birds was inaugurated at Pelrithang of Gosarling gewog on 7 February https t co Ot2795MQLW https t co a4FKX5Cm5r , moafbhutan , ,410,Thimphu 
2/11/20 4:09, The Royal Civil Service Commission is pleased to inform that the Review Phase deadline in the Max Online System for the civil servants following the financial year is extended to February 21 2020 to enable the employees to complete the review of IWP https t co ajNSfHgBw3 , moafbhutan , ,410,Thimphu 
2/11/20 4:09, Tender Quotation for Vehicle Rental Service https t co GM84V4t9QZ , moafbhutan , ,410,Thimphu 
2/11/20 4:08, The MoAF would like to invite proposal from interested and eligible Bhutanese Consultancy Firm for Conducting Techno economic feasibility study to develop a Cold Chain Logistics system for Organic Vegetables under DAMC https t co remiRg7lHx , moafbhutan , ,410,Thimphu 
2/11/20 4:06, Shortlisted candidates for Advisor and Specialist Head https t co M9QM6CzFhg , moafbhutan , ,410,Thimphu 
2/11/20 3:36, Tour of the Dragon above the clouds https t co iNtbMuDrlq via TTR Weekly , Chhimmy , ,1665,Thimphu 
2/11/20 3:34, What Bhutan can learn from Delhi xe2 x80 x99s education reform by AAP government Big lesson to our political parties as well So far our story has been an eye wash We need concrete statistics of palpable change Not rash and rushed policies https t co JAkPSYduQs , Khampaa , ,3846,Thimphu 
2/11/20 3:24, FamedChris What can I do after hacking MadCity scripts Cause I ve done that already xf0 x9f x98 x8e , uchiha soma , ,4,Thimphu 
2/11/20 2:56, MUSTDIEmusic Bro what s the name of your sample packs I really need it , Xiao920 , ,66,Thimphu 
2/11/20 2:54, OfficialRezz Good Morning Rezz , Xiao920 , ,66,Thimphu 
2/11/20 2:51, SPAGHEDDY Happy Tuesday bro xf0 x9f x99 x82 , Xiao920 , ,66,Thimphu 
2/11/20 2:40, Scientists race to develop vaccine for new coronavirus https t co RQ57quYWJ9 , gasebtandin , ,2278,Thimphu 
2/11/20 2:38, China coronavirus death toll breaches 1 000 https t co qLppKCLu2S , gasebtandin , ,2278,Thimphu 
2/11/20 2:10, Important election results from Delhi state elections today that will be a barometer on mood of Indian public amp have an impact on Indian politics at the national level Delhi should ideally be BJP xe2 x80 x99s hunting grounds with huge Hindu middle class amp trader population DelhiResults , TenzingLamsang , DelhiResults ,18620,Thimphu 
2/11/20 1:41, good morning xda x86 xd9 x88 xd8 xa6 xd8 xb5 xd8 xa7 xd8 xa8 pls brush your beautiful teeth pls have glass of milk thank you https t co 6mPVkGHjMV https t co o70YRuVHGt , SyedSaa1 , ,1376,Thimphu 
2/11/20 1:39, What about this if you are surrounded by negative people Change your water Change your life Thimphu Bhutan https t co QmzsYCWJCW , MasterTshewang , ,145,Bhutan 
2/10/20 23:36, AishaLUMS very good morning dear xda x86 xd9 x88 xd8 xa6 xd8 xb5 xd8 xa7 xd8 xa8 xdb x94 https t co 9W2mvdk8jV , SyedSaa1 , ,1376,Thimphu 
2/10/20 23:24, AishaLUMS good morning xda x86 xd9 x88 xd8 xa6 xd8 xb5 xd8 xa7 xd8 xa8 xdb x94 plz brush your beautiful teeth apply lotion on your hands and beautiful feet have glass of milk https t co fXmQli1SwP , SyedSaa1 , ,1376,Thimphu 
2/10/20 18:54, beauties in Saree https t co oIh3c9kq46 , SyedSaa1 , ,1376,Thimphu 
2/10/20 18:44, i m also from Karachi https t co KYnZQhrJPM , SyedSaa1 , ,1376,Thimphu 
2/10/20 18:36, My hyper rational and clinical thinking has got me to a trouble or two , sandeeps13 , ,270,Thimphu 
2/10/20 18:12, my pet my TowTow https t co 75Jmzin1OE https t co tOb3thb18a , SyedSaa1 , ,1376,Thimphu 
2/10/20 18:10, good night Aliya sweet dreams https t co AFy6Q7L26z https t co kEMIzv84S5 , SyedSaa1 , ,1376,Thimphu 
2/10/20 17:52, ghost fpl From Bhutan in the city of Thimphu , DeependraKoira5 , ,5,Thimphu 
2/10/20 17:28, regarding https t co 1cLapaaRln , SyedSaa1 , ,1376,Thimphu 
2/10/20 17:28, good night https t co eJZDb7V1wm https t co dVQqkG1pWy , SyedSaa1 , ,1376,Thimphu 
2/10/20 16:00, This week s featured accommodation is Mountain Lodge located in Bumthang Rent accommodations in Bhutan here https t co 9TkCjTCxiG Leave a comment below with which district in Bhutan you xe2 x80 x99d like to see the next Accommodation of the Week MyBhutanAccommodations https t co dmVxTShSz3 , MyBhutan , Bhutan MyBhutanAccommodations ,935,Thimphu 
2/10/20 14:31, CDK is a sustainable fashion line that gives modern interpretation to traditional Bhutanese designs CDK creates contemporary silhouettes using handloom fabrics with Bhutanese motifs and textile Visit their store xe2 x80 xa6 https t co RFXSMj3bmC , duptshering6 , ,426,Bhutan 
2/10/20 14:28, SchwiftyStudios I hacked madcity scripts haha , uchiha soma , ,4,Thimphu 
2/10/20 13:49, New episode of GoodPracticesBhutan airs on BBS1 5 30pm This time it xe2 x80 x99s good practices in waste management inclucing personal tips ft CleanBhutan au Nedup amp Greener Way xe2 x80 x9ctrash man xe2 x80 x9d Karma Yonten The show is brought to you by Perfect Enterprise https t co iqDuhdCghN , namgayzam , GoodPracticesBhutan ,20747,Thimphu 
2/10/20 12:42, Loved the vid JustinBieber Intentions ft Quavo https t co TAHNWBwsmu via YouTube , tenzinbhutan , JustinBieber ,119,Thimphu 
2/10/20 11:42, 2 2 So even if you have none of the above be grateful that you have the greatest prize and treasure above all in your family P S Took longer than usual to write this with my 4 yr old riding my neck and trying all his wrestling moves on me , TenzingLamsang , ,18620,Thimphu 
2/10/20 11:41, 1 2 One thing about the Oscars that always gets me The winners have achieved the golden trifecta of fame professional excellence and wealth but the heart of their thank you speech mostly focuses on their family and how it is all for them , TenzingLamsang , ,18620,Thimphu 
2/10/20 11:31, There is some tension between your need for security and a des More for Capricorn https t co p6mL9a2MGB , yiwangpindarica , ,6938,Thimphu 
2/10/20 11:23, When I was 17 my brother wrote this lyrics He said Run to the rescue of love and peace will follow at Oscars 2020 Joaquin Phoenix , WangdiKheta , ,135,Thimphu 
2/10/20 11:15, PMBhutan explains the SDF levy amp BBIN stand in an interview with suhasinih https t co P61x4XeTfU , TenzingLamsang , ,18620,Thimphu 
2/10/20 10:41, Good job on this one govt xf0 x9f x91 x8f xf0 x9f x91 x8f https t co cm5GqKGgVi , TenzingLamsang , ,18620,Thimphu 
2/10/20 9:47, If China would accept me I want to go there with some rice cow butter some firewood and a match box May the boarder police allow me in I am a science teacher but for a short period I am a fire ritualist If I return that will be when Corona virus is eradicated , ragusubedi , ,1010,Thimphu 
2/10/20 9:14, The Bhutan Olympic Committee BOC signed a Memorandum of Understanding MoU with Bhutan Philanthropic Venture Pvt Ltd BPV on 7th February 2020 BPV will be the official travel partner of Bhutan International Marathon an annual international marathon event conducted by BOC https t co IpaPZTIGzn , BhutanOlympic , ,795,Thimphu 
2/10/20 8:02, You are bemused by your relationships today as your best frien More for Virgo https t co ytH6jMhay1 , czdorji , ,2216,Thimphu 
2/10/20 8:01, You can showcase your talent in a public arena today bringing More for Sagittarius https t co FfKav1h4Nc , kintsho bht , ,28,Thimphu 
2/10/20 8:01, You have an opportunity to bring your creations and ideas befo More for Taurus https t co EECfQYA8HL , cixx67 , ,1492,Thimphu 
2/10/20 8:00, A balance must be struck in your relationships and friendships More for Pisces https t co uojyhA9mo8 , LobzangYeshey1 , ,301,Thimphu 
2/10/20 7:28, priyadarshic Content is King , TenzingLamsang , ,18620,Thimphu 
2/10/20 7:21, god bless you https t co QxuozOTW4y , SyedSaa1 , ,1376,Thimphu 
2/10/20 7:08, good morning dear Noriko https t co yAHRISxWwx https t co pogbqKWZfa , SyedSaa1 , ,1376,Thimphu 
2/10/20 7:02, beautiful cute teeth n lips https t co wqHJb26gHv https t co wh22ddca6d , SyedSaa1 , ,1376,Thimphu 
2/10/20 6:28, TheEllenShow billieeilish yeah , Tensay52520578 , ,1,Thimphu 
2/10/20 6:23, BBCBreaking BBCNews Joker finally got accepted , Tensay52520578 , ,1,Thimphu 
2/10/20 6:21, BBCBreaking BBCNews well deserved , Tensay52520578 , ,1,Thimphu 
2/10/20 6:14, BarackObama This is very inspiring , Tensay52520578 , ,1,Thimphu 
2/10/20 6:14, johnlegend Love Luna , Tensay52520578 , ,1,Thimphu 
2/10/20 5:49, This is not done and especially in a women xe2 x80 x99s college in Delhi I think even UP and Bihar would not see this level of brazenness https t co CLqrL8zRfA , TenzingLamsang , ,18620,Thimphu 
2/10/20 5:42, Singapore and Japan are now new international hotspots for the virus China xe2 x80 x99s quarantines and lockdowns clearly having an effect , sandeeps13 , ,270,Thimphu 
2/10/20 5:39, Asking the Right Question is important Has the recent epidemic in Wuhan and the broader world let to a uptick in sales of the Corona Beer Or a dip in sales , sandeeps13 , ,270,Thimphu 
2/10/20 5:07, Air Ticket Quotation https t co fK47t02QlW , moafbhutan , ,410,Thimphu 
2/10/20 5:07, Shortlisted Candidates for Chief Dzongkhag Agriculture Officer https t co dpD1t1W5SV , moafbhutan , ,410,Thimphu 
2/10/20 3:41, what is your question https t co IkozhgtX0I , SyedSaa1 , ,1376,Thimphu 
2/10/20 3:36, Photo by Mahendra Timsina The great barbet is an Asian barbet native to the Indian sub continent and Southeast Asia where it inhabits foremost forests up to 3 000 m altitude birding birding bhutan birdwatching wildlife birds conserve earth asia acholala tours and travels https t co Oe6gPlp3YZ , AcholalaT , acholala tours and travels ,9,Thimphu 
2/10/20 3:10, New study an eye opener on how coronavirus is spreading and how little we know CNN https t co cqtr9oEayT , dawapenjor , ,1245,Thimphu 
2/10/20 3:00, New study an eye opener on how coronavirus is spreading and how little we know https t co OGPOLxjUTY , gasebtandin , ,2278,Thimphu 
2/10/20 2:53, The number of people killed by the new coronavirus rose by 97 on Sunday the highest number of casualties in a day https t co vqXkdX3Uxi , gasebtandin , ,2278,Thimphu 
2/10/20 1:57, HelloItsVG Bro you raised my hopes xf0 x9f x98 x82 , uchiha soma , ,4,Thimphu 
2/10/20 0:39, AishaLUMS good morning my dear xda x86 xd9 x88 xd8 xa6 xd8 xb5 xd8 xa7 xd8 xa8 pls brush your beautiful teeth apply lotion on your beautiful hands n feet have glass of milk https t co s10ajh9wPu , SyedSaa1 , ,1376,Thimphu 
2/9/20 21:42, SRWhitaker13 SimsCreatorsCom No its in Louisiana but I m looking to do one from Savannah any suggestions , Bu773rf1y8 , ,1,Thimphu 
2/9/20 20:46, TheSims4 Gallery Gothic victorian gym pool and spa jacuzzi hottub gazebo ForgottenHollow ShowUsYourBuilds https t co oG8JG8LyC9 , Bu773rf1y8 , TheSims4 Gothic victorian gym pool spa jacuzzi hottub gazebo ForgottenHollow ShowUsYourBuilds ,1,Thimphu 
2/9/20 19:13, BlessedMonk Walk away from anything that gives you bad vibes This is your life There is no need to explain yourself to anyone What s meant to be will be Do what makes you happy and do it for the rest of your life THANKYOU xe2 x9d xa4 , YBhutanese , THANKYOU ,188,Thimphu 
2/9/20 18:27, umarket gadventures Omg looking so good xe2 x9d xa4 , YBhutanese , ,188,Thimphu 
2/9/20 18:26, 80daysbot Always welcome , YBhutanese , ,188,Thimphu 
2/9/20 18:19, leotrixofficial True , Xiao920 , ,66,Thimphu 
2/9/20 18:14, sanholobeats Even if it makes me blind I just wanna see the light xf0 x9f xa5 xb0 xe2 x9d xa4 xef xb8 x8f , Xiao920 , ,66,Thimphu 
2/9/20 18:00, Festival fever is back Plan your trip to Bhutan so you can join us in the festivities MyBhutanFestival FestivalFever https t co pzO6h7UHQw , MyBhutan , Bhutan MyBhutanFestival FestivalFever ,935,Thimphu 
2/9/20 17:34, The Farewell Dinner Good Friends Prayers for The Best BMT Happiness House https t co WFs4HzBqmj , bhutan majestic , ,1134,Thimphu 
2/9/20 17:26, Welcome to Bhutan xf0 x9f x87 xa7 xf0 x9f x87 xb9 Dinner at The Pema by Realm for Ms Lakshmi from United States xf0 x9f x87 xba xf0 x9f x87 xb8 Thank you for choosing us as your local partner and we hope you have a very memorable holiday in Happiness Kingdom Thank you The xe2 x80 xa6 https t co rRj3tnz3nc , bhutan majestic , ,1134,Thimphu 
2/9/20 17:22, zaroor but you cant afford her my turkish breed jojo https t co j7dEZhkTnh https t co AZceuMZLnS , SyedSaa1 , ,1376,Thimphu 
2/9/20 17:17, my towtow https t co KVOhmGEwUI https t co YB1XMPRIQx , SyedSaa1 , ,1376,Thimphu 
2/9/20 17:15, i m not scared I m in love https t co UDlI9qDK6o , SyedSaa1 , ,1376,Thimphu 
2/9/20 17:01, bnewsservice Bullshits , thnchox , ,6,Thimphu 
2/9/20 16:24, telegram any plans for video call feature , younten , ,112,Thimphu 
2/9/20 14:52, Photo by Mahendra Timsina The golden fronted leafbird is a species of leafbird It is found from the Indian subcontinent and south western China to south east Asia and Sumatra This species eats insects and berries birding birding bhutan acholala tours and travels https t co JQtLCORhvA , AcholalaT , acholala tours and travels ,9,Thimphu 
2/9/20 13:41, Best time to visit Bhutan https t co tBy1hYSAkq Bhutan VisitBhutan2020 Buddhapoint Kuenselphodrang traveltips tours vacation holiday AttractionsinBhutan Bhutantourism https t co eQdp6RpYGN , worldtourplan09 , Bhutan VisitBhutan2020 Buddhapoint Kuenselphodrang traveltips tours vacation holiday AttractionsinBhutan Bhutantourism ,197,Thimphu 
2/9/20 13:26, cheap https t co ocmYL3mO1j , SyedSaa1 , ,1376,Thimphu 
2/9/20 13:21, the mid one https t co qcXIQAt9ZG , SyedSaa1 , ,1376,Thimphu 
2/9/20 11:31, The Full Moon in your 8th House of Regeneration casts a spell More for Capricorn https t co p6mL9a2MGB , yiwangpindarica , ,6938,Thimphu 
2/9/20 10:55, gauravpramanik Melbourne ma for studies sick of subways and bun , ayand17 , ,28,Thimphu 
2/9/20 8:51, ethanjacobslaw David Risney Think I can handle the half of 1 30 mns , Kradoukiel , ,122,Thimphu 
2/9/20 8:18, never be a back bencher but did this act daily in the class https t co RCGPGsEoYG , SyedSaa1 , ,1376,Thimphu 
2/9/20 8:15, good morning dear Olga https t co qzOQjppSeV https t co fkEvyI7Rrr , SyedSaa1 , ,1376,Thimphu 
2/9/20 8:02, You ll feel a strong pull to withdraw and tap into your imagin More for Virgo https t co ytH6jMhay1 , czdorji , ,2216,Thimphu 
2/9/20 8:01, You greet the day with a spirit of adventure ready to make da More for Sagittarius https t co FfKav1h4Nc , kintsho bht , ,28,Thimphu 
2/9/20 8:01, You could reach a pivotal moment in your personal life today More for Taurus https t co EECfQYA8HL , cixx67 , ,1492,Thimphu 
2/9/20 8:00, Work will undergo some dramatic changes thanks to today xe2 x80 x99s Full More for Pisces https t co uojyhA9mo8 , LobzangYeshey1 , ,301,Thimphu 
2/9/20 6:29, Delhi chooses Arvin xe2 x80 x99s Kejriwal Again BJP gains but power out of reach predicts Poll of Polls https t co xdb30kvsEy , gasebtandin , ,2278,Thimphu 
2/9/20 6:16, Coronavirus deaths exceed Sars fatalities in 2003 https t co H3hOY5nhoK , gasebtandin , ,2278,Thimphu 
2/9/20 6:15, Independent Spirit Awards The Farewell s Lulu Wang wins for best film https t co krY8A54cSx , gasebtandin , ,2278,Thimphu 
2/9/20 6:08, Join me dear https t co xcJUz8T2hK https t co 7v8Z77GZUj , SyedSaa1 , ,1376,Thimphu 
2/9/20 5:40, good morning my dear Sandra happy Sunday https t co 1LhyRUGweW https t co sswiRmbl7Q , SyedSaa1 , ,1376,Thimphu 
2/9/20 5:12, Thai soldier who went on deadly shooting rampage killed https t co YC0dSeJfYJ , gasebtandin , ,2278,Thimphu 
2/9/20 3:28, Thank you beautiful ladies of mine really we got new name xf0 x9f x98 x81 The Four xe2 x9d xa4 Our Day iMerit https t co x2zI3x2A1M , penchu171 , The Four Our Day iMerit ,6,Thimphu 
2/9/20 2:49, beautiful Joan https t co AQFKvF5f0A , SyedSaa1 , ,1376,Thimphu 
2/9/20 0:19, gauravpramanik Missing food back home big time And your posts are making me xf0 x9f xa5 xba , ayand17 , ,28,Thimphu 
2/8/20 23:45, AishaLUMS good morning xda x86 xd9 x88 xd8 xa6 xd8 xb5 xd8 xa7 xd8 xa8 plz brush your beautiful teeth drink glass of milk https t co v86eLIKcnw , SyedSaa1 , ,1376,Thimphu 
2/8/20 21:34, The crimson cupola On a silvery pedestal With an obi like penumbra dossal Amidst the dead of night Overlooking the tranquil Tshongdue The twinkles on the street Proffering a scenic possie To the titanic of xe2 x80 xa6 https t co gZe90ANVGV , crubaboza , ,1267,UraBumthang 
2/8/20 19:07, agreed https t co EOe4FXSCcO https t co q5KjwKsv8F , SyedSaa1 , ,1376,Thimphu 
2/8/20 18:34, Awesome series RagnarokNetflix https t co DMymWd9BIN , tenzinbhutan , RagnarokNetflix ,119,Thimphu 
2/8/20 18:28, Please fill this empty voids , pixie simpson93 , ,27,Thimphu 
2/8/20 18:15, Ha p p y 85th m o n t h s a r y t o a l l a r m y s o u t t h e r e xf0 x9f x92 x95I purple you all xf0 x9f x92 x9c bts xc3 x97army xe2 x9d xa3 https t co nOUON29Xqp , Sonamom6 , ,1,Punakha 
2/8/20 18:10, beauty in Saree https t co Gi1fc93JDd , SyedSaa1 , ,1376,Thimphu 
2/8/20 18:09, beauty in Saree https t co m527hBu5kn , SyedSaa1 , ,1376,Thimphu 
2/8/20 17:32, They don t remember what you try to teach them They remember what you are bhutan ig bhutan bhutan ig drukpa children bhutan awaits instantclicksbt amazingbhutan natgeo xe2 x80 xa6 https t co 9dlthoG8u0 , Phuuuuubz19 , bhutan ig bhutan bhutan ig drukpa children bhutan awaits instantclicksbt amazingbhutan natgeo ,85,Thimphu 
2/8/20 17:22, Coronavirus update Confirmed case 34 546 in China Total death 722 people There are more than 320 reported cases outside China in 25 countries with two deaths As of 7th February 2020 Source thebhutanese , pgyamtsho , ,517,Thimphu 
2/8/20 17:04, AllyxTheBunny Spy hat and marshmallow pants and shirts , uchiha soma , ,4,Thimphu 
2/8/20 17:04, AllyxTheBunny Spy hat , uchiha soma , ,4,Thimphu 
2/8/20 17:00, LisboKateReal You have my support , uchiha soma , ,4,Thimphu 
2/8/20 16:59, AllyxTheBunny Can you give me some robux , uchiha soma , ,4,Thimphu 
2/8/20 16:49, KreekCraft Dude I vote you for president BUT BACON HAIR is a must , uchiha soma , ,4,Thimphu 
2/8/20 16:48, ColorsTV sidharth shukla Vivo India BeingSalmanKhan YES Any doubt ColorsTV BeingSalmanKhan , YBhutanese , ,188,Thimphu 
2/8/20 16:47, MakoMellow Done Roblox Username XGamer Lgnd11 , uchiha soma , ,4,Thimphu 
2/8/20 16:47, VijMahhi Both Shehnazz n Arti are independent player haha Funny audience , YBhutanese , ,188,Thimphu 
2/8/20 16:45, craft mystical I need robux , uchiha soma , ,4,Thimphu 
2/8/20 16:04, Me since 2019 https t co gpozQRnYt1 , namgayzam , ,20747,Thimphu 
2/8/20 15:44, India not to impose reciprocal fee on Bhutan tourists MEA The Tribune India https t co Cdi4NcUdzz , bhutanredchill , ,154,Thimphu 
2/8/20 15:22, Just did the most typical thing I do watched taylorswift13 xe2 x80 x98s Miss Americana A lot of good takes The best part was the constant need to reinvent ourselves everyday , sandeeps13 , ,270,Thimphu 
2/8/20 14:48, I just shared the Gothic Myst Manor Lot on TheSims4 Gallery ForgottenHollow ShowUsYourBuilds Gothic victorian https t co C5nVrDL6e0 , Bu773rf1y8 , TheSims4 ForgottenHollow ShowUsYourBuilds Gothic victorian ,1,Thimphu 
2/8/20 14:46, Plantation HoumasHouse Gothic victorian gingerbreadhouse ForgottenHollow ShowUsYourBuilds TheSims4 Gallery https t co ZuONtO5pdB , Bu773rf1y8 , Plantation HoumasHouse Gothic victorian gingerbreadhouse ForgottenHollow ShowUsYourBuilds TheSims4 ,1,Thimphu 
2/8/20 14:43, yes dear https t co qSt9G74riz , SyedSaa1 , ,1376,Thimphu 
2/8/20 14:40, BlondeMDToBe Try Buddhist Meditation I came across many who say has positive effect on them xf0 x9f x98 x8a , DziJ , ,1611,Thimphu 
2/8/20 14:09, AishaLUMS good night xda x86 xd9 x88 xd8 xa6 xd8 xb5 xd8 xa7 xd8 xa8 cu tomorrow https t co 6mCKOdHtkp , SyedSaa1 , ,1376,Thimphu 
2/8/20 13:42, good evening Maryam https t co c5LaowyQei https t co 5KNLg6P88F , SyedSaa1 , ,1376,Thimphu 
2/8/20 13:33, No wonder https t co RbogXgGPIz , namgayzam , ,20747,Thimphu 
2/8/20 13:12, Did it stretch to Eastern Bhutan https t co YPpL8KGRhq , DziJ , ,1611,Thimphu 
2/8/20 11:31, Insights sharpen your perception of hidden elements and patter More for Capricorn https t co p6mL9a2MGB , yiwangpindarica , ,6938,Thimphu 
2/8/20 11:26, Photo by Mahendra Timsina The crimson breasted woodpecker or scarlet breasted woodpecker is a species of bird in the family Picidae It is found in Bangladesh Bhutan China India Laos Myanmar Nepal Thailand and Vietnam birding birdwatching acholala tours and travels https t co gLw83B5dif , AcholalaT , acholala tours and travels ,9,Thimphu 
2/8/20 8:31, ok close ur eyes imagine you have zinger in ur hand pls bite n chew https t co SncGp00A1U , SyedSaa1 , ,1376,Thimphu 
2/8/20 8:02, You have a strong inclination to work in solitude quietly att More for Virgo https t co ytH6jMhay1 , czdorji , ,2216,Thimphu 
2/8/20 8:01, You need open space and freedom to explore interesting new vis More for Sagittarius https t co FfKav1h4Nc , kintsho bht , ,28,Thimphu 
2/8/20 8:01, You xe2 x80 x99re motivated to release anything that no longer serves you More for Taurus https t co EECfQYA8HL , cixx67 , ,1492,Thimphu 
2/8/20 8:00, Your creative skills and talents are welcomed in the workplace More for Pisces https t co uojyhA9mo8 , LobzangYeshey1 , ,301,Thimphu 
2/8/20 7:10, happy birthday dear https t co YTWJ6QIvAW https t co x8rxzRnHDo , SyedSaa1 , ,1376,Thimphu 
2/8/20 7:04, Thailand reports seven new coronavirus cases health ministry https t co dAqillIxnB , jamja79 , Thailand coronavirus ,494,Thimphu 
2/8/20 5:39, Statistics Visuals amp Infographics Everything you need to know about the coronavirus via SCMPgraphics https t co jxFQEFF5We WuhanPneumonia coronavirus wuhanvirus , czdorji , WuhanPneumonia coronavirus wuhanvirus ,2216,Thimphu 
2/8/20 3:06, Hiking Biking Rafting Picnicking Relaxing and Entertaining bhutantravel bhutantourism bhutan ig bhutandiaries gnh happyplace mtbiking hiking picnicking relaxing entertaining bhutantours xe2 x80 xa6 https t co zR5ILrLXMN , happy tashi , bhutantravel bhutantourism bhutan ig bhutandiaries gnh happyplace mtbiking hiking picnicking relaxing entertaining bhutantours ,1,Thimphu 
2/8/20 3:01, good morning my xda x86 xd9 x88 xd8 xa6 xd8 xb5 xd8 xa7 xd8 xa8 xdb x94 plz brush your beautiful teeth apply lotion on your hands and feet thanks https t co 01fjDR2MjK https t co b7ss0egkzs , SyedSaa1 , ,1376,Thimphu 
2/8/20 2:47, Liz Pecan 3B2 Treeckos the best baby tho xf0 x9f xa5 xba xf0 x9f xa5 xba , Caniiibal , ,11,Thimpu 
2/8/20 2:42, Viewing Tigernest monastery from the distance travel travelphotography traveltips traveltobhutan traveleverwhere tourism bhutan happybhutan https t co dat9OtpqLZ , happy tashi , travel travelphotography traveltips traveltobhutan traveleverwhere tourism bhutan happybhutan ,1,Thimphu 
2/7/20 18:43, RealVinduSingh Sid truly deserves to win dis show such a gem he is lets al pray fr him , kezwon , ,3,Thimphu 
2/7/20 17:59, ColorsTV imrealasim TheRashamiDesai Vivo India BeingSalmanKhan Flushmi never accept her fault Always bruh bruh Uffff , YBhutanese , ,188,Thimphu 
2/7/20 17:54, ColorsTV sidharth shukla imrealasim Vivo India BeingSalmanKhan Stop this shit ColorsTV And Complete the tash WTF , YBhutanese , ,188,Thimphu 
2/7/20 16:46, Coronavirus conspiracy theory Chinese coronavirus strain has been artificially created and that US intelligence agencies or American pharmaceutical companies are behind it https t co Dsydb7OZgX , jamja79 , Coronavirus Chinese coronavirus US American ,494,Thimphu 
2/7/20 16:23, A Day in His Eminence xe2 x80 x99s life https t co 3bo2b6GgJW https t co GR8TssahuD , tsheridorji , ,213,Thimphu 
2/7/20 16:16, realhimanshi What a joke , Kezang18699253 , ,2,Thimphu 
2/7/20 16:04, AchuKhegpa Yes Also because interest rate is low doesn t mean bank should lend excessively regardless of the paying capacity of the people Bank should also study and monitor the investment Eg release the loan based on the status of the project Many things to see and improve , ChhedupSangay , ,923,Thimphu 
2/7/20 16:00, Artistic beauty awaits you at every corner in Bhutan Unique and awe inspiring here is one architectural standout that is a must see MyBhutanArt MyBhutanArchitecture Architecture wanderlust adventureseeker doyoutravel travelmore goexplore wonderfulplaces https t co Xxb268D7JU , MyBhutan , MyBhutanArt MyBhutanArchitecture Architecture wanderlust adventureseeker doyoutravel travelmore goexplore wonderfulplaces ,935,Thimphu 
2/7/20 15:53, AchuKhegpa No not grants at all We need to study how loans are accessed and why poor people can t pay If Bank think more interest rates means more profit for them they also need to think non performance due to high interest means not getting their principal amount , ChhedupSangay , ,923,Thimphu 
2/7/20 14:45, verified Am I Eligible for Verification , ugyen , ,136,Thimphu 
2/7/20 14:21, Jack Septic Eye Happy Birthday Sean , Sonam Tshoks , ,12,Thimphu 
2/7/20 12:49, this is the solution https t co OpkIrt6iVo https t co wATviCvX86 , SyedSaa1 , ,1376,Thimphu 
2/7/20 11:31, Internal desires may be sacrificed for the sake of a loving re More for Capricorn https t co p6mL9a2MGB , yiwangpindarica , ,6938,Thimphu 
2/7/20 10:55, China scientists identify pangolin as possible coronavirus host https t co W0iKSwHUgc , jamja79 , China pangolin coronavirus ,494,Thimphu 
2/7/20 10:30, Air Ticket Quotation https t co fK47t0krKw , moafbhutan , ,410,Thimphu 
2/7/20 10:17, xf0 x9d x97 x96 xf0 x9d x97 xae xf0 x9d x97 xb9 xf0 x9d x97 xb9 xf0 x9d x97 xb3 xf0 x9d x97 xbc xf0 x9d x97 xbf xf0 x9d x97 xa1 xf0 x9d x97 xae xf0 x9d x98 x81 xf0 x9d x98 x82 xf0 x9d x97 xbf xf0 x9d x97 xb2 xf0 x9d x97 x9a xf0 x9d x98 x82 xf0 x9d x97 xb6 xf0 x9d x97 xb1 xf0 x9d x97 xb2 xf0 x9d x97 xa7 xf0 x9d x97 xbf xf0 x9d x97 xae xf0 x9d x97 xb6 xf0 x9d x97 xbb xf0 x9d x97 xb6 xf0 x9d x97 xbb xf0 x9d x97 xb4 There are 25 slots available for a month long Nature Guide Training to be held from 1st week of March 2020 in Bumthang Interested can apply on or before 26 February 2020 For details click here https t co kupkTOqXVy , moafbhutan , Bumthang ,410,Thimphu 
2/7/20 10:14, Shortlisted candidates for Chief Forestry Officer https t co m14wmaZaKg , moafbhutan , ,410,Thimphu 
2/7/20 10:13, Vacancy re announcement for Specialist Head under Department of Agriculture https t co I2C8mTNHsa , moafbhutan , ,410,Thimphu 
2/7/20 10:11, The DepartmentofAgriculturalMarketingandCooperatives has now a registered logo for xf0 x9d x97 x95 xf0 x9d x97 x96 xf0 x9d x97 xa2 xf0 x9d x97 xa2 xf0 x9d x97 xa3 Bhutan Co operative All the shop operators are requested to use this standard logo on the B CO OP shop signboards https t co 7MAHQhwzR4 https t co p3OsyBU5YN , moafbhutan , DepartmentofAgriculturalMarketingandCooperatives ,410,Thimphu 
2/7/20 10:08, This is to inform all that the Executive Order No SEC 03 2019 2020 307 shall apply only to ex country travel However the in country training meetings and workshops can be conducted as planned while refraining any ex country travel until further notice https t co Cc4dWotvOC , moafbhutan , ,410,Thimphu 
2/7/20 10:02, Public notification on xf0 x9d x97 x96 xf0 x9d x97 xbc xf0 x9d x97 xbf xf0 x9d x97 xbc xf0 x9d x97 xbb xf0 x9d x97 xae xf0 x9d x98 x83 xf0 x9d x97 xb6 xf0 x9d x97 xbf xf0 x9d x98 x82 xf0 x9d x98 x80 MoAF informs the general public not to import amp consume food items especially raw meat fresh fruits amp vegetables from unidentified sources across the border as the source of virus is not established https t co 1ZwVZ1pd6M , moafbhutan , ,410,Thimphu 
2/7/20 9:04, red wine cider https t co nTgIfbDcVh , SyedSaa1 , ,1376,Thimphu 
2/7/20 8:38, i like coffee https t co rR2gtA3wod https t co nme81RoziG , SyedSaa1 , ,1376,Thimphu 
2/7/20 8:30, I dreamt of moonwalking with Einstein , sandeeps13 , ,270,Thimphu 
2/7/20 8:02, You xe2 x80 x99re drawn to mysteries today as Venus moves into your 8th H More for Virgo https t co ytH6jMhay1 , czdorji , ,2216,Thimphu 
2/7/20 8:01, You may overstep a boundary today in an effort to get closer t More for Sagittarius https t co FfKav1h4Nc , kintsho bht , ,28,Thimphu 
2/7/20 8:01, Your connections with others can give you some trouble when im More for Taurus https t co EECfQYA8HL , cixx67 , ,1492,Thimphu 
2/7/20 8:00, Sensual stimulation is important to you now and you may have More for Pisces https t co uojyhA9mo8 , LobzangYeshey1 , ,301,Thimphu 
2/7/20 7:42, florinpop1705 my colleague who is passionate in learning coding will definately love this course , SonamCh96724371 , ,9,Thimphu 
2/7/20 7:34, BBS Radio Tourism Levy and Exemption Bill of Bhutan 2020 https t co nDqALVUNUB , BBSBhutan , ,48158,Thimphu 
2/7/20 7:26, May all the sentient being blessed with happiness and harmony xf0 x9f x99 x8f xf0 x9f x99 x8f xf0 x9f x99 x8f blessings dairies blessesd happyplace Thimphu bhutan ig amazing bhutan Thimphu Bhutan https t co tj0D2rso27 , Shachagyeltshen , blessings dairies blessesd happyplace Thimphu bhutan ig amazing bhutan ,124,Thimphu 
2/7/20 7:23, This things calls me for some achievements in my life What more happier can I be when some souls recognizes what little I genuinely expressed That xe2 x80 x99s is the human to human real connection that we are not separated fundamentally we are one https t co XcU0Jr78RI , pphurba , ,4,Thimphu 
2/7/20 6:34, Photo by Mahendra Timsina The crested serpent eagle Spilornis cheela is a medium sized bird of prey It is found in forested habitats across tropical Asia birding birdwatching wildlife birds incredible earth conserve preserve beautiful earth acholala tours and travels https t co rIlDlKQwfg , AcholalaT , acholala tours and travels ,9,Thimphu 
2/7/20 6:31, Happy birth anniversary H Holiness Dungsey Garab Rinpochoe FromBhutan xf0 x9f x87 xa7 xf0 x9f x87 xb9 https t co 6jdBwMETDp , YBhutanese , FromBhutan ,188,Thimphu 
2/7/20 6:27, BBS Radio Continuous Formative Assessment System https t co ZTG0Wm3JDb , BBSBhutan , ,48158,Thimphu 
2/7/20 5:50, realhimanshi You xe2 x80 x99re very lucky to be loved by someone like Asim xf0 x9f x92 x95 , bdorji , ,61,Thimphu 
2/7/20 5:39, BBS Radio Disucssion on PP Admission Age https t co JWZLRABsLf , BBSBhutan , ,48158,Thimphu 
2/7/20 5:34, good morning Manni beautiful post https t co t5IDUG4I1E https t co 2p92g6rg9d , SyedSaa1 , ,1376,Thimphu 
2/7/20 4:59, davidmhecht academia davidmhecht I see some truths in the conclusion drawn in the article , pnamgyel , ,569,Thimphu 
2/7/20 4:48, pnamgyel academia If I may asked what are your reactions to the article Phuntsho , davidmhecht , ,416,Thimphu 
2/7/20 4:41, The research study says due to influence of donor countries forest policy in Bhutan is top down disproportionately skewed towards conservation of nature at the cost human well being Nature Conservation and Human Well Being in Bhutan https t co K8YmSafAhM via academia , pnamgyel , ,569,Thimphu 
2/7/20 4:23, RobloxBattles Am I eligible for Roblox Battles , uchiha soma , ,4,Thimphu 
2/7/20 4:03, Vibrant colors religious mask dances ancient fort and historical temples This week we are show casing the Punakha Tshechu This adventure will give you the opportunity to dive deeper into Bhutanese culture and xe2 x80 xa6 https t co xrD1i6TZay , bhutantravelers , ,62,Bhutan 
2/7/20 3:49, LisboKateReal Can you make a video on how to be a roblox youtuber , uchiha soma , ,4,Thimphu 
2/7/20 3:46, KreekCraft Make a video on How you can be a roblox youtuber guide , uchiha soma , ,4,Thimphu 
2/7/20 3:44, STRAWHAT LUFFi Troll VG in your next video , uchiha soma , ,4,Thimphu 
2/7/20 3:43, MyUsernamesThis Make a video about becoming a roblox youtuber tutorial tips and tricks kinda stuff , uchiha soma , ,4,Thimphu 
2/7/20 3:02, good morning xda x86 xd9 x88 xd8 xa6 xd8 xb5 xd8 xa7 xd8 xa8 xd8 xa7 xd9 x88 xda xa9 xd8 xa7 xda x91 xd9 x88 xdb x8c plz brush your beautiful teeth have glass of milk thankyou https t co zDHF3yrRRl https t co pSDgHVJzNP , SyedSaa1 , ,1376,Thimphu 
2/7/20 2:07, Book your Bhutantour with us https t co HPRKE1ogzP worldtourplan traveltips bhutantravelagency bhutantourism happinessisaplace holidays howtoreachbhutan bhutantripplanner bhutantravelagency wtpBhutan visitbhutan2020 centenarypark https t co wZ4wh8XMme , worldtourplan09 , Bhutantour worldtourplan traveltips bhutantravelagency bhutantourism happinessisaplace holidays howtoreachbhutan bhutantripplanner bhutantravelagency wtpBhutan visitbhutan2020 centenarypark ,197,Thimphu 
2/6/20 20:37, HIs name is Jigme he s a Lammergeier oc characterdesign ArtistOnTwitter https t co XfSMui5Y8F , Caniiibal , oc characterdesign ArtistOnTwitter ,11,Thimpu 
2/6/20 18:11, A crescent bright moon And the late night mellows A deep soothing slumber And the bygone tranquil moment Astray wishful postulation A chimera of ones desire poet poem not so good poet Paro Bhutan https t co aDgvTHM3Mj , crubaboza , poet poem not so good poet ,1267,UraBumthang 
2/6/20 18:08, ColorsTV Vivo India BeingSalmanKhan Fake , YBhutanese , ,188,UraBumthang 
2/6/20 17:50, ColorsTV Vivo India BeingSalmanKhan That was good Arti n fakenazz deserved more then that bb At first Paras played fair n good game EVERY ACTION HAS OPPOSITE AND EQUAL REACTION , YBhutanese , ,188,UraBumthang 
2/6/20 17:42, ColorsTV TheRashamiDesai Vivo India BeingSalmanKhan We didnt find that they must not take out their hands n all , YBhutanese , ,188,UraBumthang 
2/6/20 17:42, ColorsTV imrealasim Vivo India BeingSalmanKhan Why bb is favouring Arti n Fakenazz , YBhutanese , ,188,UraBumthang 
2/6/20 17:38, ColorsTV Vivo India BeingSalmanKhan Bb13 is becoming boring at the end Ufff , YBhutanese , ,188,UraBumthang 
2/6/20 17:38, ColorsTV Vivo India BeingSalmanKhan What the hacked Even Arti n Sana took out their hands , YBhutanese , ,188,UraBumthang 
2/6/20 17:11, Live color fully colorful virgo xe2 x99 x8d xef xb8 x8f mamaki yolo xe2 x9c x8c https t co UXMz0Optcn , KuenzangL , ,205,UraBumthang 
2/6/20 16:07, StephenCorrySvl WWF Survival Greenpeaceafric greenpeaceindia greenpeaceusa Thank you StephenCorrySvl for the gift of the book I have already started to read it https t co rLWHz2QbnL , pnamgyel , ,569,Thimphu 
2/6/20 15:23, THANKS https t co 6eYfh5mpk6 https t co OzEEbo2aun , SyedSaa1 , ,1376,Thimphu 
2/6/20 15:23, GOOD NIGHT SANDRA https t co 9I853BvEmk https t co szd5DkXTmU , SyedSaa1 , ,1376,Thimphu 
2/6/20 15:21, SO WE ARE FRIENDS IF YOU DONT MIND https t co shOgeJX5Wp , SyedSaa1 , ,1376,Thimphu 
2/6/20 13:35, A N D In end the all I learned was how to be strong A L O N E traveldairies destinations ig bhutan silhouette adventuretime sunset Thimphu Bhutan https t co qrYMHErP6h , Shachagyeltshen , traveldairies destinations ig bhutan silhouette adventuretime sunset ,124,Thimphu 
2/6/20 13:29, ANNOUNCEMENT FOR ADMISSION TO IN SERVICE https t co o9fqNAq0sr IN NURSING AND MIDWIFERY amp https t co o9fqNAq0sr IN PUBLIC HEALTH 2020 xc2 xa0INTAKE https t co MB6Dx7bkgu , umsb123 , ,46,Thimphu 
2/6/20 13:09, beauties in Saree https t co u7W1vRUPuA , SyedSaa1 , ,1376,Thimphu 
2/6/20 12:06, JanVertonghen will always be my favourite Spurs defender Legend coys thfc , Tobgay333 , coys thfc ,34,Thimphu 
2/6/20 11:31, You have a strong need for communication and clarification in More for Capricorn https t co p6mL9a2MGB , yiwangpindarica , ,6938,Thimphu 
2/6/20 11:17, LisboKateReal I need some robux Kate Roblox username XGamer Lgnd11 , uchiha soma , ,4,Thimphu 
2/6/20 10:47, India s central bank holds steady seeks to balance growth and inflation https t co YPx9e2iZEs , jamja79 , India inflation ,494,Thimphu 
2/6/20 10:37, Thursday Special Blessings from Thimphu Dechenphug Lhakhang House of Local Deity Ap Gaynyen for the Well Being of All Sentient Beings xf0 x9f x99 x8f xf0 x9f x99 x8f xf0 x9f x99 x8f bhutan thursdayspecialblessings thursdayspecial thimphu xe2 x80 xa6 https t co Udnxm1VDK0 , bhutan majestic , bhutan thursdayspecialblessings thursdayspecial thimphu ,1134,Thimphu 
2/6/20 10:27, ArvindKejriwal Someone sent me https t co cngTMRS5NR , SinBangal , ,6,Thimphu 
2/6/20 10:17, I met Mr Sergey Kapinos Regional Rep of the UNODC based in New Delhi India yesterday We had meaningful discussions on further strengthening partnership between Bhutan and UNODC in areas of combating Trafficking in Persons and Elimination of Drugs and Gender based violence https t co e0zZUazs7E , FMBhutan , ,2264,Thimphu 
2/6/20 9:56, hhariri meilalina Thank you , cege79 , ,23,Thimphu 
2/6/20 8:47, have soup with me https t co n55uJUDPsD https t co ki24y29geo , SyedSaa1 , ,1376,Thimphu 
2/6/20 8:02, This is a day for connection and creativity You want to be fr More for Virgo https t co ytH6jMhay1 , czdorji , ,2216,Thimphu 
2/6/20 8:01, The Moon in your 8th House of Regeneration encourages you to m More for Sagittarius https t co FfKav1h4Nc , kintsho bht , ,28,Thimphu 
2/6/20 8:01, Circumstances today will require a more rational approach to p More for Taurus https t co EECfQYA8HL , cixx67 , ,1492,Thimphu 
2/6/20 8:00, It xe2 x80 x99s a challenge to maintain boundaries with others today beca More for Pisces https t co uojyhA9mo8 , LobzangYeshey1 , ,301,Thimphu 
2/6/20 7:34, Communication efforts at its best Honest Clear Technically sound amp Consistent is what we need from leadership at such times of public fear amp confusion Do listen Talkshow with Her Excellency Lyonpo Dechen Wangmo on Coronavirus https t co aHHbZsQVXh via YouTube , czdorji , ,2216,Thimphu 
2/6/20 6:43, The three most precious jewels in the entire world xf0 x9f x99 x8f xf0 x9f x99 x8f xf0 x9f x99 x8f https t co zKdLqcaBRJ , SherabNamgay1 , ,37,Thimphu 
2/6/20 6:18, corononavirus is not as dangerous as SARS and MERS were at least in terms of fatality rate https t co lw8PUooSdi , jamja79 , corononavirus SARS MERS ,494,Thimphu 
