2020-02-06 05:07:47, Have you entered the OWMAwards2020 xf0 x9f x8f x86 yet There s only 1 week left until the deadline Open to journalists filmmakers from all over the world the onewm awards recognise the world s best media coverage of developing countries You can enter here https t co c3Ayb7k7QQ , BhutanMediaFdn , OWMAwards2020 journalists filmmakers ,711,Thimphu 
2020-02-06 04:54:51, Photo by Mahendra Timsina The common kingfisher also known as the Eurasian kingfisher and river kingfisher is a small kingfisher with seven subspecies recognized within its wide distribution across Eurasia and North Africa birding birdwatching acholala tours and travels https t co wHaAq8II5j , AcholalaT , acholala tours and travels ,8,Thimphu 
2020-02-06 04:48:04, HelloItsVG I need some robux Username XGamer Lgnd11 , uchiha soma , ,1,Thimphu 
2020-02-06 04:44:05, MyUsernamesThis I need some robux Username XGamer Lgnd11 , uchiha soma , ,1,Thimphu 
2020-02-06 04:43:13, GST xe2 x80 x99s impact on the economy https t co JpcvfuUDnL https t co qgpDItzFqM , business bhutan , ,9416,Thimphu 
2020-02-06 04:42:57, KreekCraft I need some robux Roblox Username XGamer Lgnd11 , uchiha soma , ,1,Thimphu 
2020-02-06 04:38:39, Crack meters installed to monitor cracks in Kuenga Rabten https t co ehUPz91sjp https t co sGImjqInA6 , business bhutan , ,9416,Thimphu 
2020-02-06 04:36:42, good morning Dear Sarika https t co zlEGyRa9lC https t co t9dM5Zlary , SyedSaa1 , ,1340,Thimphu 
2020-02-06 04:34:30, 26 students complete winter weaving course at RTA https t co eqrU0VqrQn https t co NSomiL4izv , business bhutan , ,9416,Thimphu 
2020-02-06 04:31:05, MoU signed to develop human resources in cultural management https t co dJ9BTy49r5 https t co OnKlkietXd , business bhutan , ,9416,Thimphu 
2020-02-06 04:27:58, Trump acquitted of all impeachment charges in the US Senate https t co r1dMGimCco , ChhedupSangay , ,923,Thimphu 
2020-02-06 04:19:31, Govt to implement National Competition Policy https t co V4xK7hWlL3 https t co wmLDsPlfX6 , business bhutan , ,9416,Thimphu 
2020-02-06 04:16:33, WildThingsInitv Sick , pnamgyel , ,569,Thimphu 
2020-02-06 04:12:52, hhariri sir i am thinking of creating the first Kotlin user group in Bhutan Any inspiration as i am myself just started on Kotlin only a few months back , cege79 , ,23,Thimphu 
2020-02-06 03:59:32, Kirk Douglas Hollywood legend dies at 103 https t co kywP3mB2AP , gasebtandin , ,2272,Thimphu 
2020-02-06 03:57:16, Trump acquitted of all impeachment charges in the US Senate https t co t1BC7amYxA , gasebtandin , ,2272,Thimphu 
2020-02-06 03:54:19, good morning dear Ayesha https t co FZmhzqVRji https t co md5LW7xN1s , SyedSaa1 , ,1340,Thimphu 
2020-02-06 03:52:22, Announcement of opening of applications for the Nehru Wangchuck Scholarship 2020 2021 intake https t co Qtx5Hfo9Vt , Indiainbhutan , ,7879,Thimphu 
2020-02-06 03:44:22, Cough and cold season i guess Literally mute for two days xf0 x9f x98 x9e , sonamtenzin244 , ,531,Thimphu 
2020-02-06 03:31:25, Discounts like never before Buy Samsung smartphones from your nearest TashiCell office at unbelievable prices Click https t co ytkJWXZIc6 TashiCell Samsung https t co fWE8PKCtgy , TashiCell , TashiCell Samsung ,1631,Thimphu 
2020-02-06 03:12:39, good morning dear Rani beautiful teeth I love to kiss them https t co YsyIhKW6Qz https t co 7YpoMDlGT3 , SyedSaa1 , ,1340,Thimphu 
2020-02-05 22:02:14, PLANT LADY IS COMPLETE originalcharacter artwork art https t co 5vxnAgj1WF , Caniiibal , originalcharacter artwork art ,9,Thimpu 
2020-02-05 17:08:48, Welcome to Bhutan xf0 x9f x87 xa7 xf0 x9f x87 xb9 Ms Marcella from Milan Italy xf0 x9f x87 xae xf0 x9f x87 xb9 We had great conversation over a dinner at The Pema She compliments so much about Bhutan and truly happy that she made her Travel Bucket List Dream Come True xe2 x80 xa6 https t co pbJ5bcYrVW , bhutan majestic , ,1134,Thimphu 
2020-02-05 16:53:22, TheDailyShow Seems like Pete hacked the App and made himself at top since he already the knew the result before declaration xf0 x9f x98 x82 xf0 x9f x98 x82 xf0 x9f x98 x82 , GaleyPema , ,14,Thimphu 
2020-02-05 16:20:58, fumblypd HanxFingers But it xe2 x80 x99s easier to target her , namgayzam , ,20724,Thimphu 
2020-02-05 16:00:46, His Royal Highness The Gyalsey at Wangditse in Thimphu today Source His Majesy The King s Facebook page gyalseyatfour https t co XliaKZ67Hi , BhutanMediaFdn , gyalseyatfour ,711,Thimphu 
2020-02-05 15:40:57, kamaalrkhan JohnCena ColorsTV BeingSalmanKhan Seems like Jone Cena s account is also hacked kamaalrkhan , Tandy38410231 , ,3,Thimphu 
2020-02-05 14:26:10, CabCricket Congratulations xf0 x9f x91 x8f xf0 x9f x91 x8f xf0 x9f x91 x8f , ugyen , ,137,Thimphu 
2020-02-05 13:59:45, ThailandCricket BCBtigers ESPNcricinfo ICCMediaComms T20WorldCup CricketAus EmergingCricket ACCMedia1 brisbanetimes abcgrandstand Best Wishes Thailand , ugyen , ,137,Thimphu 
2020-02-05 13:54:02, mvallipuram MalaysiaCricket Beautiful , ugyen , ,137,Thimphu 
2020-02-05 12:41:25, 47janus Lost 1 0 , namgayzam , ,20724,Thimphu 
2020-02-05 11:31:47, Communication in a close partnership is harmonious today and y More for Capricorn https t co p6mL9a2MGB , yiwangpindarica , ,6939,Thimphu 
2020-02-05 11:19:02, More than 15 tourists cancel their trip because of corona virus scare https t co JjAFNDlU7I https t co pEg4xPeFWU , business bhutan , ,9416,Thimphu 
2020-02-05 11:16:37, Voucher tax removed https t co ngP98LVGmo https t co zleZo8z8sp , business bhutan , ,9416,Thimphu 
2020-02-05 11:13:15, JAB To Recognize Citizen Journalists In Bhutan https t co 1BePKEpFfl https t co KaE51YJaiu , business bhutan , ,9416,Thimphu 
2020-02-05 11:08:41, Yoga services for public to open in Phuentsholing Hospital https t co nXBVsb6m72 https t co 7h8LYg7a4f , business bhutan , ,9416,Thimphu 
2020-02-05 11:00:26, BoB launches xe2 x80 x98empower saving xe2 x80 x99 https t co HxgCbmpABq https t co VrMjjX2kdX , business bhutan , ,9416,Thimphu 
2020-02-05 10:57:46, Bhutan Space Week to be an annual event https t co fFC9AxQj4G https t co aA0sOJmL7l , business bhutan , ,9416,Thimphu 
2020-02-05 10:48:20, Royal Enfield Bike Tour In Bhutan Escape to the Kingdom of Happiness through these amazing motorcycle tours to Bhutan In this trip you will be guided to see the beauty of Bhutan including its cultures history xe2 x80 xa6 https t co e7O7MGldLV , duptshering6 , ,426,Bhutan 
2020-02-05 10:33:12, 60 000 in Bhutan Mostly in the construction sector https t co bDYozLvVO7 , TenzingLamsang , ,18596,Thimphu 
2020-02-05 10:20:00, visit country of Gross National Happiness Bhutan , RouteBhutan , ,0,Thimphu 
2020-02-05 09:45:27, RealVinduSingh Salman sir to Astin on WKV probably justvoot SidharthKeAsliFans AsliFans BB13OnVoot , YBhutanese , SidharthKeAsliFans AsliFans BB13OnVoot ,185,Thimphu 
2020-02-05 09:43:44, MediaZA1 SHERIN39037764 Many are misusing the tag justvoot SidharthKeAsliFans AsliFans BB13OnVoot , YBhutanese , SidharthKeAsliFans AsliFans BB13OnVoot ,185,Thimphu 
2020-02-05 09:41:57, JThakers Great justvoot SidharthKeAsliFans AsliFans BB13OnVoot , YBhutanese , SidharthKeAsliFans AsliFans BB13OnVoot ,185,Thimphu 
2020-02-05 09:40:38, Wishing our precious Gyalsey a very Happy Birthday xf0 x9f x92 x90 xf0 x9f x8e x82 https t co Awsfl8cnl4 , DziJ , ,1610,Thimphu 
2020-02-05 09:35:58, JonnyBones Don t forget to finish the fight off before round 5 got money on it , chunjurrinchhen , ,186,Thimphu 
2020-02-05 09:24:15, Wow that tackle was a red card parofc vs bengaluru , samtendorji , ,407,Thimphu 
2020-02-05 09:23:33, ErikPaartalu attitude Here we follow Gross National Happiness Behave yourself parofc bengalurufc , CZangpo , parofc bengalurufc ,116,Thimphu 
2020-02-05 09:21:52, ErikPaartalu yo Erik what the fuck , CZangpo , ,116,Thimphu 
2020-02-05 09:11:56, ruchisi25928895 IamSinghaniya Sagarhu82743402 justvoot Aree why so complicated , YBhutanese , ,185,Thimphu 
2020-02-05 09:09:18, JThakers justvoot so many changes hehe SidharthKeAsliFans AsliFans BB13OnVoot , YBhutanese , SidharthKeAsliFans AsliFans BB13OnVoot ,185,Thimphu 
2020-02-05 09:07:51, IamSinghaniya Sagarhu82743402 justvoot Agreed SidharthKeAsliFans AsliFans BB13OnVoot , YBhutanese , SidharthKeAsliFans AsliFans BB13OnVoot ,185,Thimphu 
2020-02-05 09:05:24, ColorsTV justvoot Vivo India BeingSalmanKhan Why to be calm when her reality is revealing out so badly Again many more drama will be created by fakenazz She never get tired of her fake drama but as a audience we get fade up SidharthKeAsliFans AsliFans BB13OnVoot , YBhutanese , SidharthKeAsliFans AsliFans BB13OnVoot ,185,Thimphu 
2020-02-05 09:02:28, JThakers Only him king Sid love SidharthKeAsliFans AsliFans BB13OnVoot , YBhutanese , SidharthKeAsliFans AsliFans BB13OnVoot ,185,Thimphu 
2020-02-05 08:58:24, IamSinghaniya Sagarhu82743402 justvoot 100 true SidharthKeAsliFans AsliFans BB13OnVoot , YBhutanese , SidharthKeAsliFans AsliFans BB13OnVoot ,185,Thimphu 
2020-02-05 08:57:33, GetNewsd irfankhan4real Only Sid SidharthKeAsliFans AsliFans BB13OnVoot , YBhutanese , SidharthKeAsliFans AsliFans BB13OnVoot ,185,Thimphu 
2020-02-05 08:56:27, sidharth shukla irfankhan4real Guys please use correct tag lines SidharthKeAsliFans AsliFans BB13OnVoot , YBhutanese , SidharthKeAsliFans AsliFans BB13OnVoot ,185,Thimphu 
2020-02-05 08:54:59, trendgyan irfankhan4real One n only Sid SidharthKeAsliFans AsliFans BB13OnVoot , YBhutanese , SidharthKeAsliFans AsliFans BB13OnVoot ,185,Thimphu 
2020-02-05 08:53:44, JThakers Support guys Hurry up SidharthKeAsliFans AsliFans BB13OnVoot , YBhutanese , SidharthKeAsliFans AsliFans BB13OnVoot ,185,Thimphu 
2020-02-05 08:51:51, Sagarhu82743402 justvoot Love SidharthKeAsliFans AsliFans BB13OnVoot , YBhutanese , SidharthKeAsliFans AsliFans BB13OnVoot ,185,Thimphu 
2020-02-05 08:51:50, PORSHE https t co 9PNRpOKie9 , SyedSaa1 , ,1340,Thimphu 
2020-02-05 08:49:24, ArshiKOfficial Sagarhu82743402 Support the tag SidharthKeAsliFans AsliFans BB13OnVoot , YBhutanese , SidharthKeAsliFans AsliFans BB13OnVoot ,185,Thimphu 
2020-02-05 08:47:55, JThakers I wish he wins today haha SidharthKeAsliFans AsliFans BB13OnVoot , YBhutanese , SidharthKeAsliFans AsliFans BB13OnVoot ,185,Thimphu 
2020-02-05 08:45:06, RealVinduSingh BeingSalmanKhan ColorsTV EndemolShineIND BiggBoss Why changes SidharthKeAsliFans AsliFans BB13OnVoot , YBhutanese , SidharthKeAsliFans AsliFans BB13OnVoot ,185,Thimphu 
2020-02-05 08:36:51, Slow motion https t co 1WrsEACeQN , ChogyalTshering , ,141,Thimphu 
2020-02-05 08:31:00, Happy birthday to our beloved gyalsey https t co zBx7jBWLvW , ChogyalTshering , ,141,Thimphu 
2020-02-05 08:18:43, Birthday Tashi Delek La Your Royal Highness The Gyalsey Jigme Namgyel Wangchuck Palden Drukpa Gyalo BMT Happiness House https t co nkKmyPiznm , bhutan majestic , ,1134,Thimphu 
2020-02-05 08:01:17, You can hold space for deep personal conversations now and y More for Sagittarius https t co FfKav1h4Nc , kintsho bht , ,28,Thimphu 
2020-02-05 08:01:08, You can discover a lot from having heartfelt conversations wit More for Taurus https t co EECfQYA8HL , cixx67 , ,1493,Thimphu 
2020-02-05 08:00:57, Paro Fc vs Bengaluru FC in a few minutes Second leg of AFC2020 https t co smIgLCuzrO , namgayzam , AFC2020 ,20724,Thimphu 
2020-02-05 08:00:17, You need to speak your mind freely and express yourself creati More for Pisces https t co uojyhA9mo8 , LobzangYeshey1 , ,301,Thimphu 
2020-02-05 07:54:30, 4th Birth Anniversary of Gyalsey Jigme Namgyel Wangchuck https t co DF5BYVSbi3 https t co 5QjQpVFRmq , tsheridorji , ,210,Thimphu 
2020-02-05 07:36:12, no time for nonsense https t co 6C8T3ETLpB , SyedSaa1 , ,1340,Thimphu 
2020-02-05 07:32:47, in Pakistan nobody loves me in yaroshalam she loves me https t co PHXjbC53Ch https t co 7FkTXsIWYu , SyedSaa1 , ,1340,Thimphu 
2020-02-05 07:28:36, yes she is my love we will marriage within couple of month https t co Kc8gTzEIEc https t co iSscxrRvml , SyedSaa1 , ,1340,Thimphu 
2020-02-05 05:46:39, chimis Thanks Chimi not sure if that passes for a review since I didn xe2 x80 x99t mention anything xf0 x9f x98 x86But yes felt good coming out of a theater in Thimphu feeling like I xe2 x80 x99ve watched something good every movie goer xe2 x80 x99s dream I guess , brooksound , ,45,Thimphu 
2020-02-05 05:26:21, Team TashiCell would like to felicitate the Hon xe2 x80 x99ble prince of Bhutan xf0 x9d x97 x9b xf0 x9d x97 xb6 xf0 x9d x98 x80 xf0 x9d x97 xa5 xf0 x9d x97 xbc xf0 x9d x98 x86 xf0 x9d x97 xae xf0 x9d x97 xb9 xf0 x9d x97 x9b xf0 x9d x97 xb6 xf0 x9d x97 xb4 xf0 x9d x97 xb5 xf0 x9d x97 xbb xf0 x9d x97 xb2 xf0 x9d x98 x80 xf0 x9d x98 x80 xf0 x9d x97 x9d xf0 x9d x97 xb6 xf0 x9d x97 xb4 xf0 x9d x97 xba xf0 x9d x97 xb2 xf0 x9d x97 xa1 xf0 x9d x97 xae xf0 x9d x97 xba xf0 x9d x97 xb4 xf0 x9d x98 x86 xf0 x9d x97 xb2 xf0 x9d x97 xb9 xf0 x9d x97 xaa xf0 x9d x97 xae xf0 x9d x97 xbb xf0 x9d x97 xb4 xf0 x9d x97 xb0 xf0 x9d x97 xb5 xf0 x9d x98 x82 xf0 x9d x97 xb0 xf0 x9d x97 xb8 warm and happy wishes on his 4th birthday Art by Langa Artworks TheGyalsey TashiCell https t co 0fi37XxR16 , TashiCell , TheGyalsey TashiCell ,1631,Thimphu 
2020-02-05 04:56:32, Photo by Mahendra Timsina The common kestrel is a bird of prey species belonging to the kestrel group of the falcon family Falconidae It is also known as the European kestrel Eurasian kestrel or Old World kestrel birding birdwatching wildlife acholala tours and travels https t co ml7N0e7LDV , AcholalaT , acholala tours and travels ,8,Thimphu 
2020-02-05 03:31:46, RealVinduSingh Nw da finale is vry nea so we shud al get as a one team to make sid da winner , kezwon , ,3,Thimphu 
2020-02-05 02:40:24, I often say that all I need in a movie is a xe2 x80 x98moment xe2 x80 x99 as I call it and that makes the film for me Through out xe2 x80 x98lunana xe2 x80 x99 I was looking for sth a xe2 x80 x98moment xe2 x80 x99 amp when it came it took me by surprise amp that made everything worthwhile Sat there feeling suddenly touched as credits rolled https t co PI2QlRNFqV , brooksound , ,45,Thimphu 
2020-02-05 02:38:09, DechenwangmoM Using this image of Gyalsey for my tweet la Thank you xf0 x9f x99 x8f , kuengawangmo , ,1902,Thimphu 
2020-02-05 02:36:52, Happy Birthday to Our Precious Prince xf0 x9f x8c xb8 xf0 x9f x8c xb8 xf0 x9f x8c xb8 https t co fdRygrSBa6 , kuengawangmo , ,1902,Thimphu 
2020-02-05 02:34:30, AaluMethi GOOD MORNING DEAR AALU https t co Ij40WOC8Y9 , SyedSaa1 , ,1340,Thimphu 
2020-02-05 02:28:29, w salam xda x86 xd9 x88 xd8 xa6 xd8 xb5 xd8 xa7 xd8 xa8 did you brush your teeth have glass of milk good morning R S V P https t co H1ZhGLFdKo https t co iXBPmxqKWU , SyedSaa1 , ,1340,Thimphu 
2020-02-05 02:07:46, Bhutan Cricket joins the nation in celebrating 4th Birth Anniversary of our beloved His Royal Highness The Gyalsey Jigme Namgyel Wangchuck by offering prayers for the Long Life Good Health and Happiness xf0 x9f x99 x8f xf0 x9f x99 x8f xf0 x9f x99 x8f https t co 1aGKgSDzGA , BhutanCricket , ,7923,Thimphu 
2020-02-05 02:00:49, On this auspicious occasion I join everyone in wishing the love of our lives His Royal Highness the Gyalsey a very happy birthday https t co NRLsk65xit , Chhimmy , ,1683,Thimphu 
2020-02-05 01:04:53, I would like to join the Nation in offering my humble prayers for the birth anniversary of His Royal Highness the Gyalsey xf0 x9f x99 x8f xf0 x9f x99 x8f xf0 x9f x91 x8d https t co c8KducbMRn , lhakidolma , ,1244,Thimphu 
2020-02-04 20:47:00, 1206 sonal realumarriaz BeingSalmanKhan ColorsTV Why the hell are you accusing imrealasim when ShrutiTuli herself denied being Asim s gf Do you want the limelight because you are a flop actor Tsk , rinzin wangmmo , ,21,Thimphu 
2020-02-04 20:40:00, RealVinduSingh Present MeraAdarshSid , YBhutanese , MeraAdarshSid ,185,Thimphu 
2020-02-04 20:27:16, PMBhutan Happy 4th birth anniversary to HRH the Gyalsey xf0 x9f x87 xa7 xf0 x9f x87 xb9 peaceBhutan , YBhutanese , peaceBhutan ,185,Thimphu 
2020-02-04 20:24:54, working on a monster lady design oc artwork wip https t co mT248MlDwv , Caniiibal , oc artwork wip ,9,Thimpu 
2020-02-04 20:12:48, Happy 4th Birth anniversary to HRH the Gyalsey xe2 x9d xa4 Future king xf0 x9f x87 xa7 xf0 x9f x87 xb9 fromBhutan https t co NNyijGpI5x , YBhutanese , fromBhutan ,185,Thimpu 
2020-02-04 20:03:12, KiranNav126 AbhishekSankla3 I dont like her n asim body language So rude nalla n naali MeraAdarshSid , YBhutanese , MeraAdarshSid ,185,Thimpu 
2020-02-04 20:01:33, Mon1kathakur Pdwayne25 RealVinduSingh If she support Sid she should also know that Sid never insult his friends n dont like the one who try to separate his friendship MeraAdarshSid , YBhutanese , MeraAdarshSid ,185,Thimpu 
2020-02-04 19:46:23, walnut crumble Thank you so much No its nit that i mislead your tweet but i found many Indian talking against the sustainable fees And u heartily thank you for the support , YBhutanese , ,185,Thimpu 
2020-02-04 19:40:34, walnut crumble As a Bhutanese I support my country and final hearing by the NA n NC As a defender Indians dont have right to ask question about the sustainable fees fromBhutan , YBhutanese , fromBhutan ,185,Thimpu 
2020-02-04 19:17:11, newpaper24 Beailutiful , YBhutanese , ,185,Thimpu 
2020-02-04 19:14:20, Controlling our desire for more learning 2 live within realistic limits isnt only in our own interest It xe2 x80 x99s also necessary if we are to overcome the challenges to life on Earth that our incessant quest for more generates xe2 x80 x94since the material resources of this planet are finite , YBhutanese , ,185,Thimpu 
2020-02-04 19:11:47, On this special day we join the nation in wishing our beloved Gyalsey an abundance of Joy Health Love and Peace xf0 x9f x99 x8f xf0 x9f x8f xbb xf0 x9f x87 xa7 xf0 x9f x87 xb9 xf0 x9f x92 x9b Happy birthday la Your Royal Highness xf0 x9f x99 x8f xf0 x9f x8f xbb xf0 x9f x87 xa7 xf0 x9f x87 xb9 xf0 x9f x92 x9b HRHGyalseyJigmeNamgyelWangchuck Bhutan xe2 x80 xa6 https t co XYyA4UylSH , KingdomEssences , HRHGyalseyJigmeNamgyelWangchuck Bhutan ,3,Thimpu 
2020-02-04 19:10:26, Chumashwari SidharthShukla answers to press media Love his response Bigboss ka winner ho to SiddhartShukla jaisa MeraAdrashSid a real winner , Kezang18699253 , SidharthShukla SiddhartShukla MeraAdrashSid ,2,Thimphu 
2020-02-04 19:07:44, Sedition case against Karnataka school for staging anti CAA play students questioned https t co KgX0M16F64 via indiatoday , Sanrangi , ,56,Thimphu 
2020-02-04 19:03:29, Reet85815196 I guess she was talking about bb14 hahaha Mahira n Paras was trying to go against Sid saali falltu reporter Sarita MeraAdarshSid , YBhutanese , MeraAdarshSid ,185,Thimphu 
2020-02-04 18:58:27, dhruvrastogi04 Will watch on feb 15 hahahah MeraAdarshSid , YBhutanese , MeraAdarshSid ,185,Thimphu 
2020-02-04 18:58:06, When white covers the nature It looks more beautiful soonWinterWillEnd xf0 x9f x98 x8a fromBhutan xf0 x9f x87 xa7 xf0 x9f x87 xb9 https t co tf6x6bUaFp , YBhutanese , soonWinterWillEnd fromBhutan ,185,Thimphu 
2020-02-04 18:52:40, dhruvrastogi04 Thats great but nowadays i quit bb coz of fakenazz Day by day she seems really irritating for me MeraAdarshSid , YBhutanese , MeraAdarshSid ,185,Thimphu 
2020-02-04 18:43:12, ColorsTV Vivo India BeingSalmanKhan Haha some media didnt do their homework well like Sarita talked shits What ever it was nice Many questions was asked to Saza in irony ways but psycho wont give shit damn on saali MeraAdarshSid , YBhutanese , MeraAdarshSid ,185,Thimphu 
2020-02-04 18:41:56, How s my squad for Gameweek 26 Kelly out for Lascelles as Kelly didn t return in several gameweeks https t co ACZA0W54EW , DeependraKoira5 , ,4,Thimphu 
2020-02-04 18:39:17, lecroissantbleu Frustration , Kradoukiel , ,119,Thimphu 
2020-02-04 18:37:48, joels188 It s okay thanks for the reply though , DeependraKoira5 , ,4,Thimphu 
2020-02-04 18:37:42, ColorsTV sidharth shukla Vivo India BeingSalmanKhan Dont try to promote SidNazz when the audience dont like about it ColorsTV MeraAdarshSid , YBhutanese , MeraAdarshSid ,185,Thimphu 
2020-02-04 18:29:32, joels188 I am in Add me too Team ID is 1117429 , DeependraKoira5 , ,4,Thimphu 
2020-02-04 18:06:45, beauty https t co ebtu24pt6v , SyedSaa1 , ,1340,Thimphu 
2020-02-04 17:54:06, My sincere and humble felicitations on the 4th Birth Anniversary of HRH The Gyalsey I join the nation in offering my prayers and wishes for the good health and long life of the Nation xe2 x80 x99s beloved Son , FMBhutan , ,2252,Thimphu 
2020-02-04 16:00:39, It is Winter in Bhutan This is a beautiful season to visit Season Bhutan MyBhutan https t co aEUB3drO8F , MyBhutan , Bhutan Season Bhutan MyBhutan ,936,Thimphu 
2020-02-04 15:53:19, On the very auspicious amp joyous occasion of the 4th Birth Anniversary of our beloved Gyalsey the management and staff of the Tourism Council of Bhutan offers our sincere prayers amp best wishes TASHI DELEK LA tourismbhutan happinessisaplace bhutan https t co OLiMBnLtaC , tourismbhutan , tourismbhutan happinessisaplace bhutan ,10456,Thimphu 
2020-02-04 15:38:28, xd8 xa2 xd9 xbe xda xa9 xdb x8c xd8 xa8 xda xbe xd9 x88 xd9 x84 xdb x81 xdb x92 I m still young and still strong https t co dAZgD7FBeb , SyedSaa1 , ,1340,Thimphu 
2020-02-04 15:11:33, zachking Both , Kradoukiel , ,119,Thimphu 
2020-02-04 12:34:25, xf0 x9d x97 x9b xf0 x9d x97 xbc xf0 x9d x97 xbd xf0 x9d x97 xb2 xf0 x9d x98 x86 xf0 x9d x97 xbc xf0 x9d x98 x82 xe2 x80 x99 xf0 x9d x97 xbf xf0 x9d x97 xb2 xf0 x9d x97 xbf xf0 x9d x97 xb2 xf0 x9d x97 xae xf0 x9d x97 xb1 xf0 x9d x98 x86 xf0 x9d x98 x81 xf0 x9d x97 xbc xf0 x9d x97 xbf xf0 x9d x97 xb2 xf0 x9d x97 xb0 xf0 x9d x97 xb5 xf0 x9d x97 xae xf0 x9d x97 xbf xf0 x9d x97 xb4 xf0 x9d x97 xb2 Offer starts tomorrow For more information call 7700 xf0 x9f x93 x9e TashiCell https t co lnplcDvvWG , TashiCell , TashiCell ,1631,Thimphu 
2020-02-04 12:22:10, wildcat Adopted homely https t co Qig14NNw0b , 17750879 , wildcat ,33,Thimphu 
2020-02-04 11:39:30, florinpop1705 Hello from Kingdom of Bhutan I am your fan i appreciate and follow you for all your work Plz give me this course i am starting to learn js so this would really help speed up my learning n understanding js https t co feRyPdpqV0 , SonamCh96724371 , ,8,Thimphu 
2020-02-04 11:31:41, A confusing interaction at the office spurs you to think about More for Capricorn https t co p6mL9a2MGB , yiwangpindarica , ,6939,Thimphu 
2020-02-04 11:23:31, Something wrong with Trump xe2 x80 x99s MAGA https t co 3L3t06548T , jamja79 , Trump MAGA ,494,Thimphu 
2020-02-04 10:44:45, xe2 x80 x9c However if the sexual intercourse between children of sixteen to eighteen years was consensual when it occurred it shall not be considered to be rape thereafter even if one of the children has become an adult when a complaint is lodged xe2 x80 x9d https t co KAFU57FpOA , ChhedupSangay , ,923,Thimphu 
2020-02-04 10:23:53, I believe in me not what other says https t co XdElnG5z5H , Karma64012365 , ,0,Thimphu 
2020-02-04 09:21:36, Applications for Asia Journalism Fellowship AJF in Singapore are open now Mid level Bhutanese journalists can apply Contact the executive director of BMF who is the 2012 AJF fellow from Bhutan to know more about the fellowship at 02 331716 or 17624833 https t co 6zvUd8EVB3 , BhutanMediaFdn , ,711,Thimphu 
2020-02-04 09:06:27, Maturefootlover queen rainha feet of my queen , SyedSaa1 , ,1340,Thimphu 
2020-02-04 08:28:13, before Christ for cultured ppl BN behan chod for you and your fellow citizen https t co JA9WNCizZX , SyedSaa1 , ,1340,Thimphu 
2020-02-04 08:09:53, Photo by Mahendra Timsina The chestnut bellied nuthatch belongs to the family Sittidae It is found in the Indian Subcontinent occurring in the countries of India Tibet Bangladesh Bhutan and Nepal birding birdwatching bird photography wildlife acholala tours and travels https t co TBXodITy6L , AcholalaT , acholala tours and travels ,8,Thimphu 
2020-02-04 08:01:18, Intertwining and bonding with others could come more easily no More for Sagittarius https t co FfKav1h4Nc , kintsho bht , ,28,Thimphu 
2020-02-04 08:01:09, Gathering intel right now helps you to feel safe the more you More for Taurus https t co EECfQYA8HL , cixx67 , ,1493,Thimphu 
2020-02-04 08:00:18, Set firm foundations today as this will prevent scattering yo More for Pisces https t co uojyhA9mo8 , LobzangYeshey1 , ,301,Thimphu 
2020-02-04 07:48:55, Vacancy Announcement xf0 x9f x91 x87 Eligible for only Bhutanese Nationality https t co pbRvZnLBt1 , BhutanCricket , ,7923,Thimphu 
2020-02-04 06:40:41, China amp WHO have extremely close ties China is the world s 2nd largest financial contributor to the U N WHO s previous DG was nominated by the Chinese govt China has blocked Taiwan s attendance at the WHO s annual health assembly since 2017 https t co SYbd7PXaFM , TenzingLamsang , ,18596,Thimphu 
2020-02-04 05:45:56, Discussion on the Penal Code Amendment Bill 2019 Part 2 https t co lYWNzZeDex via YouTube , BBSBhutan , ,48101,Thimphu 
2020-02-04 04:38:38, mobile habits https t co PSyf8ftEo0 , jamja79 , mobile ,494,Thimphu 
2020-02-04 04:36:26, BBS Radio Discussion on the Penal Code Amendment Bill 2019 Part 1 https t co BaVwoN06i9 , BBSBhutan , ,48101,Thimphu 
2020-02-04 04:21:27, Admission Criteria https t co 2CElGG8hXK , umsb123 , ,44,Thimphu 
2020-02-04 01:54:45, From The Economist Espresso Quotation of the day https t co t8F6mEl3bg https t co BAsjcdhq9T , dorpen71 , ,1034,Thimphu 
2020-02-03 20:48:36, AaluMethi at hm in Karachi good night https t co TwrlxQxwa3 , SyedSaa1 , ,1340,Thimphu 
2020-02-03 18:12:47, ColorsTV Vivo India BeingSalmanKhan Give it to Saza RightChioceSid , YBhutanese , RightChioceSid ,185,Thimphu 
2020-02-03 17:32:27, The most touching story A baby in the hospital lend his arms asking father s hug but father returns tearful Baby is in the hospital treating from coronavirus https t co Hh9MozB5tk , ChhedupSangay , ,923,Thimphu 
2020-02-03 16:13:02, ThailandCricket ICC ICCMediaComms ICCAsia1 cricbuzz imfemalecricket ESPNcricinfo WomensCricZone Best Wishes Thailand , ugyen , ,137,Thimphu 
2020-02-03 16:00:38, Learn more about Bhutan here https t co PwjIZANqPQ MyBhutan wanderlust adventureseeker doyoutravel travelmore https t co SicaN65JFj , MyBhutan , MyBhutan wanderlust adventureseeker doyoutravel travelmore ,936,Thimphu 
2020-02-03 15:37:52, Yo Yo guys I am at the moment feeling very happy and contented with what I am doing Few weeks ago I have introduce one the delicious water on this earth to one of my friend Mr Kezang Dorji He is in his mid xe2 x80 xa6 https t co BogqDfglCX , MasterTshewang , ,143,Bhutan 
2020-02-03 15:04:50, Cycle the winding roads and watch the snowy peaks rise above the faint gorges covered with lush green forests Bhutan lends to the crazy cyclists a contrasting terrain that adds on to the cycling thrill The smooth xe2 x80 xa6 https t co 5irE0dtadh , duptshering6 , ,426,Bhutan 
2020-02-03 13:20:42, Bidding farewell to Ambassador Harinder Sidhu who completes her term as Australia xe2 x80 x99s Ambassador to Bhutan Her efforts and contributions have been instrumental in promoting and strengthening the goodwill and friendship between Bhutan and Australia https t co 03k1e2FgEM , FMBhutan , ,2252,Thimphu 
2020-02-03 11:35:37, Clarification regarding provision on tax residency of NRIs in Finance Bill 2020 https t co IFlUz5B3bn , Indiainbhutan , ,7879,Thimphu 
2020-02-03 11:31:42, You xe2 x80 x99re starting to regret all the money you xe2 x80 xafspent xe2 x80 xafon recreatio More for Capricorn https t co p6mL9a2MGB , yiwangpindarica , ,6939,Thimphu 
2020-02-03 09:52:50, Humans are truly amazing https t co qy1ezfBtud , ChhedupSangay , ,923,Thimphu 
2020-02-03 09:44:12, xe2 x80 x9cAll students enter law school with a certain amount of idealism and desire to serve the public but after three years of brutal competition we care for nothing but the right job with the right firm where we can make partner in seven years and earn big bucks xe2 x80 x9d xe2 x80 x95 John Grisham , ChhedupSangay , ,923,Thimphu 
2020-02-03 09:08:33, Photo by Mahendra Timsina The chestnut crowned laughingthrush is a species of bird in the family Leiothrichidae It is found in Bhutan China India and Nepal birding birding bhutan birdwatching birdwatching bhutan bird photography asia acholala tours and travels https t co T5AhMxIy8j , AcholalaT , acholala tours and travels ,8,Thimphu 
2020-02-03 09:06:22, Photo by Mahendra Timsina The blue throated barbet is an Asian barbet with bright green blue and red plumage native to the Indian subcontinent and Southeast Asia birding birding bhutan birdwatching birdwatching bhutan bird photography asia acholala tours and travels https t co wkQfpIlE3y , AcholalaT , acholala tours and travels ,8,Thimphu 
2020-02-03 08:01:18, There xe2 x80 x99s a good possibility that you will have to clear up some More for Sagittarius https t co FfKav1h4Nc , kintsho bht , ,28,Thimphu 
2020-02-03 08:01:09, There may be some confusion today regarding an attractive xe2 x80 xafacqu More for Taurus https t co EECfQYA8HL , cixx67 , ,1493,Thimphu 
2020-02-03 08:00:17, You are charming and talkative xe2 x80 xaftoday attracting people to you More for Pisces https t co uojyhA9mo8 , LobzangYeshey1 , ,301,Thimphu 
2020-02-03 06:59:33, If you want to run run a mile If you want to experience a different life run a marathon Join us on 7th March 2020 Punakha REGISTER NOW BIM2020 marathon full half Punakha Bhutan sports https t co cf3MmquRpl , BhutanOlympic , BIM2020 marathon full half Punakha Bhutan sports ,796,Thimphu 
2020-02-03 06:55:20, The Bhutan Tennis Federation BTF successfully conducted the first Tennis Carnival in the capital on 30th January 2020 More than 100 participants from all walks of life took part in the carnival https t co 46IllJhG1P , BhutanOlympic , ,796,Thimphu 
2020-02-03 05:48:36, Chiefs NO WHAT shame racist , davidmhecht , shame racist ,417,Thimphu 
2020-02-03 05:13:51, Monstercat Far Away Slushii xe2 x9d xa4 xef xb8 x8f , Xiao920 , ,65,Thimphu 
2020-02-03 04:50:06, I choose what I love not what I pity Live for the better tomorrow and forget yesterday xe2 x9d xa4 xf0 x9f x99 x89 https t co 7q7gkCqjao , penchu171 , ,6,Thimphu 
2020-02-03 04:48:52, namgayzam BBCWorld petracostal You make the country proud Lot of Tashi Delek la , pnamgyel , ,569,Thimphu 
2020-02-03 04:10:38, ShaMaFoundation email address edu thimphu mea gov in , Indiainbhutan , ,7879,Thimphu 
2020-02-03 03:50:46, 179 infected by coronavirus outside mainland China NHK WORLD JAPAN News https t co huwAaEhwye , gasebtandin , ,2272,Thimphu 
2020-02-03 03:03:03, MUSTDIEmusic Yeah xf0 x9f x98 x8c , Xiao920 , ,65,Thimphu 
2020-02-03 02:07:07, baxiabhishek Congratulations xf0 x9f x8e x89 , TenzingLamsang , ,18596,Thimphu 
2020-02-03 02:02:17, Pemalingpa13 There should be a public company where 51 shares are held by govt and remaining with the general public The govt has to be involved as there is good money in this business and for carrying out responsible mining BTW SMC made huge profits and all are given to the Govt , pem pa , ,312,Thimphu 
2020-02-03 01:35:09, Thanks la https t co nK3lyWFs9o , Norbu12 , ,45,Thimphu 
2020-02-03 01:30:27, Just posted a photo https t co LCKN7wjvxD , ChogyalTshering , ,141,Thimphu 
2020-02-03 01:04:18, Do you remember when you joined Twitter I do MyTwitterAnniversary I have come a long way with twitter xf0 x9f xa4 xaa xf0 x9f xa4 xaa 5 years xf0 x9f xa5 xba https t co f8H9L4ilmF , sonamtenzin244 , MyTwitterAnniversary ,531,Thimphu 
2020-02-03 00:25:53, AaluMethi good morning Methi leaving for multan sukkur https t co YMy1LxsmCG , SyedSaa1 , ,1340,Thimphu 
2020-02-02 20:38:34, Sober Lady https t co puanRFcB1p , SyedSaa1 , ,1340,Thimphu 
2020-02-02 18:00:49, BollySpy Siddians Yes I do , Kezang18699253 , ,2,Thimphu 
2020-02-02 17:52:02, BTS xeb xb0 xa9 xed x83 x84 xec x86 x8c xeb x85 x84 xeb x8b xa8 MAP OF THE SOUL 7 Outro Ego Comeback Trailer https t co 7P6JGmMJV6 via YouTube ego is here And it xe2 x80 x99s the BEST , Scarlet bunny , ,141,Thimphu 
2020-02-02 17:43:10, Thank you for giving us your birthday dp xf0 x9f x92 x9c xf0 x9f x92 x9c xf0 x9f x92 x9c xf0 x9f x92 x9c xf0 x9f x92 x9c https t co dv76DianrQ , Scarlet bunny , ,141,Thimphu 
2020-02-02 17:36:43, BTS twt Jhope you are the best I love this sooong and the MV soooooo much , Scarlet bunny , ,141,Thimphu 
2020-02-02 17:28:12, ha ha ha really you followed me https t co 2D6KRAEnHg , SyedSaa1 , ,1340,Thimphu 
2020-02-02 17:25:39, ColorsTV Sourav06256632 sidharth shukla Vivo India BeingSalmanKhan Yes Yes yes , YBhutanese , ,185,Thimphu 
2020-02-02 17:14:49, KreekCraft KreekCraft Nice video Love your channel xD , uchiha soma , ,1,Thimphu 
2020-02-02 16:59:07, kokokokorikon the name xf0 x9f x98 x85 xf0 x9f x98 x85 , sonamtenzin244 , ,531,Thimphu 
2020-02-02 16:53:12, asimo3089 badimo Great similar to Madcity , uchiha soma , ,1,Thimphu 
2020-02-02 16:24:14, kamaalrkhan Not more haarami than YOU kamaalrkhan , Tandy38410231 , ,3,Thimphu 
2020-02-02 16:20:27, Tatksang Tigers Nest breath taking view and place worth visiting tigersnest bhutantravel parodairies https t co SZDUb8bBVP , Tanujbahuguna , tigersnest bhutantravel parodairies ,149,Bhutan 
2020-02-02 16:00:17, Festival fever is back Plan your trip to Bhutan so you can join us in the festivities MyBhutanFestival FestivalFever https t co DCd0YrDkg5 , MyBhutan , Bhutan MyBhutanFestival FestivalFever ,936,Thimphu 
2020-02-02 15:41:10, kairos catcher On point , namgayzam , ,20724,Thimphu 
2020-02-02 15:40:06, New bag of treat for Tyson amp Teddy at 1AM They deserve the best and growing strong as ever Thanks aangelineelaw for providing treats from across the globe BMT Happiness House https t co ypBU51x2yQ , bhutan majestic , ,1134,Thimphu 
2020-02-02 15:36:29, Teddy enjoying his warm winter meal Chicken Broth with Rice Chicken Sweet Potato The Love For Food BMT Happiness House https t co glsIgsBbJS , bhutan majestic , ,1134,Thimphu 
2020-02-02 15:31:11, Teddy enjoying his Sunday sun with full body combing life is awesome BMT Happiness House https t co KHmswsCFnF , bhutan majestic , ,1134,Thimphu 
2020-02-02 15:05:10, AaluMethi reach lahore tomorrow will proceed to multan , SyedSaa1 , ,1340,Thimphu 
2020-02-02 14:06:11, CebuPacificAir This was already resolved by your prompt CS team Thank you very much , knightkneeknew , ,23,Thimphu 
2020-02-02 13:55:39, Module development for BSc Forestry in College of Natural Resources Royal University of Bhutan ForestPathology ForestEntomology Bhutan https t co PYeCDrnqtL , JambayJax , ForestPathology ForestEntomology Bhutan ,24,Punakha 
2020-02-02 13:38:32, Photo by Mahendra Timsina The blue fronted redstart is a species of bird in the family Muscicapidae the Old World flycatchers It breeds in central China and the Himalayas birding birding bhutan birdwatching birdwatching bhutan bird photography acholala tours and travels https t co WrTcbhSMLi , AcholalaT , acholala tours and travels ,8,Thimphu 
2020-02-02 13:37:13, Photo by Mahendra Timsina The black stork ciconia nigra It has a white lower breast and belly Its bill and legs are red in colour birding birding bhutan birdwatching birdwatching bhutan bird photography asia acholala tours and travels https t co 6CuahRlqne , AcholalaT , acholala tours and travels ,8,Thimphu 
2020-02-02 12:59:53, The xc2 xa0Himalayan black bear xc2 xa0 Ursus thibetanus laniger is a subspecies of the xc2 xa0Asian black bear xc2 xa0found in the xc2 xa0Himalayas of xc2 xa0India Tibet xc2 xa0Nepal China xc2 xa0and xc2 xa0Pakistan Jigmeling gelephu https t co t5qk8O5g0J , rwangchuk88 , ,42,Paro 
2020-02-02 12:10:52, monster boots Same thing Read below the headline , TenzingLamsang , ,18596,Thimphu 
2020-02-02 12:08:02, Even India with 1 2 bn people have suspended giving visas to those from China This is a polite term for a travel ban Meanwhile Bhutan with around 700 000 feels really lucky as our peak tourist season starts amp we welcome thousands of Chinese tourists Bhutanese lives are cheap https t co nY49m0fPKb , TenzingLamsang , ,18596,Thimphu 
2020-02-02 11:55:06, Sharing some pictures of our monks taking bath in cold weather PC ogyentsuklagmonastery awaytobhutantravel awaytobhutan waytobhutan bbhutan ogyentsuklagmonastery monastery monk monasterylife buddhism xe2 x80 xa6 https t co YJ763nqSYQ , duptshering6 , awaytobhutantravel awaytobhutan waytobhutan bbhutan ogyentsuklagmonastery monastery monk monasterylife buddhism ,426,Bhutan 
2020-02-02 11:31:37, Though you re an Earth sign the Water element is strong for y More for Capricorn https t co p6mL9a2MGB , yiwangpindarica , ,6939,Thimphu 
2020-02-02 11:19:53, beautiful garden Rani https t co gRaw5hoR0T , SyedSaa1 , ,1340,Thimphu 
2020-02-02 11:17:30, full of juice https t co cOzsKvMAsc , SyedSaa1 , ,1340,Thimphu 
2020-02-02 11:05:36, Cuz it xe2 x80 x99s February monthoflove and love is red and bruised just as much that xe2 x80 x99s never enough So keep loving infinitely bekindtooneanother lovenbeloved roses xf0 x9f x8c xb9 rosesarered https t co XvdL71uJWW , Seeksha , monthoflove bekindtooneanother lovenbeloved roses rosesarered ,71,Thimphu 
2020-02-02 09:28:32, Babesa Dhaba What a treat A platter Thali costs Nu 150 only DISCLAIMER This is not a promotion I don xe2 x80 x99t know the owner https t co Mk25xuPQBO , Khampaa , ,3847,Thimphu 
2020-02-02 08:59:02, Comparing Dengue Corona and SARS https t co L7OTDJy0r8 , TenzingLamsang , ,18596,Thimphu 
2020-02-02 08:32:42, Wonder why BiggBoss13 is currently the most watched show in India My Indian friends please underline one suitable answer xf0 x9f x98 x89 , lhadenpema , BiggBoss13 ,53,Thimphu 
2020-02-02 08:02:48, You have a chance for heart warming and desirable interchanges More for Virgo https t co ytH6jMhay1 , czdorji , ,2216,Thimphu 
2020-02-02 08:01:19, Changing values will prompt you to reconsider your living situ More for Sagittarius https t co FfKav1h4Nc , kintsho bht , ,28,Thimphu 
2020-02-02 08:01:11, Allegiances are xe2 x80 xafvery xe2 x80 xafimportant to you today along with an exp More for Taurus https t co EECfQYA8HL , cixx67 , ,1493,Thimphu 
2020-02-02 08:00:19, The Moon in sensory xe2 x80 xafTaurus stimulates your xe2 x80 xafmind and propels yo More for Pisces https t co uojyhA9mo8 , LobzangYeshey1 , ,301,Thimphu 
2020-02-02 07:12:14, Correct you are right https t co LW93s7yxGT , SyedSaa1 , ,1340,Thimphu 
2020-02-02 05:47:28, While it is important we check our borders with India I am more worried about our flights bringing in loads of tourists and visitors from China Bangkok and other places , TenzingLamsang , ,18596,Thimphu 
2020-02-02 05:43:33, I wish our local authorities do a fact check before issuing notices like this The girl in Patna Bihar who came from China had flu like symptoms but she tested negative India has only two confirmed cases so far in Kerala South India But important we maintain our vigil https t co n710ZpAEwS , TenzingLamsang , ,18596,Thimphu 
2020-02-02 05:40:10, Sangaywk ycrinzin namgayzam The girl in Patna who came from China had flu like symptoms but she tested negative , TenzingLamsang , ,18596,Thimphu 
2020-02-02 05:34:55, I appreciate our government xe2 x80 x99s preparations but if we do not impose travel restrictions on those coming from China all the preparations may as well be a Corona welcome committee https t co 1MevakDIiV , TenzingLamsang , ,18596,Thimphu 
2020-02-02 05:32:43, You can xe2 x80 x99t beat the Indians when it comes to optimism xf0 x9f x99 x82 Wishing everyone a negative result after 2 weeks https t co nj7K91Asek , TenzingLamsang , ,18596,Thimphu 
2020-02-02 03:21:23, YongYea Shiniest loot box with insane textures like never before , chunjurrinchhen , ,186,Thimphu 
2020-02-02 02:27:11, no I m on highway https t co rHqJ43uTtr https t co i49hd5uxhj , SyedSaa1 , ,1340,Thimphu 
2020-02-02 02:07:52, Enjoy this beautiful and amazing view of this beautiful mountain by doing Jhomolhari Trek Plan your trekking tour in Bhutan with our local experts and get 10 offers on all our bhutan trekking tour packages xe2 x80 xa6 https t co vWqOBTD7JK , Bhutantravels , ,1072,Bhutan 
2020-02-02 02:03:36, Trekking in Bhutan is so unique as you will be accompanied by team of our licensed trekking guides cooks helpers and horseman Send your trekking requirements for the year 2020 bhutantrekkingexperts trekking2020 xe2 x80 xa6 https t co Yban6kED1D , Bhutantravels , bhutantrekkingexperts trekking2020 ,1072,Bhutan 
2020-02-02 01:58:10, Refresh your mind with Trekking in Bhutan through the pristine environment Start planning your Bhutan Trekking 2020 with Experts from Authentic Bhutan Tours bhutantrekking bhutantreks bhutantrekkingtours xe2 x80 xa6 https t co 2xxl2Bwanj , Bhutantravels , bhutantrekking bhutantreks bhutantrekkingtours ,1072,Bhutan 
2020-02-01 21:15:17, The ones who are always trying to put down the Rich are actually the ones working hard to become Rich They are Hypocrisy at best Be nice to Rich Help the poor and just f king move on , Tobgay333 , ,34,Thimphu 
2020-02-01 19:00:14, Want to visit Bhutan We are the only platform that lets you a design your trip with a expert experience designer b choose from our favorite experiences OR c craft your own custom experience at the lowest government rate MyBhutan MyBhutanDesign MyBhutanExplorer https t co vGWTneHdbh , MyBhutan , Bhutan MyBhutan MyBhutanDesign MyBhutanExplorer ,936,Thimphu 
2020-02-01 16:59:17, kamaalrkhan https t co dDBgMmGvEV u really deserved this award BAALTI AWARD , Tandy38410231 , ,3,Thimphu 
2020-02-01 16:35:09, kamaalrkhan Who the fuck is KRK to review BigBossSeason13 kamaalrkhan xf0 x9f x96 x95 xf0 x9f x96 x95 xf0 x9f x96 x95for u , Tandy38410231 , BigBossSeason13 ,3,Thimphu 
2020-02-01 14:15:53, M Hits Video January 2020 mstudiospreadthelove MstudioTop5VideosOfTheMonth youtubestats https t co qm553ePHPT , mstudiobhutan , mstudiospreadthelove MstudioTop5VideosOfTheMonth youtubestats ,230,Thimphu 
2020-02-01 13:47:58, Jack Septic Eye BOOMER , Sonam Tshoks , ,12,Thimphu 
2020-02-01 13:04:01, Seokjin talking in English 20 English words 80 YEAH YOU KNOW xf0 x9f xa4 xa3 xf0 x9f xa4 xa3 So adorable isn t it xf0 x9f x92 x95 xf0 x9f x92 x95 bts twt , selden e , ,4,Paro 
2020-02-01 12:49:02, Tobgay3 Besides Vehicle qouta 1 million paid for purchase of duty vehicle must also be stoped , cringngedup3 , ,48,Paro 
2020-02-01 12:44:50, Tashidelek Pawo Choyning Dorji and all other crew members for xe2 x80 x98Lunana A Yak in the Classroom xe2 x80 x99 Thank you for taking on the challenge of making a film in remote Lunana and telling this Bhutanese story so elegantly to the world Now showing at Lugar theatre Bhutan https t co mBrs0F3cAD , sangaykhandu , Bhutan ,7727,Thimphu 
2020-02-01 12:42:54, women in Saree https t co LxeKoNEfqy , SyedSaa1 , ,1340,Thimphu 
2020-02-01 12:37:02, TeamAsimRiaz BiggBoss imrealasim realumarriaz Love u AsimForTheWin , Esha60985512 , AsimForTheWin ,2,Thimphu 
2020-02-01 11:31:39, You benefit by being a bit more playful and adventurous today More for Capricorn https t co p6mL9a2MGB , yiwangpindarica , ,6939,Thimphu 
2020-02-01 10:52:15, happy birthday Fatima https t co KgBM7oISqx https t co 685JiONhsa , SyedSaa1 , ,1340,Thimphu 
2020-02-01 10:24:25, xe2 x80 xa2The white prayer flag is for good fortune by purifying negative karma xe2 x80 xa2The blue prayer flag is for health and longevity xe2 x80 xa2The yellow prayer flag is for victory over obstacles xe2 x80 xa2The red prayer flag is for fulfilling your wishes xe2 x80 xa2The green prayer flag is for compassion https t co IadUAlPYEY , AcholalaT , ,8,Thimphu 
2020-02-01 10:21:55, Bhutan is adorned with Chortens or Stupas It can be seen almost everywhere on hilltops in the valleys and even on the highways chortens stupas photography bhutan visit bhutan explore bhutan travel beautiful bhutan asia acholala expedition acholala tours and travels https t co Cl6XKRRXGi , AcholalaT , acholala tours and travels ,8,Thimphu 
2020-02-01 10:07:53, Add a big group from Bhutan to that list including the not so liberal worried about the , TenzingLamsang , ,18596,Thimphu 
2020-02-01 10:06:56, Mr Bhutan Yes both Chinese from China and anyone from China , TenzingLamsang , ,18596,Thimphu 
2020-02-01 08:59:33, Bhutan seems to be market of international training institutes https t co HxXjf0ntpg , Tobgay3 , ,102,Thimphu 
2020-02-01 08:33:48, Mr Bhutan xe2 x80 x98From China xe2 x80 x99 , TenzingLamsang , ,18596,Thimphu 
2020-02-01 08:07:30, igorwojda Medium U can share it on your blog or Facebook page , cege79 , ,23,Thimphu 
2020-02-01 08:02:45, You want this evening xe2 x80 x99s entertainment to be eye opening and th More for Virgo https t co ytH6jMhay1 , czdorji , ,2216,Thimphu 
2020-02-01 08:01:17, Today your focus is on practical routine matters having to do More for Sagittarius https t co FfKav1h4Nc , kintsho bht , ,28,Thimphu 
2020-02-01 08:01:09, The Bull in you asserts its independence by refusing to budge More for Taurus https t co EECfQYA8HL , cixx67 , ,1493,Thimphu 
2020-02-01 08:00:18, The power of persuasion is yours for the moment as you have g More for Pisces https t co uojyhA9mo8 , LobzangYeshey1 , ,301,Thimphu 
2020-02-01 07:49:40, Listen up circular squad firing liberals in India and the West it is NOT racist to demand one xe2 x80 x99s government to temporarily stop tourists from China given the level of infections and death there and how the virus is much more infectious than SARS , TenzingLamsang , ,18596,Thimphu 
2020-02-01 07:44:58, beauty in Saree https t co ynhpx4SUIr , SyedSaa1 , ,1340,Thimphu 
2020-02-01 07:24:23, NIILMUniversity Many thanks for your communications We will revert EOI Thimphu https t co IMlEqgcS7H , Indiainbhutan , ,7879,Thimphu 
2020-02-01 07:12:10, Mines amp Minerals Bill has been passed as an economic necessity Mining adversely impacts environment On the other hand sustainable forestry ensures biodiversity conservation It is an irony Bhutanese conservationists have problem with forestry but not with mines Bhutanforest https t co ogyNFLpXgF , pnamgyel , Bhutanforest ,569,Thimphu 
2020-02-01 05:48:35, HappyBirthdayHarryStyles love ya loads https t co OfQ6M8Cs1A , 1d choden , HappyBirthdayHarryStyles ,415,Paro 
2020-02-01 05:47:27, On the way to Bumthang bhutan Bhumthang monastery architecture art artistsoninstagram artoftheday temples awaytobhutantravel awaytobhutan waytobhutan travelinfluencer traveldiaries vacation Bumthang https t co OvcFJ3Cj23 , duptshering6 , bhutan Bhumthang monastery architecture art artistsoninstagram artoftheday temples awaytobhutantravel awaytobhutan waytobhutan travelinfluencer traveldiaries vacation ,426,Bhutan 
2020-02-01 05:44:49, BHSEC2019Results Tenzin Yangzom 75 75 from Taktse CS Karma Wangchuk 75 25 from Desi HS in Thimphu and Kezang Dawa 74 50 from Language and Culture Institute in a Thimphu are the toppers in Language and Culture Studies , BBSBhutan , BHSEC2019Results ,48101,Bhutan 
2020-02-01 05:44:06, BHSEC2019results Scoring 86 Kinley Namgyel from Motithang HSS in Thimphu tops the Arts stream followed by Tshering Yangden with 84 from Ugyen Academy and Kelzang Choden with 83 50 from Chukha CS Results are available at https t co boSw5L3U5Q , BBSBhutan , ,48101,Bhutan 
2020-02-01 05:25:43, vyshakmv Agreed , TenzingLamsang , ,18596,Thimphu 
2020-02-01 05:18:45, Sangaywk Stay safe , namgayzam , ,20724,Thimphu 
2020-02-01 03:09:00, AaluMethi good morning Aalu much better now https t co OwatJNGTVS , SyedSaa1 , ,1340,Thimphu 
2020-02-01 02:59:36, Brexit UK has officially left the European Union after 47 years of membership and more than three years after it voted to do so in a referendum https t co 3QKSqKJIQa , gasebtandin , ,2272,Thimphu 
2020-02-01 02:57:11, Why we should temporarily ban the entry of Chinese tourists https t co JiBwBIPhR7 , TenzingLamsang , ,18596,Thimphu 
2020-02-01 02:51:39, Wuhan virus death toll risen to 259 with 46 new fatalities Courtesy CNA Wuhan coronavirus death toll rises to 259 in China with 46 new fatalities https t co AuMkoxwp7o , gasebtandin , ,2272,Thimphu 
2020-02-01 02:45:47, Wuhan virus Your most aske Courtesy CNA FAQ Wuhan coronavirus and its outbreak https t co s3mgFyAUu7 , gasebtandin , ,2272,Thimphu 
2020-02-01 02:40:34, M Hits February 2020 mstudiospreadthelove MStudioTop5ofTheMonth soundcloudstats https t co TO7IB02hgm , mstudiobhutan , mstudiospreadthelove MStudioTop5ofTheMonth soundcloudstats ,230,Thimphu 
2020-02-01 01:50:43, Incisive and scary piece by Pratap Bhanu Mehta which shows why most people have been reading the BJP wrong and how there is a much bigger project beyond the Delhi state elections https t co YhiMVOZjdO , TenzingLamsang , ,18596,Thimphu 
2020-01-31 23:20:43, katyhelend Keep fighting xf0 x9f x91 x8a xf0 x9f x8f xbb , tenzinbhutan , ,119,Thimphu 
2020-01-31 21:08:45, Three is a Lucky Number Trust Me Paro Bhutan https t co eKifF6LUoQ , bhutan majestic , ,1134,Thimphu 
2020-01-31 21:04:36, Time to Refresh Reconnect and Rejuvenate for many decades to come https t co OqRPiF3P19 , bhutan majestic , ,1134,Thimphu 
2020-01-31 21:00:57, It xe2 x80 x99s not million dollar but Three Million Dollar Shot Paro Bhutan https t co Gz5uHPv301 , bhutan majestic , ,1134,Thimphu 
2020-01-31 20:55:51, The Beautiful amp Happy Family loday tshewang Paro Bhutan https t co BbA6U6dTgF , bhutan majestic , ,1134,Thimphu 
2020-01-31 20:54:47, With the Birthday Boy Father amp Lobay Tashi Paro Bhutan https t co yOkMEB90Y5 , bhutan majestic , ,1134,Thimphu 
2020-01-31 20:53:34, At Loday xe2 x80 x99s Handsome Son xe2 x80 x99s Birthday Paro Bhutan https t co 9f9LwJ6LpZ , bhutan majestic , ,1134,Thimphu 
2020-01-31 20:50:15, Teddy at his best enjoying his meal no artificial sound Love for Teddy is growing stronger everyday BMT Happiness House https t co Lq3unQs3vq , bhutan majestic , ,1134,Thimphu 
2020-01-31 20:00:33, Artistic beauty awaits you at every corner in Bhutan Unique and awe inspiring here is one architectural standout that is a must see MyBhutanArt MyBhutanArchitecture Architecture wanderlust adventureseeker doyoutravel travelmore goexplore wonderfulplaces https t co JEnprw58ft , MyBhutan , MyBhutanArt MyBhutanArchitecture Architecture wanderlust adventureseeker doyoutravel travelmore goexplore wonderfulplaces ,936,Thimphu 
2020-01-31 19:39:19, February Desktop Calendar Featuring His Majesty The People xe2 x80 x99s King of Bhutan with 82 year old Kencho Tseten from Dungkar Lhuntse Long Live His Majesty The Druk Gyalo xf0 x9f x99 x8f xf0 x9f x99 x8f xf0 x9f x99 x8f Palden Drukpa Gyalo bhutan february xe2 x80 xa6 https t co 4W1anOIIgC , bhutan majestic , bhutan february ,1134,Thimphu 
2020-01-31 18:08:43, ColorsTV TheRashamiDesai imrealasim Vivo India BeingSalmanKhan wah two fake people HimanshiKhurrana n iamrealasim acting love love N lastly its called fake love haha interesting , YBhutanese , HimanshiKhurrana iamrealasim ,185,Thimphu 
2020-01-31 17:57:25, porterrobinson Time to take notes xf0 x9f x98 xb2 , Xiao920 , ,65,Thimphu 
2020-01-31 17:30:47, ColorsTV vishalsingh713 Vivo India BeingSalmanKhan Vishal got from Tuli and now Kunal will get from Mahira bang bang on his ass haha xf0 x9f x99 x8a xf0 x9f x99 x8a xf0 x9f x99 x8a xf0 x9f x99 x8a , YBhutanese , ,185,Thimphu 
2020-01-31 17:24:35, ColorsTV Vivo India BeingSalmanKhan Omg he also came for footage hahah Psycho , YBhutanese , ,185,Thimphu 
2020-01-31 16:58:29, Visit Bhutan the land of happiness https t co ufXzavQ8A8 https t co 7Q1Zi7Tf4c , bhutannorter , ,30,Thimphu 
2020-01-31 15:54:36, HOTEL DRUK Kingdom of Bhutan Come and see us here Ms Sangay Wangmo our Sales and Markeeting will be there to attend to your queries OTM India xe2 x80 x99s Biggest Travel Mart on 3 4 5 Feb 2020 At Bombay Exhibition Centre Mumbai Hall no 1 Stall No G903 https t co KT1gAXnVJT , DrukHotel , ,166,Thimphu 
2020-01-31 15:42:51, Thank God phew what a close shave https t co wR0jyDr3YF , TenzingLamsang , ,18596,Thimphu 
2020-01-31 15:27:56, Releasing tomorrow Spread the Love mixtape sang sangbht Duet StrangeLove BHT1 BHTNo1 https t co GkYbikuOBt , mstudiobhutan , mixtape sang sangbht Duet StrangeLove BHT1 BHTNo1 ,230,Thimphu 
2020-01-31 15:04:34, AlexClassicTips Long live sir Alex , chunjurrinchhen , ,186,Thimphu 
2020-01-31 14:57:23, 31 01 2020 will be marked as Brexit Day in history books , jamja79 , Brexit ,494,Thimphu 
2020-01-31 14:56:27, realumarriaz Shame on nagraiz He fall in love with one that is married engaged one haha Omg what a fucking guy is he yar , YBhutanese , ,185,Thimphu 
2020-01-31 14:49:04, ColorsTV Fake people Doing fake love each other Just for camera doing cheap things , YBhutanese , ,185,Thimphu 
2020-01-31 14:45:16, Thecuteststar None Only sid matters , YBhutanese , ,185,Thimphu 
2020-01-31 14:16:44, Expore zhemgang tingtibi zhemgang For bird watching https t co QTE4PS1sar , 17750879 , zhemgang tingtibi zhemgang ,33,Thimphu 
2020-01-31 14:12:27, 31 01 2020 explore to zhemgang trongheritagevillage Preservation of traditional village https t co 22F8yXI7ld , 17750879 , zhemgang trongheritagevillage ,33,Thimphu 
2020-01-31 13:56:42, Disconnect to connect xf0 x9f x8d x83 buddhadordenma kuenselphodrang art landscapephotography architecturephotography nature statue buddha photooftheday travel ilovebhutan Kuenselphodrang Thimphu https t co b11mRLPEYM , bhutantaveltour , buddhadordenma kuenselphodrang art landscapephotography architecturephotography nature statue buddha photooftheday travel ilovebhutan ,313,ExpressWayThimphu 
2020-01-31 13:46:16, mwdevine UGAEcology Looks creative , davidmhecht , ,417,Thimphu 
2020-01-31 13:08:03, already follwed you https t co EljFBTU16N , SyedSaa1 , ,1340,Thimphu 
2020-01-31 12:22:44, Have you seen or heard something like this I didn t What a prophet we have in this world Pastor Give me Sh5 billion and I will resurrect Kobe Bryant daughter Gianna https t co 5QuAaC4mW0 via gameyetu , ChhedupSangay , ,923,Thimphu 
2020-01-31 12:05:14, Simple suggestion Shouldn t we be stopping entry of all Chinese tourists like many other countries Lives more important than PMBhutan FMBhutan DechenwangmoM , TenzingLamsang , ,18596,Thimphu 
2020-01-31 11:55:23, Yes since Taiwanese are immune to the virus and since WHO is more concerned about politics and international bureaucracy than lives at this moment https t co m3SliG8gFM , TenzingLamsang , ,18596,Thimphu 
2020-01-31 11:31:40, Time is running out leading you to believe there xe2 x80 x99s no room fo More for Capricorn https t co p6mL9a2MGB , yiwangpindarica , ,6939,Thimphu 
2020-01-31 11:19:53, History lesson in Economics class India xe2 x80 x99s Chief Economic Advisor talks of India xe2 x80 x99s economic strength from 1 AD onwards at a time when India is seeing its worst slow down in 3 decades with 45 yr high unemployment Some take lessons from history and some choose to take solace https t co 7jmxxEetCr , TenzingLamsang , ,18596,Thimphu 
2020-01-31 11:14:22, satadeepb Yes which is what I said alternate , TenzingLamsang , ,18596,Thimphu 
2020-01-31 10:27:39, Important Bridge that connects as an alternate route to Sikkim Darjeeling Hills Dooars Terai and even Bhutan is in a dangerous state Some Bhutan buses from Siliguri to Phuentsholing ply over this bridge Bridge built in 1941 by the British https t co IZgYqYzPru , TenzingLamsang , ,18596,Thimphu 
2020-01-31 09:22:00, DorjiWangchuk Will advise to immediately change the PM xe2 x80 x99s no , TenzingLamsang , ,18596,Thimphu 
2020-01-31 09:21:14, Apart from possible security breach amp hacking of the number as highlighted by DorjiWangchuk there can be a flood of calls from over entitled tourists to any Tom Dick amp Harry calling I doubt PM will have time to attend to all such calls amp more important calls may get stuck https t co M0RiYsExrs , TenzingLamsang , ,18596,Thimphu 
2020-01-31 08:46:27, This is to inform all the Chiefs and Heads of Departments of the Ministry of Agriculture to be in station and refrain from all Ex country and In country travels till the NovelCoronavirus 2019 nCoV outbreak is officially contained in the region and elsewhere around the world https t co vKmSHc4QZp , moafbhutan , NovelCoronavirus ,410,Thimphu 
2020-01-31 08:32:52, Figuring out about leadership YTCBhutan young thinkers conference happeningin thimphu https t co h8wgBVbB6r , lhadenpema , YTCBhutan happeningin thimphu ,53,Thimphu 
2020-01-31 08:27:07, Useful advice for many Bhutanese who sink millions into real estate https t co 66q5M7cul5 , TenzingLamsang , ,18596,Thimphu 
2020-01-31 08:25:14, saurabhthapliya sneheshphilip Russia like in the time of Napoleon xe2 x80 x99s invasion of Russia had the brutal weather and the vast Russian expanse on its side that swallows armies whole and then grinds amp freezes them Plus a determined and extraordinary Russian fight back , TenzingLamsang , ,18596,Thimphu 
2020-01-31 08:10:49, sneheshphilip Okay Yes Rafale and other advanced systems will improve India xe2 x80 x99s air defenses The S 400 looks like a good buy too Others like indigenous ballistic missile shield and LCA aircraft also look interesting for now , TenzingLamsang , ,18596,Thimphu 
2020-01-31 08:05:33, sneheshphilip I think India xe2 x80 x99s 2 front challenge is not giving much options on cutting back strongly on manpower However globally militaries are trimming manpower and going for more advanced systems Case in point China next door Historically numbers not an advantage in a battle Tech is , TenzingLamsang , ,18596,Thimphu 
2020-01-31 08:02:45, You may experience a deep sense of relief today You might be More for Virgo https t co ytH6jMhay1 , czdorji , ,2216,Thimphu 
2020-01-31 08:01:17, Your enthusiasm is an endless source of motivation for everyon More for Sagittarius https t co FfKav1h4Nc , kintsho bht , ,28,Thimphu 
2020-01-31 08:01:09, Nearly everything can tug at your heartstrings now You may be More for Taurus https t co EECfQYA8HL , cixx67 , ,1493,Thimphu 
2020-01-31 08:00:17, Brainstorming with like minded people today may feel as natura More for Pisces https t co uojyhA9mo8 , LobzangYeshey1 , ,301,Thimphu 
2020-01-31 07:12:44, India xe2 x80 x99s economic crunch now bites into its defense capability Report by sneheshphilip says forget China Indian Air force even struggling to keep up with Pakistan xe2 x80 x99s more advanced aircraft Largest chunk of Defence budget swallowed by large manpower most of whom are retired https t co JxiNnJRooe , TenzingLamsang , ,18596,Thimphu 
2020-01-31 06:46:53, Deserves a retweet No comment https t co 65DfReUPwN , TenzingLamsang , ,18596,Thimphu 
2020-01-31 06:15:12, I love to show in your DM https t co wICROEC5Um , SyedSaa1 , ,1340,Thimphu 
2020-01-31 06:07:10, Her Excellency Ms Brigitte Collins the Ambassador In charge of the Climate Change Negotiations Renewable Energy and Prevention of Climate Risk to Bhutan called on the Hon xe2 x80 x99ble Sanam Lyonpo Yeshey Penjor yesterday on 29 January https t co UZxwzEVQQu https t co b2iH6zOmKf , moafbhutan , ,410,Thimphu 
2020-01-31 05:39:44, Historical Bhutan Tour https t co 74YzHzLvJJ AllaboutBhutan WorldTourPlan visitBhutan2020 Traveltips Bhutantourism tours travel Holidays vacation Bhutantripplanner bhutanTravelagency Bhutantravelagent Bhutanbooking https t co T2EP5Y67Hy , worldtourplan09 , AllaboutBhutan WorldTourPlan visitBhutan2020 Traveltips Bhutantourism tours travel Holidays vacation Bhutantripplanner bhutanTravelagency Bhutantravelagent Bhutanbooking ,197,Thimphu 
2020-01-31 03:16:37, Special commendation expected from the CCP to the channel and anchor for supporting their motto during the Tiananmen Square massacre xe2 x80 x98stop provoking xe2 x80 x99 , TenzingLamsang , ,18596,Thimphu 
2020-01-31 03:13:34, Treat your dreams like a joke and it will leave you like it s not even funny , Xiao920 , ,65,Thimphu 
2020-01-31 03:12:32, India may have reached Mars but TV xe2 x80 x98Journalism xe2 x80 x99 in India has already left the solar system Channel 1st accuses protesting students of firing a gun amp unloads on them Finds out gunman is not a protester amp has shot a student amp so runs a program asking students to not provoke https t co DpdrNSVneu , TenzingLamsang , ,18596,Thimphu 
2020-01-31 03:09:28, wizkhalifa This tweet everyday xe2 x9d xa4 xef xb8 x8f , Xiao920 , ,65,Thimphu 
2020-01-31 02:54:02, Humor in the face of coronarvirus in China as ordinary Chinese post videos on the SM of their activities during a self imposed quarantine during their biggest festival xf0 x9f x99 x82 https t co ZO4EqSZCe8 , TenzingLamsang , coronarvirus ,18596,Thimphu 
2020-01-31 02:49:49, This deadly virus has now reached India people traveling to India Thailand Singapore and Nepal please be very careful xf0 x9f x98 xb7Coronavirus declared global health emergency by WHO https t co nrWK5RFMrK , DziJ , ,1610,Thimphu 
2020-01-31 02:41:02, kpophappenings When that Kpop boy was talking pictures in a photo booth while playing hide and seek only to be startled and carried by some y xe2 x80 x99all dude back to stage , Scarlet bunny , ,141,Thimphu 
2020-01-31 01:43:21, DechenwangmoM PMBhutan BBSBhutan KuenselOnline JabBhutan Noted la , TenzingLamsang , ,18596,Thimphu 
2020-01-30 20:08:43, DechenwangmoM PMBhutan BBSBhutan KuenselOnline JabBhutan TenzingLamsang Add 3 to Singapore , zhonba , ,1623,Thimphu 
2020-01-30 18:10:42, ColorsTV Aman99636930 Vivo India BeingSalmanKhan What a family Father promoting SidNazz n bluffing about Arti n Paras Fakebazz promoting SidNazz try to separate Sid s friendship with Paras n Mihara Fakenazz promoting SidNazz n wants to separate Sid s friendship with Paras n Mihara Three of them r doing n did cheapest things , YBhutanese , ,185,Thimphu 
2020-01-30 18:06:01, ColorsTV Vivo India BeingSalmanKhan arrey Few days back fakenazz wants only Sid n to win Sid love towards her Now Sana to Sid DO U WANT TO TAKE YOU TEAM TILL FINAL Sid is loyal to his friends not like her saza that do flip Pagaal h woh , YBhutanese , ,185,Thimphu 
2020-01-30 18:00:30, Planning a vacation soon Here xe2 x80 x99s something to keep in mind Pick up more Bhutan travel tips here https t co PwjIZANqPQ Have you previously been to Bhutan Leave your own tips below https t co 473eVjXCZD , MyBhutan , vacation Bhutan ,936,Thimphu 
2020-01-30 14:50:13, May your coffee always be stronger than your ego darker than your emotions milkier than your illusions TLT Meet the barista s xf0 x9f x98 x81 cuppa espresso Bhutan and allthingsbhutanese Have a nice day at yourcafe paro xe2 x80 xa6 https t co 6XUjI8b8j0 , TLhamtshok , coffee cuppa espresso Bhutan allthingsbhutanese yourcafe paro ,53,Bhutan 
2020-01-30 14:21:28, xf0 x9d x97 xa5 xf0 x9d x97 xbc xf0 x9d x97 xae xf0 x9d x97 xba xf0 x9d x97 x95 xf0 x9d x97 xb5 xf0 x9d x98 x82 xf0 x9d x98 x81 xf0 x9d x97 xae xf0 x9d x97 xbb xf0 x9d x97 xb9 xf0 x9d x97 xb6 xf0 x9d x97 xb8 xf0 x9d x97 xb2 xf0 x9d x97 xb5 xf0 x9d x97 xbc xf0 x9d x97 xba xf0 x9d x97 xb2 All tourists can now surf the internet with affordable data plans TashiCell https t co YoT80XXa5h , TashiCell , TashiCell ,1631,Bhutan 
2020-01-30 14:16:25, Is the Coronavirus outbreak stressing you out Here are some mental health tips on our FB page https t co ao273tzAOZ MentalHealthMatters https t co 0TaKIgmJ8U , namgayzam , Coronavirus MentalHealthMatters ,20724,Bhutan 
2020-01-30 12:38:45, Uh oh https t co 8h0m8Lz3IM , namgayzam , ,20724,Bhutan 
2020-01-30 12:25:49, BBS Radio Discussion on Mines and Minerals Bill of Bhutan 2020 https t co 3Lg5uwy7OE , BBSBhutan , ,48101,Bhutan 
2020-01-30 12:18:46, Everything has beauty But not everyone see it xf0 x9f x98 x95 xf0 x9f x98 x95 xe2 x98 xba xef xb8 x8f https t co CULQQ6TqEs , TandinW95001526 , ,18,Thimphu 
2020-01-30 11:44:36, passangyt Exactly xe2 x9c x8a , ChhedupSangay , ,923,Thimphu 
2020-01-30 11:43:26, AchuKhegpa DrukNyamrup M assuming they have availed certain level of debt financing to build their assets and bearing some financing cost , jamja79 , ,494,Thimphu 
2020-01-30 11:33:30, fat Aunties in Saree https t co BLiv0HIDR8 , SyedSaa1 , ,1340,Thimphu 
2020-01-30 11:31:47, Collaboration is an excellent idea when there are mutual goals More for Capricorn https t co p6mL9a2MGB , yiwangpindarica , ,6939,Thimphu 
2020-01-30 10:40:26, my be https t co wk2uca5wOL , SyedSaa1 , ,1340,Thimphu 
2020-01-30 09:12:43, BBC News Why don t people see the yeti any more https t co gb6bWpwIXl , Sanrangi , ,56,Thimphu 
2020-01-30 09:12:39, BBC News Why don t people see the yeti any more https t co gb6bWpOjOT , Sanrangi , ,56,Thimphu 
2020-01-30 09:06:00, Thursday Special Blessings from Dechenphug Monastery for the well being of All Sentient Beings My special prayers for all those who lost lives and for those who are infected by coronavirus and less spreading of the xe2 x80 xa6 https t co r0P4PHCAyE , bhutan majestic , coronavirus ,1134,Thimphu 
2020-01-30 08:31:39, DechenwangmoM PMBhutan FMBhutan Bhutan xe2 x80 x99s MoH has put in place measures at all entry points into Bhutan from the Paro airport to entry points by road but vigilance must be increased , TenzingLamsang , ,18596,Thimphu 
2020-01-30 08:28:27, RealVinduSingh justvoot one n only Sid SidharthShukla BB13OnVoot AsliFans , YBhutanese , SidharthShukla BB13OnVoot AsliFans ,185,Thimphu 
2020-01-30 08:24:27, JThakers Always him SidharthShukla BB13OnVoot AsliFans , YBhutanese , SidharthShukla BB13OnVoot AsliFans ,185,Thimphu 
2020-01-30 08:23:37, coronarvirus has reached India with a 1st confirmed case in Indian state of Kerala Time for Bhutan to be even more cautious given high levels of movement between Bhutan amp India Border entry amp airport should be strictly monitored CC DechenwangmoM PMBhutan FMBhutan https t co KuaWsryzRV , TenzingLamsang , coronarvirus ,18596,Thimphu 
2020-01-30 08:02:45, People may see you as a veritable shelter in a storm And the More for Virgo https t co ytH6jMhay1 , czdorji , ,2216,Thimphu 
2020-01-30 08:01:16, You are operating with a renewed sense of mission and directio More for Sagittarius https t co FfKav1h4Nc , kintsho bht , ,28,Thimphu 
2020-01-30 08:01:07, There is a powerful alignment between your feelings and your a More for Taurus https t co EECfQYA8HL , cixx67 , ,1493,Thimphu 
2020-01-30 08:00:17, Expanding your horizons opens your eyes to the plight of human More for Pisces https t co uojyhA9mo8 , LobzangYeshey1 , ,301,Thimphu 
2020-01-30 07:28:19, Systems thinking and leadership is key to tackle wicked challenges including ClimateChange Do we have a responsibility to transform the system Yes Clear need for new thinking and capabilities to achieve the SDGs https t co TxSChykfwx , NaglerUNDP , ClimateChange SDGs ,1554,Thimphu 
2020-01-30 06:55:00, Celebrations of the 71st Republic Day of India in Thimphu MEAIndia IndianDiplomacy https t co IUrrZG2KzF , Indiainbhutan , ,7879,Thimphu 
2020-01-30 06:44:58, And duty free https t co qqwKNuD3Da , Tobgay3 , ,102,Thimphu 
2020-01-30 06:22:13, Delighted to meet H E Brigitte Collet Amb in charge of climate change negotiations renewable energy and prevention of climate risks We discussed about the shared values on matters related to climate change environment conservation and tourism https t co yWsy2qnJqu , FMBhutan , ,2252,Thimphu 
2020-01-30 05:59:23, Thank you aarryati and your beautiful travel group for making the start of the year 2020 a beautiful one We are glad that you all had a fantastic time here in Bhutan xe2 x80 xa6 https t co NUpb8QdDsz , BMVTNT , ,70,Thimphu 
2020-01-30 05:48:12, CNN are you sure he is not on drugs , chunjurrinchhen , ,186,Thimphu 
2020-01-30 05:09:57, Amidst worrying reports on the coronavirus glad to see us prepare before the virus reaches Bhutan Thank you Lyonchhen PMBhutan amp Health Minister DechenwangmoM Guess this is the advantage of having people with strong health medical backgrounds in parliament xf0 x9f x99 x8f xf0 x9f x8f xbc https t co 7FWY9zEPLW , namgayzam , coronavirus Bhutan ,20724,Thimphu 
2020-01-30 04:44:36, Hongtsho Phendey Samdrupgang Lhakhang lhakhang temple photography bhutan destination bhutan incredible bhutan visit bhutan explore bhutan travel beautiful bhutan asia acholala tours and travels https t co wVbKFYA39A , AcholalaT , acholala tours and travels ,8,Thimphu 
2020-01-30 04:43:43, Phendey Lhakhang Tshechu at Hongtsho Village mask dance mask dancers phendey lhakhang annual tshechu annual festival2019 hongtsho community thimphu district photography bhutan destination bhutan explore bhutan travel beautiful bhutan asia acholala tours and travels https t co 5Hto2tSdWd , AcholalaT , acholala tours and travels ,8,Thimphu 
2020-01-30 04:42:17, The typical traditional houses are usually 2 3 storey houses popular in villages A ladder carved out of a whole tree trunk is used as a ladder to access the attic typicalbhutanesehouse photograpghybhutan explorebhutan travelbeautifulbhutan acholalatoursandtravels https t co gMw3O2BDtA , AcholalaT , acholalatoursandtravels ,8,Thimphu 
2020-01-30 04:34:12, good morning Dr https t co vU8MLtbpiR https t co 5E3hjtetdK , SyedSaa1 , ,1340,Thimphu 
2020-01-30 03:52:08, great https t co t5DAnysnia , SyedSaa1 , ,1340,Thimphu 
2020-01-30 03:17:17, A deep deep condolence and symphaty to all the managers who captained Mane for this Double Gameweek xf0 x9f x98 xad xf0 x9f x98 x9f xf0 x9f x98 xae xf0 x9f x98 xaf , DeependraKoira5 , ,4,Thimphu 
2020-01-30 03:00:03, I say xe2 x80 x9cYes xe2 x80 x9d to xe7 xa6 x8f xe5 xb1 xb1 xe5 x92 x8c xe4 xba xba for new mayor of Kyoto city https t co 75bcqg2yNg , kamanomariko , ,73,Paro 
2020-01-30 02:02:13, kokokokorikon ChhedupSangay Take a ride through the rural roads U ll know boss , Tobgay3 , ,102,Paro 
2020-01-29 21:00:26, arpitam007 Arya73478428 Oh okay It will be good Lets keep positive KeepShiningSid , YBhutanese , KeepShiningSid ,185,Paro 
2020-01-29 20:04:48, arpitam007 Arya73478428 May be prank or fake KeepShiningSid , YBhutanese , KeepShiningSid ,185,Paro 
2020-01-29 19:20:01, WangchukKelden BluntIndianGirl Arman12832238 shefalijariwala Omg u r on favouring Sidnazz xf0 x9f x98 xad xf0 x9f x98 xad xf0 x9f x98 xad xf0 x9f x98 xad I dont like them together dea Sorry KeepShiningSid , YBhutanese , KeepShiningSid ,185,Paro 
2020-01-29 19:10:08, BluntIndianGirl Arman12832238 shefalijariwala Thats why i kindly address her as PAGAAL ladki KeepShiningSid , YBhutanese , KeepShiningSid ,185,Paro 
2020-01-29 19:07:40, ReigningEra I know yaar how difficult is to stay with typhoid virus I am the also one that got typhoid N in China typhoid is the dangerous because it got many disadvantages Who the hell is he to talk about it and thats too about Sid KeepShiningSid , YBhutanese , KeepShiningSid ,185,Paro 
2020-01-29 18:56:29, TheRupali Ojas84590214 O M G Who the hell Inside Nalla dont respect Women n outside his lovely fun dom dont respect women Salla kutto KeepShiningSid , YBhutanese , KeepShiningSid ,185,Paro 
2020-01-29 18:52:42, RealVinduSingh ColorsTV Done sir KeepShiningSid , YBhutanese , KeepShiningSid ,185,Paro 
2020-01-29 18:52:09, KVBarmy Deepika41896933 It has to be in bulldozer I am really worried watching promo KeepShiningSid , YBhutanese , KeepShiningSid ,185,Paro 
2020-01-29 18:46:12, sidhasmyheart mjmarcjangra sidharth shukla I really wish ki VG did the right thing As a master mind he migjt be having good reason to explain to bb KeepShiningSid , YBhutanese , KeepShiningSid ,185,Paro 
2020-01-29 18:45:01, AmritTi75604931 sidhasmyheart sidharth shukla But why Vishal KeepShiningSid , YBhutanese , KeepShiningSid ,185,Paro 
2020-01-29 18:42:31, Whats more exciting than dreams coming true xf0 x9f xa4 x98 xf0 x9f xa4 x98 xf0 x9f xa4 x98 livinthedreams livineasy livinfree https t co z9HtRQZTi2 , karba rabi , livinthedreams livineasy livinfree ,5,Paro 
2020-01-29 18:40:08, vivan adorable BiggBoss Show will be more interesting to watch her super drama KeepShiningSid , YBhutanese , KeepShiningSid ,185,Paro 
2020-01-29 18:38:44, realumerriaaz Deepika41896933 BiggBoss Omg my heart burst out Was that right thing But VG is master mind may be he has good planning hehe KeepShiningSid , YBhutanese , KeepShiningSid ,185,Paro 
2020-01-29 18:35:06, shrutikharwal Deepika41896933 ColorsTV BiggBoss seriously I didnt know about it It may it is fake Because their fav player ShenaazGill herself is a fake n i hope ki ColorsTV wont do such thing KeepShiningSid , YBhutanese , ShenaazGill KeepShiningSid ,185,Paro 
2020-01-29 18:29:16, ColorsTV Vivo India BeingSalmanKhan They never mention about separation Pura ka pura family same h Why not After all they are from same blood Paras n Mahira has been good towards Sid n Sana s father Shenbaz n fakenazz cant bear Sid happiness Never want fakenazz n Sid to get together back KeepShiningSid , YBhutanese , KeepShiningSid ,185,Paro 
2020-01-29 18:01:06, Misuse of art amp freedom of expression to make fun of health crises coronavirus pathetic https t co ygifsT7ziP , jamja79 , art coronavirus ,494,Thimphu 
2020-01-29 17:53:15, ColorsTV Vivo India BeingSalmanKhan Happy to see them all dancing KeepShiningSid , YBhutanese , KeepShiningSid ,185,Thimphu 
2020-01-29 17:48:29, ColorsTV imrealasim Vivo India BeingSalmanKhan Yesterday she told whole world is crazy about her n Asim s relation n all Now I felt alone after leaving the show Liar but cant lie also yaar KeepShiningSid , YBhutanese , KeepShiningSid ,185,Thimphu 
2020-01-29 17:46:42, 007Prefect Omg Arti is having lowest vote I wish Vishal n Sana hehe KeepShiningSid , YBhutanese , KeepShiningSid ,185,Thimphu 
2020-01-29 17:45:08, ColorsTV sidharth shukla Vivo India This is a flip too colors When Fakenazz say tje same things it doesnt seems wrong then why questioning on his captaincy ColorsTV Defaming him KeepShiningSid , YBhutanese , KeepShiningSid ,185,Thimphu 
2020-01-29 17:42:46, ColorsTV sidharth shukla Vivo India BeingSalmanKhan Yeah its right thing to do good duties to his friends All did the same thing while they got the same opportunity How come faada of his captaincy ColorsTV KeepShiningSid , YBhutanese , KeepShiningSid ,185,Thimphu 
2020-01-29 17:39:47, ColorsTV vishalsingh713 Vivo India BeingSalmanKhan No one is listening to Sid Why See going against him captaincy is of no use KeepShiningSid , YBhutanese , KeepShiningSid ,185,Thimphu 
2020-01-29 17:38:31, sabiashah RealVinduSingh Even Sana s father did the same thing KeepShiningSid , YBhutanese , KeepShiningSid ,185,Thimphu 
2020-01-29 17:36:47, Thanks West Bengal xf0 x9f x98 xa1 This is how truckers from your only friend in the neighbourhood get treated by your people dear India https t co CspyJuerjP , namgayzam , India ,20724,Thimphu 
2020-01-29 17:28:52, Good way to end January month with another goal again See you bengalurufc in the next afc round https t co ItSv745CA3 , Che7cho , ,2272,Thimphu 
2020-01-29 17:26:30, ColorsTV sidharth shukla Vivo India BeingSalmanKhan Congrats SiddhartShukla for captaincy Happy KeepShiningSid , YBhutanese , SiddhartShukla KeepShiningSid ,185,Thimphu 
2020-01-29 17:24:34, Don 4all vikingsaurabh sidharth shukla It was like IF YOU THINK I AM GOOD THAN I AM THE BEST N IF YOU THINK I BAD THAN I AM WORST HAHA KeepShiningSid , YBhutanese , KeepShiningSid ,185,Thimphu 
2020-01-29 17:20:46, ColorsTV shefalijariwala sidharth shukla Vivo India BeingSalmanKhan she cant see Sid happy with any body Sali fake KeepShiningSid , YBhutanese , KeepShiningSid ,185,Thimphu 
2020-01-29 17:10:35, JThakers sidharth shukla To stay alway from fakenazz haha KeepShiningSid , YBhutanese , KeepShiningSid ,185,Thimphu 
2020-01-29 16:35:39, for me nobody i still love my GF https t co cBAPQ9RthO , SyedSaa1 , ,1340,Thimphu 
2020-01-29 16:15:55, Bhutanese bus collides head on with a local truck at Berpeta Assam https t co xPeSNa9lqW , ChhedupSangay , ,923,Thimphu 
2020-01-29 15:39:30, DorjiWangchuk Ohhh right I forgot about him , namgayzam , ,20724,Thimphu 
2020-01-29 12:54:51, thoda Q G https t co ws2yUFFxh3 , SyedSaa1 , ,1340,Thimphu 
2020-01-29 12:53:57, good evening Dear Repa beautiful smile https t co T7iOrXRqbx https t co BR7bAS9U3Y , SyedSaa1 , ,1340,Thimphu 
2020-01-29 12:39:44, white https t co Fe71CZswif , SyedSaa1 , ,1340,Thimphu 
2020-01-29 12:34:58, RanajitSpeaks TenzingLamsang RanajitSpeaks Please do something to make traveling through West Bengal safe Bhutanese traders dread passing through the state We have huge respect and camaraderie with the people of WB , Khampaa , ,3847,Thimphu 
2020-01-29 12:19:42, By looking at the deliberations on the Mines and Minerals bill it looks like the ruling party and opposition have the same view on many points I am afraid the bill will ultimately benefit just a handful of filthy rich people MPs MUST think beyond 5 years , pem pa , ,312,Thimphu 
2020-01-29 12:16:10, Kudos to DrukNyamrup Next target should be reviewing the international grants that are directly given to govt owned companies Such grants are distorting the markets in favour of govt companies https t co Ag4TnrZRVE , jamja79 , ,494,Thimphu 
2020-01-29 12:02:38, RanajitSpeaks Good to know sir and this is what is being done https t co SdSMZ66T3F , TenzingLamsang , ,18596,Thimphu 
2020-01-29 11:44:59, agreed https t co 1bhPyPrIlR , SyedSaa1 , ,1340,Thimphu 
2020-01-29 11:31:42, You might keep your thoughts and feelings to yourself today be More for Capricorn https t co p6mL9a2MGB , yiwangpindarica , ,6939,Thimphu 
2020-01-29 11:28:42, One arrest so far and more raids in the Fulbari incident as Bhutan xe2 x80 x99s FMBhutan follows up the case through the Consul General in Kolkata https t co nzS50Ys5pc , TenzingLamsang , ,18596,Thimphu 
2020-01-29 08:53:04, Paro Fc vs Sri Lankan Defenders play their second leg of the AFC2020 We have the most picturesque stadium in the world xf0 x9f x98 x84 https t co 5dUbYzY40S , namgayzam , ,20724,Thimphu 
2020-01-29 08:44:01, Che7cho with a great header and Paro FC lead at 12 mins against Sri Lankan side DFC , ChhedupSangay , DFC ,923,Thimphu 
2020-01-29 06:39:23, badimo It just keeps getting better and better xf0 x9f x98 x8d xf0 x9f x98 x8e , uchiha soma , ,1,Thimphu 
2020-01-29 06:12:05, Hart11x That xe2 x80 x99s great news , RetnaTravels , ,113,Thimphu 
