2020-07-15 04:45:23, Brunel Medal awarded to the Mangdechhu Power Project for excellence in Civil Engineering Do read this article by Bhutan Times MEAIndia IndianDiplomacy BhutanT https t co IRTxDb7vdd , Indiainbhutan , ,10335,Thimphu 
2020-07-15 04:40:01, Mangdechhu Hydroelectric Project awarded the Brunel Medal by ICE Read the report by Bhutan Today MEAIndia IndianDiplomacy BhutanTODAY https t co EbVFkyT93D , Indiainbhutan , ,10335,Thimphu 
2020-07-15 04:04:59, DullinBlack Very rare to find such man , zzezenn , ,1923,Thimphu 
2020-07-15 03:52:58, xf0 x9f x87 xae xf0 x9f x87 xb3 is on a mission to develop a vaccine for COVID 19 1sr phase of human clinical trials commenced for India xe2 x80 x99s first COVID 19 vaccine candidate Covaxin developed by Bharat Biotech in collaboration with the National Institute of Virology COVID19 https t co iiuGxRNnZp , Indiainbhutan , COVID19 ,10335,Thimphu 
2020-07-15 03:38:43, Civil Engineering par excellence in a xf0 x9f x87 xa7 xf0 x9f x87 xb9 xf0 x9f x87 xae xf0 x9f x87 xb3 joint project recognised by the Institution of Civil Engineers UK MHPA to be awarded the Brunei Medal 2020 BBS xe2 x81 xa6 PMOIndia xe2 x81 xa9 xe2 x81 xa6 DrSJaishankar xe2 x81 xa9 xe2 x81 xa6 MEAIndia xe2 x81 xa9 xe2 x81 xa6 IndianDiplomacy xe2 x81 xa9 https t co ASkVZt8b2Z , Indiainbhutan , ,10335,Thimphu 
2020-07-15 03:25:47, India proposes to build road through Bhutan to connect with its Arunachal state https t co vuNv44RXkI , Khampaa , ,3837,Thimphu 
2020-07-15 03:13:14, FMBhutan oh lyonpo you just drove by Was hoping you could have met with the desuups on duty and maybe encouraged and moral boosted us Oh well xf0 x9f xa4 xb7 , yiwangpindarica , ,6936,Thimphu 
2020-07-15 01:40:31, DullinBlack avandgardess As if you guys would try to understand us xf0 x9f x98 x9d , zzezenn , ,1923,Thimphu 
2020-07-14 23:46:34, beauty queens in Saree https t co nRnnCfi1mD , SyedSaa1 , ,1571,Thimphu 
2020-07-14 23:43:32, beauty queen in Saree https t co sknVuqjqKR , SyedSaa1 , ,1571,Thimphu 
2020-07-14 23:40:40, beauty queen in Saree https t co XPiCCpmJYj , SyedSaa1 , ,1571,Thimphu 
2020-07-14 23:38:23, beauty queen in Saree good morning https t co b7NlwMaOg8 , SyedSaa1 , ,1571,Thimphu 
2020-07-14 20:19:40, GauravGogoiAsm And then during those days you were safely placed in America with your American partner right Where did you carry bricks in the States xf0 x9f xa4 x94 , ANANSG1 , ,0,Thimphu 
2020-07-14 19:53:29, why does twitter crop hate me artfight2020 attack on trash dog Instagram https t co GTDZkv8JQa , Caniiibal , artfight2020 ,128,Thimpu 
2020-07-14 19:03:53, My country My world BhutanLandOfThanderDragon Beauty cannot be defined and love cannot be expressed for my country it s just Amazing https t co PoIsXmdRm6 , SangyeDorzi , BhutanLandOfThanderDragon Amazing ,1,Thimpu 
2020-07-14 18:33:41, ChelseaFC xf0 x9f x87 xa7 xf0 x9f x87 xb9We love Chelsea BE THE BEST , SangyeDorzi , ,1,Thimpu 
2020-07-14 18:15:43, FindSomethingNew for your holidays Travel Times very soon bhutan architecture traditional bridge xf0 x9f x93 xb7gorkhesuyog https t co ZSq7uNxIif , BhutanTripAdv , FindSomethingNew bhutan architecture traditional bridge ,5898,Thimphu 
2020-07-14 17:30:24, Something new I learned today Butterfly Effect Positive Domino Effect Nova Effect , Uchihachod96 , ,15,Thimphu 
2020-07-14 17:15:54, I want your money in my car xf0 x9f x98 x82 xf0 x9f x98 x82 https t co hsCDEpEOWe , Uchihachod96 , ,15,Thimphu 
2020-07-14 17:14:27, Lol exactly https t co wEFXBtD50H , zzezenn , ,1923,Thimphu 
2020-07-14 16:45:41, Willingness to disappear , akachandorjee , ,3,Thimphu 
2020-07-14 16:43:09, HOUTTUYNIA CORDATA aka fish mint have you ever had this MrsCie DK It xe2 x80 x99s a smelly herb supposed to be laced with antioxidants xf0 x9f x98 x8a sowfflll https t co zBXBIvWSdQ , DziJ , ,1688,Thimphu 
2020-07-14 16:19:00, DorjiWangchuk bhutanpdp Oh dear lord xf0 x9f x99 x84 , namgayzam , ,22895,Thimphu 
2020-07-14 15:03:59, Just wonderful xf0 x9f xa5 xb0 xe2 x9d xa3 xf0 x9f x99 x86 xe2 x80 x8d xe2 x99 x80 xef xb8 x8f xf0 x9f x92 xab https t co u4TvIeGN0S , BidhaChencho , ,97,Paro 
2020-07-14 14:45:10, GreyToken great stuff fascinating to watch , bhutannorter , ,537,Thimphu 
2020-07-14 14:28:43, Dobji Dzong The Dzong was built in 1531 by Ngawang Chogyal the brother of Chojie Drukpa kuenley who is popularly known as the xe2 x80 x9cDivine Madman xe2 x80 x9d dobjidzong landscape landscapephotography xe2 x80 xa6 https t co h2kD68kPrw , bhutantaveltour , dobjidzong landscape landscapephotography ,313,ExpressWayThimphu 
2020-07-14 13:54:43, KarmaMindu xf0 x9f x98 x9dyou will , zzezenn , ,1923,ExpressWayThimphu 
2020-07-14 12:42:26, TRKarbaGhallay make that thoughts into new ideas xe2 x9c x8c xf0 x9f x8f xbb , ha na 08 , ,759,Thimphu 
2020-07-14 12:40:02, vooksdotnet Lol wtf is this , chunjurrinchhen , ,185,Thimphu 
2020-07-14 11:55:42, State of the Indian economy in COVID19 as assessed by the Governor of the Reserve Bank of India Do read the article in the Kuensel of date PMOIndia MEAIndia RBI https t co XsQPX4Rm5h , Indiainbhutan , COVID19 ,10335,Thimphu 
2020-07-14 10:55:12, paul steele Great post but xe2 x80 x9cwalking to the edge of the lava xe2 x80 x9d Thanks no , bhutannorter , ,537,Thimphu 
2020-07-14 10:42:17, sarahdegheselle Stadgent visitgent visit ghent visitbelgium1 Belgium Tourism oost vlaanderen Lovely picture , bhutannorter , ,537,Thimphu 
2020-07-14 10:42:01, BBS Radio Build Bhutan Project 2020 https t co DAjbyh8jCO , BBSBhutan , ,51218,Thimphu 
2020-07-14 10:32:59, If you are looking into visiting the Land of the Thunder Dragon then do drop us a DM We are here to assist you https t co SEcmrVi4LN , bhutannorter , ,537,Thimphu 
2020-07-14 09:50:40, In the northeastern corner of Bhutan lies the ancient region of Kurtoe or Lhuntse as it is known today It is the ancestral home of our Kings and hosts several of the sacred sites of pilgrimage in the country It is xe2 x80 xa6 https t co J9WxLtaNGZ , tourismbhutan , ,12019,Thimphu 
2020-07-14 09:09:33, Jaelynellax VampireAku Lol nub , uchiha soma , ,63,Thimphu 
2020-07-14 09:06:08, rightIess PC router mobile , uchiha soma , ,63,Thimphu 
2020-07-14 08:54:07, this picture is speaking the real picture of Punjab police Pakistan shame on you too https t co x5qS0bWecV https t co TXsjl4K83I , SyedSaa1 , ,1571,Thimphu 
2020-07-14 08:46:02, call meh brookx Not rood , uchiha soma , ,63,Thimphu 
2020-07-14 08:42:12, xe2 x80 x98The more things change the more they remain the same xe2 x80 x99 Jean Baptiste India all up in arms over a border dispute recently amp now national attention is transfixed on domestic political machinations in Rajasthan India spends too much energy amp time on domestic politics elections , TenzingLamsang , ,23683,Thimphu 
2020-07-14 08:39:36, xKIZLOx CxralCove Done lol , uchiha soma , ,63,Thimphu 
2020-07-14 08:36:45, FMBhutan Oh so sad you didn t come visit the desuups on duty la , yiwangpindarica , ,6936,Thimphu 
2020-07-14 08:08:42, At first government hiked pay for LG leaders to incentivise them now felt the need to reduce merge gewogs to save the states coffers , KarmaDo60790739 , ,6,Thimphu 
2020-07-14 07:24:12, InitiativeQ Yes but if you take so long to roll out it doesn t help at all , PaSsu Diary , ,6073,Thimphu 
2020-07-14 07:24:06, TimesNow dir ed If such unfortunate incidents didn xe2 x80 x99t happened India would be close to USA I suppose , nidhi bhattarai , ,3,Thimphu 
2020-07-14 07:21:32, JhaSanjay Easier said than done , nidhi bhattarai , ,3,Thimphu 
2020-07-14 07:02:27, Let the good times roll If you have to stop something enjoyab More for Virgo https t co ytH6jMhay1 , czdorji , ,2311,Thimphu 
2020-07-14 07:01:08, Throwing money at a problem won xe2 x80 x99t make it go away Such an imp More for Sagittarius https t co FfKav1h4Nc , kintsho bht , ,30,Thimphu 
2020-07-14 07:01:01, Trying to convert others to a different way of thinking is an More for Taurus https t co EECfQYA8HL , cixx67 , ,1510,Thimphu 
2020-07-14 07:00:16, Your friends or teammates may be making too many demands on yo More for Pisces https t co uojyhA9mo8 , LobzangYeshey1 , ,314,Thimphu 
2020-07-14 06:18:48, A three day Climate Change Reporting training is underway in Thimphu Around thirty reporters from different media houses and freelance journalists are attending the training The trainees will be eligible for two climate change reporting grants Internews earthjournalism https t co caij9ntSPI , BhutanMediaFdn , ,841,Thimphu 
2020-07-14 06:18:36, If you are using apps now learn how to make one NITI Aayog Atal Innovation Mission Launches App Development Module For School Students NDTV https t co 94fnzJXKc6 PMOIndia MEAIndia IndianDiplomacy DDNewslive ICCR Delhi PBNS India KuenselOnline BBSBhutan , Indiainbhutan , ,10335,Thimphu 
2020-07-14 06:11:02, Another boost for Namami Gange World Bank Enhances Support for Rejuvenating the Ganga https t co jEPTWWcVDk via WorldBank PMOIndia MEAIndia IndianDiplomacy cleanganganmcg , Indiainbhutan , ,10335,Thimphu 
2020-07-14 05:25:44, After attending the Opening Ceremony of 41st Batch De Suung Integrated Training Programme at Pelrithang Gelephu had a fruitful meeting with the Dzongkhag Task Force Also took the opportunity to visit the Youth Center and the Thromde Office https t co 1eFeUNa2GD , FMBhutan , ,3451,Thimphu 
2020-07-14 05:00:53, BICMA asks PDP to stop publishing e newsletter https t co VCIUS8pj8U https t co PwxmztKwim , business bhutan , ,10493,Thimphu 
2020-07-14 04:46:00, More than 700 Indian laborers want to return home https t co A12qlZMCzp https t co g8JNWNFlC6 , business bhutan , ,10493,Thimphu 
2020-07-14 04:32:06, ECCDs remain closed impacting parents and children https t co cfv9YNgaeZ https t co y1JqdNDeV7 , business bhutan , ,10493,Thimphu 
2020-07-14 04:26:21, Capital of Bhutan under the thick blanket of snow covered with mist and fog during winter xf0 x9f x87 xa7 xf0 x9f x87 xb9 xf0 x9f x87 xa7 xf0 x9f x87 xb9 Bhutanese Bhutan snow capital thimphu https t co mNMJag8jh6 , NamgaySkidas , Bhutanese Bhutan snow capital thimphu ,241,Paro 
2020-07-14 04:19:33, Editorial Our Views amp Perspectives Let xe2 x80 x99s not let our guard down https t co s2r55VZRCh https t co 5eVr23pPpg , business bhutan , ,10493,Thimphu 
2020-07-14 04:08:15, General concern about COVID 19 extremely low https t co gFRoksTABN https t co 6M80sv4o5N , business bhutan , ,10493,Thimphu 
2020-07-14 03:45:22, BBS Radio Agricultural Marketing Information System AMIS https t co C3qkMKaWGG , BBSBhutan , ,51218,Thimphu 
2020-07-14 03:36:39, KehKeLelo12 rightwingchora KashmiriPandit7 Dharma Yoddhaa Mahender Chem darpanban Devalayatrika punarutthana AlpaChauhan VertigoWarrior Hi Five s , Bhutan is , ,107,Thimphu 
2020-07-14 03:22:44, Inviting applications from Bhutanese nationals for AYUSH scholarships coordinated by Indian Council For Cultural Relations Access the online application on A2A portal https t co lSPL3sLh5s latest by July 31 Please read the attached eligibility and guidelines https t co txd2CaGLF9 , Indiainbhutan , ,10335,Thimphu 
2020-07-14 02:51:07, good morning my Pari have a nice day https t co U00U9XYdMX https t co nfTCVIRFCR , SyedSaa1 , ,1571,Thimphu 
2020-07-14 02:10:04, One thing that I need to follow https t co dQRnTH7QhN , ChhedupSangay , ,1081,Thimphu 
2020-07-14 00:09:02, GR95790881 AltHistoryHub I love your profile pic , JCrosschild , ,1,Thimphu 
2020-07-13 21:02:08, COVID 19 update from Bhutan xf0 x9f x87 xa7 xf0 x9f x87 xb9 I m not expert but I wish Best for everyone and Stay Safe xf0 x9f x99 x8f BMT Happiness House https t co cjFE0gT9Xi , bhutan majestic , COVID ,1129,Thimphu 
2020-07-13 20:26:17, Look at this stupid little pirate Stupid little man artshare ArtistOnTwitter https t co xrN0BzCLJA , Caniiibal , pirate artshare ArtistOnTwitter ,128,Thimpu 
2020-07-13 20:21:37, Pengluin im suing , Caniiibal , ,128,Thimpu 
2020-07-13 20:11:45, Pengluin OH THESE ARE GOOD I just learned you cant do xe2 x80 x9c xe2 x80 x9c on twitter usernames heart been broke so many times xf0 x9f x98 x94 xe2 x9c x8a Canl bal Cani bal , Caniiibal , ,128,Thimpu 
2020-07-13 19:46:08, Shakes fist I wish I could have the same username in all my places Cani bal slaps Caniibal also slaps but it xe2 x80 x99s always dead accounts that take the name xf0 x9f x98 x94 xf0 x9f xa4 x98 xf0 x9f x8f xbc Is Caniiibal too many letters WHAT TO DO , Caniiibal , ,128,Thimpu 
2020-07-13 19:35:49, Pengluin Yessss yesyes https t co RpKnvsfPf4 , Caniiibal , ,128,Thimpu 
2020-07-13 18:16:42, pchilimzam Bhutan Telecom Same question I have Bhutan Telecom need to clarify this , ChhedupSangay , ,1081,Thimphu 
2020-07-13 18:01:35, Martin Luther King once said Our lives begin the end the day we become silent about things that matter , ChhedupSangay , ,1081,Thimphu 
2020-07-13 17:51:46, Can someone explain me this I have got 6k plus MB data balance but the message I got from Bhutan Telecom is bit different Does it mean my remaining balance is not valid https t co 7EL8zVdcnQ , ChhedupSangay , ,1081,Thimphu 
2020-07-13 16:49:31, There s no U turn No escape Go forward Move quickly Life is short Do what you think is right Enjoy but don t regret It s completely okay Good night , ChhedupSangay , ,1081,Thimphu 
2020-07-13 16:47:38, It is always interesting and exciting when we hear that His Majesty will be giving us an audience This is how our toilets look as soon as we hear the news Students rushing to wash their lagays and socks and others to find kabneys all around bhutan https t co LKmhmuI3Gm , Phuuuuubz19 , bhutan ,181,Thimphu 
2020-07-13 16:31:26, I hope you did give some good smiles today https t co rzzxzoTvRS https t co ai2CPPkU92 , backyardheaven , ,253,Thimphu 
2020-07-13 15:21:17, Where your soul connects My dear packs https t co qn3G1iPgwR , ADMys3 , ,0,Bhutan 
2020-07-13 14:08:11, very sad be my friend I m very fond of travelling I vl give you a good company to cross over all Pakistan https t co 59Z1lDiZwN https t co 4RpmhjZYjS , SyedSaa1 , ,1571,Thimphu 
2020-07-13 14:05:08, chk your BP if Bp low have a glass of mango shake https t co gnQdblbX5e https t co EnR8K40Ni2 , SyedSaa1 , ,1571,Thimphu 
2020-07-13 14:00:56, you are right my birthday is cuming on 14th August https t co ujK4jOVxrb , SyedSaa1 , ,1571,Thimphu 
2020-07-13 13:56:45, same here https t co NX1YvE3l5K , SyedSaa1 , ,1571,Thimphu 
2020-07-13 13:17:24, Early morning walk to kuenselphodrang xf0 x9f x99 x8f xf0 x9f x99 x8f xf0 x9f x99 x8f xf0 x9f x99 x8f https t co G0j4XxRFQN , Rinchen47750946 , ,1,Thimphu 
2020-07-13 13:07:00, LeoDiCaprio Thank you for sharing xf0 x9f x92 x99Leo xf0 x9f x92 x99 xf0 x9f x99 x8f , Rinchen47750946 , ,1,Thimphu 
2020-07-13 12:21:18, KarmaMindu It s going to be a permanent situation for 9 to 5 jobs Save all of us xf0 x9f xa4 xa3 , zzezenn , ,1923,Thimphu 
2020-07-13 11:55:03, NathanBaconFC Wow congrats xf0 x9f x99 x82 Hack the fpl points now xf0 x9f x98 x82 xf0 x9f x98 x82 , DeependraKoira5 , ,19,Thimphu 
2020-07-13 11:52:12, Journey towards road end our life is a race of journey destined to end one day https t co yBO29jLMcw , KinzangDendup1 , ,217,Thimphu 
2020-07-13 11:45:37, We need to reform the PEM Policy evidence based relevant Education quality market relevant Market systems amp Infrastructure infrastructure sharing efficient market processes 21stCenturyEconomicRoadmap Bhutan , Khampaa , 21stCenturyEconomicRoadmap Bhutan ,3837,Thimphu 
2020-07-13 11:06:34, Fanhube hello beautiful I m your new follower , SyedSaa1 , ,1571,Thimphu 
2020-07-13 11:02:11, So much penalties given to Man Utd just so that they can take City s place in champion league Whats up premierleague , phuzinspurs , ,1277,Thimphu 
2020-07-13 10:57:22, talkSPORT Justice prevails , phuzinspurs , ,1277,Thimphu 
2020-07-13 09:58:26, iix Ally I m not lying xf0 x9f xa5 xba , uchiha soma , ,63,Thimphu 
2020-07-13 09:56:16, Ready to go on an adventure You Need to Follow Best Solo Female Travel Blogger from Bhutan Denkars Getaway You ll find blog posts on everything from the classic hiking to exclusive xe2 x80 xa6 https t co ofeNHxUm4D , drupaltroll , ,627,Thimphu 
2020-07-13 09:39:55, iix Ally yes for meh , uchiha soma , ,63,Thimphu 
2020-07-13 09:38:08, iix Ally wow pretty heart eyes , uchiha soma , ,63,Thimphu 
2020-07-13 09:04:52, very good morning you too dear friend https t co GzZ9cAgXiN https t co eoHDrV6uro , SyedSaa1 , ,1571,Thimphu 
2020-07-13 09:03:25, I m from Pakistan owned factories in Singapore https t co k1sOHiXCew , SyedSaa1 , ,1571,Thimphu 
2020-07-13 07:48:01, VeD DeV Looking at how you laugh in the Lexy and then looking at your picture makes me feel like you are not so happy lol , uchiha soma , ,63,Thimphu 
2020-07-13 07:22:03, iix Ally Good afternoon xf0 x9f xa4 xa6 , uchiha soma , ,63,Thimphu 
2020-07-13 07:16:40, tehseenp I wonder how you still support congress inspite of all lapses and corruption You are a well educated and don xe2 x80 x99t you feel ashamed Don xe2 x80 x99t you have a clean mind and heart to serve the nation Why you keep urging with people knowing the dark side of congress politics , nidhi bhattarai , ,3,Thimphu 
2020-07-13 07:02:26, You may be overtaken by envy today or deep worry that someone More for Virgo https t co ytH6jMhay1 , czdorji , ,2311,Thimphu 
2020-07-13 07:01:08, Trying to rush a friendship or relationship can be disastrous More for Sagittarius https t co FfKav1h4Nc , kintsho bht , ,30,Thimphu 
2020-07-13 07:01:01, Be willing to try something new today even if you feel self c More for Taurus https t co EECfQYA8HL , cixx67 , ,1510,Thimphu 
2020-07-13 07:00:16, It xe2 x80 x99s time to rewrite the script of your economic life If you More for Pisces https t co uojyhA9mo8 , LobzangYeshey1 , ,314,Thimphu 
2020-07-13 06:25:21, Guardians of the Galaxy a lone cow guarding the gateway to the stars Chele La on one of Bhutan s highest mountain passes at almost 4000 meters above sea xe2 x80 xa6 https t co n0EfsTJP9d , LovenRamos , ,2127,Bhutan 
2020-07-13 05:53:11, Learning from Mahatma Gandhi xe2 x80 x99s practices of wellness of body mind and spirit is especially important in present times of COVID 19 Join us on Facebook LIVE at 4pm BST for Gandhi Katha by Dr Shobhana Radhakrishna on 16 July 2020 Wellness 150birthanniveraryofMahatmaGandhi https t co sbJqTsZzHn , Indiainbhutan , Wellness 150birthanniveraryofMahatmaGandhi ,10335,Thimphu 
2020-07-13 05:51:34, juniorbachchan Prayers for your family all the way from Bhutan Recover well , Khamsa , ,291,Thimphu 
2020-07-13 05:37:06, call meh brookx March 22 , uchiha soma , ,63,Thimphu 
2020-07-13 05:25:56, Located in South West of Paro and covering an area of roughly 1706 sq km Haa is one of the smallest Dzongkhag in the country adorned with pristine alpine forests and tranquil mountain peaks xc2 xa0 The wooded hills of xe2 x80 xa6 https t co bwmCfAQPDo , tourismbhutan , ,12019,Thimphu 
2020-07-13 04:03:44, View Video to Learn xf0 x9d x90 x81 xf0 x9d x90 x9e xf0 x9d x90 xa7 xf0 x9d x90 x9e xf0 x9d x90 x9f xf0 x9d x90 xa2 xf0 x9d x90 xad xf0 x9d x90 xac xf0 x9d x90 xa8 xf0 x9d x90 x9f xf0 x9d x90 x94 xf0 x9d x90 xac xf0 x9d x90 xa2 xf0 x9d x90 xa7 xf0 x9d x90 xa0 xf0 x9d x90 x9e xf0 x9d x90 x93 xf0 x9d x90 x9e xf0 x9d x90 x9e xf0 x9d x90 xab xf0 x9d x90 xae https t co yi3clE82Ws via YouTube or read here https t co pjlSyqO11i eteeru epaymentswitheteeru bhutan tashicell towardsadigitalbhutan , TashiCell , eteeru epaymentswitheteeru bhutan tashicell towardsadigitalbhutan ,1752,Thimphu 
2020-07-13 03:41:31, i kalidas RahulGandhi Worst congress , nidhi bhattarai , ,3,Thimphu 
2020-07-12 22:23:55, ashoswai Hi SWINE , ANANSG1 , ,0,Thimphu 
2020-07-12 17:48:29, Making nation proud https t co p1hT4xMAnb , Che7cho , ,2275,Thimphu 
2020-07-12 17:34:48, Fiance is such a big fan of KapilSharmaK9 doesn xe2 x80 x99t miss a single show on rewind either Watched a 100th episode one today and he asked me to tweet this video to Kapil Thank you Kapilji for making us laugh in Bhutan xf0 x9f x98 x8a https t co Y97JnalqP2 , namgayzam , ,22895,Thimphu 
2020-07-12 17:14:43, 2 nights 3 days wonderful Bumdra Trek 800 years ago one hundred thousand angels descended and left footprints on a rock high up in the mountains Bumdra it is After a half days xe2 x80 x99 hike through the ancient forest xe2 x80 xa6 https t co W2sZtInWAg , BMVTNT , ,69,Thimphu 
2020-07-12 16:38:11, Hardwork rewarded for the Day https t co e2qwAGXQoQ , KarmaKD4 , ,3,Paro 
2020-07-12 16:31:49, KarmaMindu begining of the mid life crises lol xf0 x9f x98 x85 , zzezenn , ,1923,Paro 
2020-07-12 16:28:47, Nothing to do just a click selfie https t co tS0DFwyC6I , SonamZa75499076 , ,2,Paro 
2020-07-12 16:13:10, I may not agree with him on many things but his opinion on Bhutan xe2 x80 x99s relations with India amp China are compelling Not many Bhutanese will opine as candidly as he has done https t co apfQSkgy1a , namgayzam , ,22895,Paro 
2020-07-12 16:01:31, The HaaWallMural Project a testimony of Haa Dzongkhag xe2 x80 x99s belief in its community its rich history heritage flora amp fauna Kardinchey Haa Dzongda amp team 4 treating VAST artists with respect amp taking care of them while they bring out the visuals of the Haa narrative on the 200 m walls https t co Wedm14RiIq , czdorji , HaaWallMural ,2311,Thimphu 
2020-07-12 15:53:10, NC Punakha MP Lhaki Dolma transplanting paddy today with her husband and chidlren in tow Tells me she does this annually on her maternal land xf0 x9f x98 x8d So nice to see an MP who remains as she was https t co OKGzoTNfDM , namgayzam , ,22895,Thimphu 
2020-07-12 15:19:40, Media report several road block due to landslides in Bhutan That s much worrying Travel safe , ChhedupSangay , Bhutan ,1081,Thimphu 
2020-07-12 15:10:25, TimesNow DKShivakumar Sounds very funny What sort of Congress representatives , nidhi bhattarai , ,3,Thimphu 
2020-07-12 15:00:30, My mom xe2 x80 x99s blessings to fight against COVID 19 At 84 she is healthy amp strong BMT Happiness House https t co U3vXqmsAVL , bhutan majestic , COVID ,1129,Thimphu 
2020-07-12 14:21:09, abhish 31 Good point , TenzingLamsang , ,23683,Thimphu 
2020-07-12 14:14:08, 2 2 Wondering how long this unintended economic cycle will continue CFM vendors said not many farmers are bringing their cabbage to CFM amp those who do are charging Nu 30 to 35 per kg Most prefer to load it into trucks or boleros and head for the FCB yard to sell it in bulk , TenzingLamsang , ,23683,Thimphu 
2020-07-12 14:12:36, 1 2 Cabbage Economics Got Cabbage at Nu 40 per kg from CFM in Thimphu Our farmers sell it at Nu 19 per kg to FCBL under govt xe2 x80 x99s buy back scheme FCBL selling it at Nu 5 5 per kg to India So Indians now enjoy super cheap cabbage grown in the pristine environment of Bhutan xf0 x9f xa4 x94 https t co WBpYr1zthB , TenzingLamsang , ,23683,Thimphu 
2020-07-12 13:50:52, TheINFP Bear Welcome That was suppose to be a big compliment , its Astrophile , ,4,Thimphu 
2020-07-12 13:34:07, This virus has no boundary It touches any segment of society Get well soon Bollywood s Aishwarya Rai Bachchan daughter coronavirus positive AJENews https t co AKLgnxRDu5 , ChhedupSangay , ,1081,Thimphu 
2020-07-12 12:47:00, https t co jtqNNyJr3P Am I really Rich with Liabilities or Am I rich with Assets Check this article to find out https t co jKFuaPwqz2 , backyardheaven , ,253,Thimphu 
2020-07-12 12:23:22, iix Ally Simp , uchiha soma , ,63,Thimphu 
2020-07-12 12:23:04, One of the highest elevated Football Ground in Bhutan Bhutan awaytobhutantravel awaytobhutan bhutantour bhutanvisit holiday Football footballhighlights footballmemes Thimphu Bhutan https t co NLJtm57AKC , duptshering6 , Bhutan awaytobhutantravel awaytobhutan bhutanvisit holiday Football footballhighlights footballmemes ,416,Bhutan 
2020-07-12 09:18:38, BTS twt Love you Jinnie be healthy and happy xf0 x9f xa4 x97 xf0 x9f x92 x9b xf0 x9f x92 x9c a fan from Bhutan , pixie simpson93 , ,26,Bhutan 
2020-07-12 09:17:19, Teddy is Camera Shy BMT Happiness House https t co NnHfLP0S9r , bhutan majestic , ,1129,Thimphu 
2020-07-12 09:16:52, Tyson xe2 x80 x99s Best Pose BMT Happiness House https t co tiVraeNoD8 , bhutan majestic , ,1129,Thimphu 
2020-07-12 09:09:40, Fresh air and serene escape in the mountain Best weekend treat BlackVictor PC nithildennis Thimphu Bhutan https t co ulQoXeMYso , duptshering6 , BlackVictor ,416,Bhutan 
2020-07-12 09:08:04, Fresh air and serene escape in the mountain Best weekend treat BlackVictor PC nithildennis Thimphu Bhutan https t co 0oH0mINjUt , drupaltroll , BlackVictor ,627,Thimphu 
2020-07-12 09:07:19, 4 of 5 stars to Animal Farm by George Orwell https t co p9vtzqE9qg , pratimaIceberg , ,143,Thimphu 
2020-07-12 07:17:03, Bhutan Times captures smiles on the faces of prize winners from xf0 x9f x87 xa7 xf0 x9f x87 xb9 Recognizing excellence in Yoga xf0 x9f xa7 x98 xe2 x80 x8d xe2 x99 x82 xef xb8 x8f as these winners move on to the next stage of the global MyLifeMyYoga video blogging contest All the best Yoga DineshKPatnaik vinay1011 https t co NVONKu7eSw , Indiainbhutan , MyLifeMyYoga Yoga ,10335,Thimphu 
2020-07-12 07:09:38, Gasa the northernmost district of the country adjoins the districts of Punakha Thimphu and Wangdue Phodrang and with Tibet to its north This starkly beautiful region with elevations ranging from 1500 to 4 500 m xe2 x80 xa6 https t co ZwPsE8Usad , tourismbhutan , ,12019,Thimphu 
2020-07-12 07:01:09, An intense conversation might stir up powerful emotions Don xe2 x80 x99t More for Sagittarius https t co FfKav1h4Nc , kintsho bht , ,30,Thimphu 
2020-07-12 07:01:02, It will be much easier to get your thoughts across to your nea More for Taurus https t co EECfQYA8HL , cixx67 , ,1510,Thimphu 
2020-07-12 07:00:16, Purchasing something that you want but don t really need could More for Pisces https t co uojyhA9mo8 , LobzangYeshey1 , ,314,Thimphu 
2020-07-12 06:54:44, Prizes galore for yoga practitioners from xf0 x9f x87 xa7 xf0 x9f x87 xb9at the country level of the MyLifeMyYoga video blogging contest Bhutan Today reports on the prize distribution ceremony as these prize winners go on to the next stage of the contest launched by M AYUSH amp ICCR Yoga DineshKPatnaik https t co K6ZZrehkIZ , Indiainbhutan , MyLifeMyYoga Yoga ,10335,Thimphu 
2020-07-12 06:40:13, Finally We made it to our destination and had my first picture with nithildennis hikingtrails bhutan adventurehero adventure adventures trekking hike Thimphu Bhutan https t co duBWciptFE , drupaltroll , hikingtrails bhutan adventurehero adventure adventures trekking hike ,627,Thimphu 
2020-07-12 06:37:17, JonDenton U say u still like Eminem But u say u hate Eminem fans Dude how high are you You re basically saying u hate yourself xf0 x9f x98 xac , Xiao920 , ,88,Thimphu 
2020-07-12 06:33:48, VirtuosoCEO FoxStevensonNow Oh fack I just realized that now xf0 x9f x98 xaf , Xiao920 , ,88,Thimphu 
2020-07-12 06:01:23, Paddy plantation season working as a team blessedtobeborninpunakha punakhavalleybhutan Punakha District https t co lOUvtZG08r , lhakidolma , ,1271,Thimphu 
2020-07-12 05:51:53, thankyou https t co 7PmDzyioGQ https t co lRYmhpYIb3 , SyedSaa1 , ,1571,Thimphu 
2020-07-12 05:51:28, Thimphu Thromde is building a new sewage line from Zilukha Some workers left this deep tank filled with rain water open The nearby path is used by school children and kids Deep tank is enough to drown a child Took heavy lifting but I put the manhole cover back on myself https t co UtfC2GPLw4 , TenzingLamsang , ,23683,Thimphu 
2020-07-12 05:48:45, good morning dear Shagufta from Pakistan happy Sunday https t co oD2Urw98Sg https t co qecwa1v463 , SyedSaa1 , ,1571,Thimphu 
2020-07-12 05:47:09, correct https t co AfTzByGqP3 , SyedSaa1 , ,1571,Thimphu 
2020-07-12 05:24:08, Geeta Mohan IndiaToday 3 mn cases too late , TenzingLamsang , ,23683,Thimphu 
2020-07-12 05:20:05, sowfflll Tdorjigs I think I spotted you there last time xf0 x9f x98 x84 , TenzingLamsang , ,23683,Thimphu 
2020-07-12 05:17:58, Tdorjigs Serbithang , Phuuuuubz19 , ,181,Thimphu 
2020-07-12 05:17:35, rahul chd Unworthy of the praise compared to the truly bold work some of my colleagues in the region are doing Thank you anyway xf0 x9f x99 x8f , TenzingLamsang , ,23683,Thimphu 
2020-07-12 05:13:18, Only 6 active cases of today And ZERO deaths community transmission Can xe2 x80 x99t wait for us to get to Zero active cases xf0 x9f xa4 x97 xf0 x9f x87 xa7 xf0 x9f x87 xb9 FYI We have the 2nd highest test rate in the region after the Maldives https t co XA9bX0ADiP , namgayzam , ,22895,Thimphu 
2020-07-12 05:04:14, ufc alexvolkanovski This is what bad decision does maxHolloway won the fight , Dorji5Kuenga , maxHolloway ,11,Thimphu 
2020-07-12 05:03:34, ufc So disappointed with the decision maxHolloway won the fight Two knock down , Khamsa , maxHolloway ,291,Thimphu 
2020-07-12 04:59:08, ufc Max won it no doubt , Dorji5Kuenga , ,11,Thimphu 
2020-07-12 04:57:59, I came to this account so late but I xe2 x80 x99m glad it xe2 x80 x99s better late than never I xe2 x80 x99m allowing myself to be re educated on sustainability https t co JZoP3WSTOz , namgayzam , ,22895,Thimphu 
2020-07-12 04:57:43, ufc Incompetent judges Holloway won the fight , Dorji5Kuenga , ,11,Thimphu 
2020-07-12 04:44:22, In international diplomacy don xe2 x80 x99t be afraid of the 800 pound Gorilla xf0 x9f xa6 x8d It is secure in its size amp strength amp will rarely act out Be very afraid of the 800 pound Gorilla that behaves like a Rhesus Macaque monkey xf0 x9f x90 x92 full of aggression unending vendettas amp a Napoleon complex , TenzingLamsang , ,23683,Thimphu 
2020-07-12 04:37:54, medha bisht I think the content speaks loud and clear for itself , TenzingLamsang , ,23683,Thimphu 
2020-07-12 03:02:08, Sonaam Choden instant , ha na 08 , ,759,Thimphu 
2020-07-12 03:01:48, TRKarbaGhallay morning morning , ha na 08 , ,759,Thimphu 
2020-07-12 03:01:19, jins94475391 thanks trying hard here , ha na 08 , ,759,Thimphu 
2020-07-12 02:28:02, 2 recent articles by Deccan Herald on the neighborhood uses language that makes Bhutan amp Bangladesh sound like petulant children xe2 x80 x98Dilly dallying Bhutan xe2 x80 x99 for not jumping on a proposal to build Indian road through its territory xe2 x80 x98China now offers economic goodies to lure Dhaka xe2 x80 x99 https t co oulY9sbTYB , TenzingLamsang , ,23683,Thimphu 
2020-07-11 18:14:04, Oh no Hope he recovers quickly https t co 5AsjlZBOC3 , namgayzam , ,22895,Thimphu 
2020-07-11 18:13:42, SrBachchan Get well soon From Bhutan , younten , Bhutan ,114,Thimphu 
2020-07-11 16:43:02, RobloxTweetz Informative , uchiha soma , ,63,Thimphu 
2020-07-11 16:33:39, zyreenn I m lazy xf0 x9f x98 x82 , uchiha soma , ,63,Thimphu 
2020-07-11 15:19:45, RahulGandhi Useless Congress have nothing to write against BJP thus they write all nonsense , nidhi bhattarai , ,3,Thimphu 
2020-07-11 15:03:01, hinaparvezbutt BBhuttoZardari look the difference between elected and Selected https t co W8dCdLksF5 , SyedSaa1 , ,1571,Thimphu 
2020-07-11 14:59:42, itzClairerblz Big congrats xf0 x9f x8e x89 , uchiha soma , ,63,Thimphu 
2020-07-11 14:56:40, itzClairerblz congrats on the 1k UwU xf0 x9f x8e x89 xf0 x9f x8e x89 xf0 x9f xa5 xb3 , uchiha soma , ,63,Thimphu 
2020-07-11 14:55:49, itzClairerblz Okay gt C , uchiha soma , ,63,Thimphu 
2020-07-11 14:39:26, Mom n daughter https t co CMUUv6sXhz , Karma64012365 , ,0,Thimphu 
2020-07-11 14:16:25, iix Ally CrstnLndnFg not rlly lol YES REALLY xf0 x9f x98 x82 , uchiha soma , ,63,Thimphu 
2020-07-11 14:14:43, iix Ally CrstnLndnFg Cause you too look good XD , uchiha soma , ,63,Thimphu 
2020-07-11 13:53:20, https t co 3kzacuaIxR How do you improve your wellness score Want to know the simplest of ways that could help to make a substantial difference in your health Check this article to find out more details on your health and Wellness Check Lists , backyardheaven , ,253,Thimphu 
2020-07-11 13:22:47, If scoring 2 is brace And scoring 3 is hatrick What is scoring 4 in a game called Antonio You made FPL manager regret for not having you on their team xf0 x9f xa5 xba , DeependraKoira5 , ,19,Thimphu 
2020-07-11 13:20:16, FactsFpl Thank you so much for the share xf0 x9f x99 x82 , DeependraKoira5 , ,19,Thimphu 
2020-07-11 13:11:41, beautiful color just likey car paint https t co om9d0jlnGd https t co JkKygVQvVs , SyedSaa1 , ,1571,Thimphu 
2020-07-11 12:19:30, xo audrey Maybe one day we will be there at all I just want to be sure I have the right to be mad at me for not being xf0 x9f x92 xaf , uchiha soma , ,63,Thimphu 
2020-07-11 12:15:34, BibekWrites Ayushman Yangchenlhamoj Plenty of gas for an alleged PhD , TenzingLamsang , ,23683,Thimphu 
2020-07-11 11:59:57, LatoyaFerns IYCMaha satyajeettambe brijdutt INCIndia xf0 x9f xa5 xb0 xf0 x9f x99 x8c xf0 x9f x8f xbc You know it xe2 x80 x99s ditto , namgayzam , ,22895,Thimphu 
2020-07-11 11:53:58, LatoyaFerns IYCMaha satyajeettambe brijdutt INCIndia Tashi delek my dear charo xf0 x9f x92 x95 , namgayzam , ,22895,Thimphu 
2020-07-11 11:39:55, justme277 CaroWozniacki Close your mouth first , chunjurrinchhen , ,185,Thimphu 
2020-07-11 10:32:55, Am I scared amp worried of COVID 19 BIG YES I m using MASK to prevent myself family and others because I CARE Do You BMT Happiness House https t co 00zFQ7601A , bhutan majestic , COVID MASK ,1129,Thimphu 
2020-07-11 10:29:41, sowfflll Than wrote xf0 x9f x96 x8a jackpot a note containing lot of xf0 x9f x90 xbb xf0 x9f xa4 x97 , DziJ , ,1688,Thimphu 
2020-07-11 09:52:46, aayosanket Proud Nepalese Exactly , TenzingLamsang , ,23683,Thimphu 
2020-07-11 09:42:10, What if unfair is fair xf0 x9f x98 xa3 xf0 x9f x98 xa3 xf0 x9f x98 xa3 xf0 x9f x98 xa3 , SonamZa75499076 , ,2,Thimphu 
2020-07-11 09:40:07, Upgrading connectivity in the Buddhist circuit Kushinagar airport declared as International Airport to provide additional facilities and flights for devotees and pilgrims on the Lord xe2 x80 x99s trail Do read https t co kZSwBF1cQt https t co vQRmfrWLkR , Indiainbhutan , ,10335,Thimphu 
2020-07-11 08:57:55, Reaffirming India xe2 x80 x99s pledge to combat Climate Change PM Narendra Modi says that Solar Energy is Sure Pure and Secure Read the full speech here https t co 8Wx1XQyYDg PMOIndia isolaralliance DrSJaishankar MEAIndia IndianDiplomacy https t co mVtsTahjby , Indiainbhutan , Climate ,10335,Thimphu 
2020-07-11 08:38:53, Practise yoga win prizes Congrats to the winners from xf0 x9f x87 xa7 xf0 x9f x87 xb9 of the Ministry of AYUSH Government of India MyLifeMyYoga video blogging contest Do read the Kuensel report of date DineshKPatnaik https t co qjEBjggROh , Indiainbhutan , MyLifeMyYoga ,10335,Thimphu 
2020-07-11 07:59:42, ndtv BJP Government is doing what ever is best for the country and it xe2 x80 x99s people Please refrain from using BJP xe2 x80 x99s name as they are not corrupted like Congress , nidhi bhattarai , ,3,Thimphu 
2020-07-11 07:03:35, Jocelynellax simp xf0 x9f x98 x82 , uchiha soma , ,63,Thimphu 
2020-07-11 07:03:08, basicvaneRbx Okay take care xf0 x9f xa5 xba , uchiha soma , ,63,Thimphu 
2020-07-11 07:01:08, Enjoying yourself should be your top priority today Put your More for Sagittarius https t co FfKav1h4Nc , kintsho bht , ,30,Thimphu 
2020-07-11 07:01:00, Keep any plans to change your job or increase your income a se More for Taurus https t co EECfQYA8HL , cixx67 , ,1510,Thimphu 
2020-07-11 07:00:23, MrGeorgeBenson waiting for your match preview MrGeorgeBenson , TsheringJatsho , ,14,Thimphu 
2020-07-11 07:00:15, Worrying about others opinions will undermine your earning po More for Pisces https t co uojyhA9mo8 , LobzangYeshey1 , ,314,Thimphu 
2020-07-11 06:55:09, ImKundanKrishna Sounds like it , TenzingLamsang , ,23683,Thimphu 
2020-07-11 06:51:05, Amazing talent of a Nepalese singing at a Chinese talent show Having grown up around Nepalis in my school days in Darjeeling and here in Bhutan Lhotsamphs They are highly talented and culturally adaptable Nepalis also win hearts in singing amp dancing competitions in India https t co RQ560hp9ta , TenzingLamsang , ,23683,Thimphu 
2020-07-11 06:38:47, PravinSawhney True but even the strongest of rising powers need a peaceful neighborhood like the USA in the first half of 20th Century China for all its power is in a pretty hostile neighborhood with disputes with countries like Japan Vietnam India Australia Philippines S Korea etc , TenzingLamsang , ,23683,Thimphu 
2020-07-11 06:23:56, sowfflll So the story is threaded as the angry xf0 x9f x98 xa1 jackpot xe2 x80 x99s Aum had a glass of whiskey met sexy Jigsnews and went looking for a camel and a cow xf0 x9f x90 x84 Oh forgot to read her book as she left it with Achu Khegpa , DziJ , ,1688,Thimphu 
2020-07-11 06:21:06, Finally into shape lawn garden canopy a perfect place to park your bumps https t co RpRSb3Qw98 , KinzangDendup1 , lawn canopy ,217,Thimphu 
2020-07-11 05:57:28, Dagana is a verdant region and over 80 of the district is under forest cover Hardy trees like Champ Augury Chirpine and Sal grow throughout the region Here is one of the most interesting and iconic site of xe2 x80 xa6 https t co 2toMC9k2qh , tourismbhutan , ,12019,Thimphu 
2020-07-11 05:53:35, sowfflll Jackpot xf0 x9f x8d xb7 xf0 x9f xa5 x83 , DziJ , ,1688,Thimphu 
2020-07-11 05:28:14, Better Man than I was Yesterday BlackVictor PC nithildennis Thanks for your random shot xf0 x9f x98 x82 xf0 x9f x98 x8d Thimphu Bhutan https t co GDqpUn0rpd , drupaltroll , BlackVictor ,627,Thimphu 
2020-07-11 04:48:29, Wisdom comes to the heart that is hungry for God AW Tozer tozer pursueGod , GenuineShadow , tozer pursueGod ,377,Thimphu 
2020-07-11 04:25:44, FPLUnderTheRadr Follow me Will follow you , DeependraKoira5 , ,19,Thimphu 
2020-07-11 04:24:50, FPLNym Jimenez bracing awaiting xf0 x9f x98 x81 , DeependraKoira5 , ,19,Thimphu 
2020-07-11 04:24:16, I think a simple peace plan for the region is China India amp Pakistan each keep what territory they have amp tackle real issues like COVID 19 economy climate change human rights etc The other option is to develop thick skins that won xe2 x80 x99t melt when faced with a nuclear blast , TenzingLamsang , ,23683,Thimphu 
2020-07-11 01:58:38, Borrowing from ShekharGupta it is sheer fantasy to imagine any of 3 nuclear armed neighbors with territorial disputes China India amp Pakistan in this day amp age can redraw each other xe2 x80 x99s boundaries by force Everything will be thrown into defending territory including nukes , TenzingLamsang , ,23683,Thimphu 
2020-07-11 01:57:11, Kuensel copy pasted the press release from the Covid19 Task Force word by word into their story KuenselOnline https t co mK0rcoFUUO , yiwangpindarica , ,6936,Thimphu 
2020-07-11 01:54:22, Fourth paragraph states Three foreign workers without any documents issued by the Department of Immigrations were apprehended How did they get in https t co NYdM3xIEHj , yiwangpindarica , ,6936,Thimphu 
2020-07-11 01:18:18, Just it case you missed it Kuensel reports on India xe2 x80 x99s policy response to stimulate the economy in the wake of Covid 19 https t co QHAmspumBl PMOIndia MEAIndia IndianDiplomacy DrSJaishankar DDNewslive PBNS India PIB India PTI News KuenselOnline BBSBhutan BhutanT , Indiainbhutan , ,10335,Thimphu 
2020-07-10 22:52:10, nydosas hello Are you open tomorrow 7 11 , aniruddhakul , ,26,Thimphu 
2020-07-10 21:15:46, amazing https t co wQAIxEhUCP , SyedSaa1 , ,1571,Thimphu 
2020-07-10 20:26:32, It s Official I declare myself a Pushover and i never accepted it guilty though it was too obvious Just leave me alone Please , its Astrophile , ,4,Thimphu 
2020-07-10 20:26:32, TheINFP Bear after 1 hour Yum sha momo and fish sticks Then again u can do it Let this be last Best of luck , its Astrophile , ,4,Thimphu 
2020-07-10 19:59:17, read this bastard https t co ODaG8rtRjn https t co cSqWSpZ4HC , SyedSaa1 , ,1571,Thimphu 
2020-07-10 19:57:29, love you dear Salma from Pakistan https t co 3jC1GSBIH9 https t co yevmhF3ia1 , SyedSaa1 , ,1571,Thimphu 
2020-07-10 19:35:36, Changlimithang park photographer photography photooftheday photo photoshoot nature instagood love picoftheday instagram canon portrait art like naturephotography model travelphotography https t co ZCD6ApGwiD , SonamLhendup19 , photographer photography photooftheday photo photoshoot nature instagood love picoftheday instagram canon portrait art like naturephotography model travelphotography ,1,Bhutan 
2020-07-10 18:52:31, megaclang HectorBellerin SergeGnabry Still a plastic fan asshole , chimidorji7 , ,62,Thimphu 
2020-07-10 18:37:05, megaclang HectorBellerin SergeGnabry Plastic fan , chimidorji7 , ,62,Thimphu 
2020-07-10 18:13:35, HectorBellerin SergeGnabry Hector Just focus on your football We want good performance from you every week Moreover you have Anisley and Cedric as competition now , chimidorji7 , ,62,Thimphu 
2020-07-10 16:46:08, Mental pain is less dramatic than physical pain but it is more common and also more hard to bear The frequent attempt to conceal mental pain increases the burden it is easier to say My tooth is aching than to say My heart is broken C S Lewis , GenuineShadow , ,377,Thimphu 
2020-07-10 16:19:39, https t co mABHlWKGi5 HealthyEating Produce 10 reasons why one should eat healthy naturally grown and healthy foods Also find out what should one do to lead a healthy life , backyardheaven , HealthyEating Produce ,253,Thimphu 
2020-07-10 16:01:49, rightIess BloxFruits What character is that , uchiha soma , ,63,Thimphu 
2020-07-10 16:00:07, iix Ally Lol sad , uchiha soma , ,63,Thimphu 
2020-07-10 15:55:37, basicvaneRbx Reinstall windows 10 , uchiha soma , ,63,Thimphu 
2020-07-10 15:54:45, iix Ally Just forget it xf0 x9f xa5 xba , uchiha soma , ,63,Thimphu 
2020-07-10 15:35:52, yucee5 GPforEducation Hello , yucee56 , ,44,Thimphu 
2020-07-10 14:55:13, Last Goodbye Despite some hard tasks and gloominess especially during Computer Programming and Mathematics classes you stumble upon during the last 3 years in the college at the xe2 x80 xa6 https t co kJQ7QdGGgp , drupaltroll , ,627,Thimphu 
2020-07-10 13:09:44, beauty in Saree https t co m5rFASCFH3 https t co P7shdiGt5o , SyedSaa1 , ,1571,Thimphu 
2020-07-10 11:49:30, beauty in Sarees https t co eG2I3vRPWh , SyedSaa1 , ,1571,Thimphu 
2020-07-10 11:14:18, iix Ally Cool but nty , uchiha soma , ,63,Thimphu 
2020-07-10 10:48:55, What an Advertisement when tourismbhutan is having tough time tackling issues with unemployed guides fridy thoughts https t co 4bhjXuammc , Tobgay3 , ,108,Thimphu 
2020-07-10 09:29:47, In Dzongkha Prime Minister xe2 x80 x99s address at the India Global Week hosted by India Inc on 9 July 2020 PMOIndia MEAIndia IndianDiplomacy https t co lgzEGYFlOY , Indiainbhutan , ,10335,Thimphu 
2020-07-10 08:45:41, Well said blackneckedcranes https t co 3Oo3DrDSLX , davidmhecht , blackneckedcranes ,487,Thimphu 
2020-07-10 07:51:05, NABAJIT69631783 A ban does not mean hate And no I don xe2 x80 x99t hate Indians or India Please comprehend my tweet better , namgayzam , ,22895,Thimphu 
2020-07-10 07:04:23, Royal Bhutan Police arrested six men involved in series of burglary of Lhakhangs and Chorten vandalism Offence against Ku Sung Thukten and Zung cases in Paro Thimphu and Haa Dzongkhags They were arrested on 06 and 07 July 2020 from Dogar Paro RBP https t co zjtsM2rJzS , business bhutan , ,10493,Thimphu 
2020-07-10 07:01:10, Spending time with your family or people who feel like family More for Sagittarius https t co FfKav1h4Nc , kintsho bht , ,30,Thimphu 
2020-07-10 07:01:02, Working with a creative team could be both productive and rewa More for Taurus https t co EECfQYA8HL , cixx67 , ,1510,Thimphu 
2020-07-10 07:00:16, Connecting with your higher calmer self can make it possible More for Pisces https t co uojyhA9mo8 , LobzangYeshey1 , ,314,Thimphu 
2020-07-10 06:51:54, jins94475391 namgayzam Lol Same here , Phuuuuubz19 , ,181,Thimphu 
2020-07-10 06:45:43, Oh this young man Haha https t co mGK4MyvTwV , namgayzam , ,22895,Thimphu 
2020-07-10 06:19:07, Yoga gathers impetus in Bhutan Business Bhutan felicitates the country level winners of the Ministry of AYUSH MyLifeMyYoga video blogging contest Take a look MyLifeMyYoga MEAIndia IndianDiplomacy ICCR Delhi moayush business bhutan https t co VJUIIBGSeA , Indiainbhutan , MyLifeMyYoga MyLifeMyYoga ,10335,Thimphu 
2020-07-10 06:08:53, Yoga touches more lives in Bhutan Bhutan Times captures the highlights of the prize distribution ceremony of the MyLifeMyYoga video blogging contest launched by the Ministry of AYUSH and ICCR MEAIndia IndianDiplomacy ICCR Delhi moayush https t co PR3LfRit8k , Indiainbhutan , MyLifeMyYoga ,10335,Thimphu 
2020-07-10 05:19:01, xf0 x9f x92 x95 xe0 xb8 x97 xe0 xb8 xa3 xe0 xb8 x87 xe0 xb8 x9e xe0 xb8 xa3 xe0 xb8 xb0 xe0 xb9 x80 xe0 xb8 x88 xe0 xb8 xa3 xe0 xb8 xb4 xe0 xb8 x8d xf0 x9f x99 x8f Our graceful and cute Prince of Bhutan xf0 x9f x87 xa7 xf0 x9f x87 xb9 Our two Kings xf0 x9f x91 x91 xf0 x9f x91 x91 and the future King xf0 x9f x91 x91 xf0 x9f x99 x8f Long live their Majesty and the Prince xf0 x9f x91 x91 xe2 x80 x9c HEARTS OF BHUTAN xe2 x80 x9c https t co E30stlMejE , NamgaySkidas , ,241,Paro 
2020-07-10 05:15:19, Chukha is a hot and wet region located in the dense subtropical forests in Southern Bhutan The region is not only religiously significant but also is home to many important plants and animal species The Tourism xe2 x80 xa6 https t co QBShrWxqDk , tourismbhutan , ,12019,Thimphu 
2020-07-10 05:01:08, His Majesty The King is on a Royal Tour of the central eastern and southern parts of Bhutan to inspect the impact and works related to COVID19 The Prime Minister and the National Council Chairperson are accompanying His Majesty https t co 902dZxZfQR https t co vMMF2xuGbQ , moafbhutan , ,457,Thimphu 
2020-07-10 04:58:12, The GNHC and the Asian Forest Cooperation Organisation signed a memorandum of understanding for the project title xe2 x80 x98Sustainable Community Based Enterprises for Improved Livelihood xe2 x80 x99 in presence of the implementing partner DoFPS https t co dCkc0s4UlF https t co TFeZj75ipo , moafbhutan , ,457,Thimphu 
2020-07-10 04:32:42, COVID 19 update from Bhutan xf0 x9f x87 xa7 xf0 x9f x87 xb9 ONLY 5 in ISOLATION Wear MASK Maintain PHYSICALDISTANCE Use DRUKTRACE app WASHHANDS amp Stay Safe xf0 x9f x99 x8f BMT Happiness House https t co 1BsJHkh7Dc , bhutan majestic , COVID MASK PHYSICALDISTANCE DRUKTRACE WASHHANDS ,1129,Thimphu 
2020-07-10 04:08:43, Would be nice to see Bhutan ban some Indian channels too xe2 x80 x9cnews xe2 x80 x9d and those saas bahu dead people resurrecting serials sorrynotsorry , namgayzam , sorrynotsorry ,22895,Thimphu 
2020-07-10 04:07:25, peaxchynessa Nuuu My pinky toe got swollon today cause I hit it hard on chair by mistake , uchiha soma , ,63,Thimphu 
2020-07-10 03:53:11, Siimply Kimly Sweet voice xf0 x9f x92 x8e , uchiha soma , ,63,Thimphu 
2020-07-10 03:52:17, Eight basic persuasion techniques in understanding media messages https t co YGUcaAKEMy , BhutanMediaFdn , ,841,Thimphu 
2020-07-10 01:34:49, It s hard to stay on your toes always imagine that https t co XPNZ6OhwFS , yiwangpindarica , ,6936,Thimphu 
2020-07-10 01:18:31, WamrongCaseUpdates xe2 x80 x9dResponsible media scrutiny is beneficial because it usually provides an external check on police prosecutors and judicial authorities and guards against miscarriages of justice xe2 x80 x9d notable insight from Wamrong Dungkhag Court , sonamwangs , WamrongCaseUpdates ,56,Thimphu 
2020-07-10 01:11:03, LexyTopping Awww Thank you Lexy xf0 x9f xa5 xb0 , namgayzam , ,22895,Thimphu 
2020-07-09 23:35:09, ohnips Wahh I m Cani and I like designing and drawing original characters I m still developing a style and figuring out my art but https t co c5lCl4Sp8O , Caniiibal , ,128,Thimpu 
2020-07-09 19:14:59, Dafuq TottenhamHotspur Everything has become predictable Final day of my final exam tomorrow I wish I get the 2hrs I spent watching back , Tobgay333 , TottenhamHotspur ,39,Thimphu 
2020-07-09 19:07:39, NathanBaconFC Spurs failed to register a single shot on target against 19th placed Bournemouth Should be shameful to be called BIG 6 in EPL xf0 x9f xa4 xad , DeependraKoira5 , ,19,Thimphu 
2020-07-09 18:57:03, i hate twitter crops there s no difference in these pics lt 3 Eddie sweetest monster boy ArtistOnTwitter art originalcharacter Monster https t co xmDdZIUfhV , Caniiibal , ArtistOnTwitter art originalcharacter Monster ,128,Thimpu 
2020-07-09 16:36:35, Uroosa21 good night dear Uroosa sweet dreams https t co RknOKCd0xJ , SyedSaa1 , ,1571,Thimphu 
2020-07-09 16:22:28, Not worried about China xe2 x80 x99s new dispute claim on Bhutan xe2 x80 x99s eastern border 1 We don xe2 x80 x99t share a border there with China 2 China will have to launch a full military invasion of India to even reach there 3 All official Chinese maps show it as Bhutanese territory 4 No basis https t co 9TUExxm67I , TenzingLamsang , ,23683,Thimphu 
2020-07-09 15:48:09, 26 Foreign workers apprehended at Pasakha Phuentsholing Dept of Immigration https t co gFu3ZCLoM3 , business bhutan , ,10493,Thimphu 
2020-07-09 15:08:09, The hotstone bath is a traditional Bhutanese well being experience that is very popular with visitors It is easy to replicate the relaxing experience at home by using 6 8 drops of artemisia essentialoil mixed with a carrier oil in your bath Photo courtesy of Uma by Como https t co TYtSux2AwW , tasteofbhutan , hotstone artemisia essentialoil ,1,Thimphu 
2020-07-09 15:03:19, Siimply Kimly Nuu don t , uchiha soma , ,63,Thimphu 
2020-07-09 15:01:38, TenzingLamsang While the US is playing the Knight China is fidgeting its pawn , TingKarr8 , ,28,Thimphu 
2020-07-09 14:51:44, Listen more talk less Anonymous https t co 2Tql1RCiva , TingKarr8 , ,28,Thimphu 
2020-07-09 14:50:31, xe2 x80 x9cAccording to the court public institutions amp public figures must embrace public criticisms constructively xe2 x80 x9d Wow Monggar Drangpon you give me hope xf0 x9f x99 x8f xf0 x9f x8f xbc , namgayzam , ,22895,Thimphu 
2020-07-09 14:49:49, xe2 x80 x9cThe court also noted that responsible media scrutiny is beneficial because it usually provides an external check on police prosecutors amp judicial authorities amp guards against miscarriages of justice xe2 x80 x9d , namgayzam , ,22895,Thimphu 
2020-07-09 14:48:49, Update The Judge overruled the prosecutor xe2 x80 x99s request to summon me today Heartened that he has been progressive fair and has acted in accordance with the law Name same kadrinchela xf0 x9f x99 x8f xf0 x9f x8f xbc https t co gnsN3Mmt7I , namgayzam , ,22895,Thimphu 
2020-07-09 14:22:53, archon1410 We are incredibly progressive don xe2 x80 x99t get me wrong But we can definitely do better , namgayzam , ,22895,Thimphu 
2020-07-09 13:19:35, MrsCie DK Omg you sure seem to have plenty of them xf0 x9f x90 x8c , DziJ , ,1688,Thimphu 
2020-07-09 12:59:44, PM xe2 x80 x99s inaugural address at India Global Week 2020 https t co IzEpdFZSf7 MEAIndia IndianDiplomacy KuenselOnline BBSBhutan , Indiainbhutan , ,10335,Thimphu 
2020-07-09 12:56:46, This gameweek is indeed going disheartening My team review Patricio and Doherty CS wipeout last time Having mane instead of Salah xf0 x9f xa5 xba xf0 x9f xa4 xa8 , DeependraKoira5 , ,19,Thimphu 
2020-07-09 12:53:32, Siimply Kimly I already saw you and your video , uchiha soma , ,63,Thimphu 
2020-07-09 12:40:08, Omg So close to Bhutan I xe2 x80 x99m getting ideas for my friends xf0 x9f xa5 xb0 https t co 5uDgO1ZuoE , namgayzam , ,22895,Thimphu 
2020-07-09 12:29:57, sowfflll MrsCie DK Good luck to you can post pictures for you xf0 x9f xa4 xa3 xf0 x9f xa4 xa3 xf0 x9f xa4 xa3 , DziJ , ,1688,Thimphu 
2020-07-09 12:22:14, sowfflll MrsCie DK According to google rimpoche we do have hedgehogs xf0 x9f x98 x8a they resemble porcupine and a rodent I saw a dead hedgehog xf0 x9f xa6 x94 in south Bhutan , DziJ , ,1688,Thimphu 
2020-07-09 11:28:15, Our dear Health Minister leading by example xf0 x9f x99 x8f xf0 x9f x8f xbc ourgyenkhu https t co 6GXZcvtyMB , namgayzam , ourgyenkhu ,22895,Thimphu 
2020-07-09 11:18:22, I dont want anyone to see my face and i am doing my best to hide it well soawkward , its Astrophile , soawkward ,4,Thimphu 
2020-07-09 11:15:43, I don t know what actually anxiety is but i definitely see that my hands are shaking Crowd and unknown faces make me blue , its Astrophile , ,4,Thimphu 
2020-07-09 11:09:05, PKMBalways You cannot switch parties under any circumstances , TenzingLamsang , ,23683,Thimphu 
2020-07-09 11:06:13, Domestic MP buying or horse trading is a part and parcel of South Asian politics bar Bhutan whose laws do not allow it but in the case of Nepal it is truly an international sport with potential international buyers in the region who will buy wholesale starting from the top https t co iN4gpviAPO , TenzingLamsang , ,23683,Thimphu 
2020-07-09 10:52:58, I definitely hate waiting Never seen a line so lonnnnnnnnggggg xf0 x9f xa4 xa2 , its Astrophile , ,4,Thimphu 
2020-07-09 10:41:56, PM narendramodi addressing India Global Week organised by IndiaIncorp BeTheRevival IGW2020 https t co 8isx4uC84L , Indiainbhutan , BeTheRevival IGW2020 ,10335,Thimphu 
2020-07-09 10:40:14, Thursday Special Blessings from Ap Gaynyen Jagpa Melan for the well being of All Sentient Beings xf0 x9f x99 x8f xf0 x9f x99 x8f xf0 x9f x99 x8f Happy to meet my niece Sonam C Retty amp Family Husband Thinley Tenzin and Son Handsome Rabsel xe2 x80 xa6 https t co tZzH6trJQE , bhutan majestic , ,1129,Thimphu 
2020-07-09 10:28:19, With the epidemic and cancellation of all national and international tournaments ArcheryBhutan is preparing for another virtual tournament with SEISA Group in collaboration with Japanese National Archers and Bhutanese national archers to be engaged and motivated xf0 x9f x8f xb9 xf0 x9f x99 x8f https t co AbAXuVl7bo , BhutanOlympic , ,842,Thimphu 
2020-07-09 10:21:50, Happening now xe2 x81 xa6 UNDP xe2 x81 xa9 Bhutan xe2 x80 x99s xe2 x81 xa6 AzusaKubota xe2 x81 xa9 and Karma Yonten of xe2 x81 xa6 way greener xe2 x81 xa9 discuss waste management in Bhutan on BhutanDialogues xe2 x81 xa6 lodenfoundation xe2 x81 xa9 xe2 x81 xa6 unbhutan xe2 x81 xa9 https t co vAhnkoqie1 , UNDP Bhutan , Bhutan BhutanDialogues ,1654,Bhutan 
2020-07-09 10:15:54, Again no work till xe2 x80 x9dfurther notice xe2 x80 x9d seems like nowadays I like to hear that word again and again xf0 x9f xa4 xaa xf0 x9f xa4 xaa xf0 x9f xa4 xaa , SonamZa75499076 , ,2,Bhutan 
2020-07-09 09:54:54, Same https t co n9r3a3YFHz , namgayzam , ,22895,Bhutan 
2020-07-09 08:58:22, Very true People buy clothes for one time wear Need to think twice before you buy Just because you can buy doesn t mean you have to https t co KGs6rO1rWD , pradhan557 , ,256,Thimphu 
2020-07-09 08:55:30, Good to see youth getting involved in waste management Hope they continue to make good use of what they learn https t co E1WK3nwB5x , pradhan557 , ,256,Thimphu 
2020-07-09 08:42:22, BBS Radio Article 11 The National Council Section 1 to Section 6 https t co PxKfHqAMj5 , BBSBhutan , ,51219,Thimphu 
2020-07-09 08:31:40, The enigma of having a furry buddy https t co JiR6uApQWR , BrezzyNemo , ,15,Thimphu 
2020-07-09 08:05:23, ashesh065 How do you interpret a demarche sent by Bhutan to China against territorial encroachment as xe2 x80 x98neutrality xe2 x80 x99 We have no confusions about where our territory lies , TenzingLamsang , ,23683,Thimphu 
2020-07-09 07:27:59, AnannyaB1 Will welcome you with open arms , namgayzam , ,22895,Thimphu 
2020-07-09 07:22:57, FplSkyWalker Seems so xf0 x9f x98 x82 , DeependraKoira5 , ,19,Thimphu 
2020-07-09 07:17:12, FPLNym Captain should be kept same all season xf0 x9f x99 x82 , DeependraKoira5 , ,19,Thimphu 
2020-07-09 07:01:08, Be a good listener when a family member comes to you in need t More for Sagittarius https t co FfKav1h4Nc , kintsho bht , ,30,Thimphu 
2020-07-09 07:01:01, Talking with friends could really help to release some of your More for Taurus https t co EECfQYA8HL , cixx67 , ,1510,Thimphu 
2020-07-09 07:00:15, You xe2 x80 x99re more determined than ever to realize your dreams Inste More for Pisces https t co uojyhA9mo8 , LobzangYeshey1 , ,314,Thimphu 
2020-07-09 06:36:56, xe2 x80 x98There aren xe2 x80 x99t many neighbors that can satisfactorily say that they know where their sovereignty ends and that CCP will respect that sovereignty It xe2 x80 x99s certainly true now for the people of Bhutan as well xe2 x80 x99 US Secy of State brings up Bhutan twice in his briefings Video sidhant https t co tMOjI79uZI https t co Z8SQQPCjWf , TenzingLamsang , ,23683,Thimphu 
2020-07-09 06:24:21, A perspective on my book by and an interview with Brookings Institution https t co UrUCKTw1ry , sonamkinga , ,5372,Thimphu 
2020-07-09 06:24:10, Only 25 actives cases as of today Still ZERO deaths and ZERO community transmission Thank you to everyone involved in ensuring this status for Bhutan xf0 x9f x99 x8f xf0 x9f x8f xbc , namgayzam , Bhutan ,22895,Thimphu 
2020-07-09 06:09:44, BBW BFF Thank you THANK you , davidmhecht , ,487,Thimphu 
2020-07-09 06:08:58, You added beauty and dimension to our lives EnnioMorricone Though you may have left this world your music never will xf0 x9f x8e xa7 xf0 x9f x92 x95 xf0 x9f x8e xbc https t co SjdRMz41Os , davidmhecht , EnnioMorricone music ,487,Thimphu 
2020-07-09 05:34:11, It definitely cost everything we have to follow Christ but salvation is free https t co rEjzMtVpPN , GenuineShadow , ,377,Thimphu 
2020-07-09 05:12:46, Yesterday Ambassador reviewed progress of the hydropower sector with top Management hydropower is one of the key cooperation areas of the special relationship between Bhutan and India https t co GeYaiGxlHR , Indiainbhutan , ,10335,Thimphu 
2020-07-09 04:09:39, maclane6 BoyWonderFC VintageArsanal There are people who give shitty opinion just bcos they hate the club , thinley707 , ,41,Thimphu 
2020-07-09 03:54:51, I just told the UN Secretary General my solution for a better world is This pandemic COVID 19 has taught us many things which we ignored before Pl lets join together to end this All countries must act as one UN75 unitednations You can too , ChadoLingpa , UN75 ,11,Thimphu 
2020-07-09 03:30:03, xf0 x9d x97 xaa xf0 x9d x97 xb5 xf0 x9d x97 xb6 xf0 x9d x97 xb0 xf0 x9d x97 xb5 xf0 x9d x97 xbc xf0 x9d x97 xbb xf0 x9d x97 xb2 xf0 x9d x97 xae xf0 x9d x97 xbf xf0 x9d x97 xb2 xf0 x9d x98 x86 xf0 x9d x97 xbc xf0 x9d x98 x82 Tell us in the comment section below For more info on eTeeru visit https t co CKCGwoAwNu TashiCell ePaymentsWitheTeeru https t co KfVOpFBlys , TashiCell , TashiCell ePaymentsWitheTeeru ,1752,Thimphu 
2020-07-09 02:40:54, Oh BBC News Kanye West Presidential hopeful wants to run the White House like Wakanda https t co psnEEvGMXj , zhonba , ,1666,Thimphu 
2020-07-09 01:48:16, good morning dear https t co 3RjULNt7Cy https t co lgtZcg6c4C , SyedSaa1 , ,1571,Thimphu 
2020-07-09 01:45:39, good morning dear ha ha ha ha https t co f7N3kbw4T1 https t co WSY2txEqdn , SyedSaa1 , ,1571,Thimphu 
2020-07-08 20:16:29, FplAdama That s too heartbreaking xf0 x9f xa5 xba , DeependraKoira5 , ,19,Thimphu 
2020-07-08 20:11:59, Fantasy Plonker Next season xf0 x9f x98 x8f , DeependraKoira5 , ,19,Thimphu 
2020-07-08 20:07:06, TheFPLviking That s heartbreaking xf0 x9f x98 xa5 , DeependraKoira5 , ,19,Thimphu 
2020-07-08 18:50:23, Reuters Wrong benchmark , jimjatz , ,28,Thimphu 
2020-07-08 18:26:29, Nothing like good City football to get my mind off a lot of things xf0 x9f x98 x82 manchestercity xf0 x9f x99 x8c xf0 x9f x8f xbc , namgayzam , manchestercity ,22895,Thimphu 
2020-07-08 18:24:09, I just installed Windscribe VPN and it s awesome Check it out it s free tweet4data https t co pLQ2xjzvNQ https t co aeR2NHCpBv , Rinchen T , VPN tweet4data ,6,Thimphu 
2020-07-08 17:00:03, God is Great When everyone in the World are going through Dark Times but God gives us Light to SEE MORE Thank you xf0 x9f x99 x8f Achu amp Ashi We share this light with all beings so your lives can also be brighter BMT xe2 x80 xa6 https t co l087dX5l7A , bhutan majestic , ,1129,Thimphu 
2020-07-08 16:06:46, Kenchoo7 me too xf0 x9f x98 xb4 , ha na 08 , ,759,Thimphu 
2020-07-08 16:02:01, changia b I don xe2 x80 x99t know but for me i am ok without rain xf0 x9f x98 x85 xf0 x9f x98 x85 , ha na 08 , ,759,Thimphu 
2020-07-08 16:01:06, jins94475391 aww never xf0 x9f x98 x82 , ha na 08 , ,759,Thimphu 
2020-07-08 14:49:11, that chilip sidhant Of course nothing moves without motive in international diplomacy , TenzingLamsang , ,23683,Thimphu 
2020-07-08 14:42:19, So Airborne it is Science lack way behind self conscience and awareness I already thought long before it was declared pandemic that the COVID19 is an airborne disease But the science was doing research , ChhedupSangay , COVID19 ,1081,Thimphu 
2020-07-08 14:33:15, Video courtesy sidhant xf0 x9f x99 x8f To my earlier thread on how small countries should not be underestimated when big power rivalry is at its peak https t co PqN9B1DtZo , TenzingLamsang , ,23683,Thimphu 
2020-07-08 14:30:23, US Secy of State says CCP filed a boundary dispute new with Bhutan at GEF He says from mountain ranges of Himalayas to waters of Vietnam to Senkaku Islands Beijing has a pattern of instigating territorial disputes He says world should not allow this bullying to take place https t co 4O5UX7NnS0 , TenzingLamsang , ,23683,Thimphu 
2020-07-08 14:30:13, Be careful stay safe https t co oJ9mPuPghY , ChhedupSangay , ,1081,Thimphu 
2020-07-08 10:42:44, aratlimbu Miss you too Think time you are in Aussieland and TD is here Haha , namgayzam , ,22895,Thimphu 
2020-07-08 10:42:15, aratlimbu Haha yes I think more than enough experience to last me a lifetime , namgayzam , ,22895,Thimphu 
2020-07-08 10:02:36, aratlimbu I xe2 x80 x99m not surprised at all by this Things don xe2 x80 x99t change Tara Shoot the loudest messenger first though Haha , namgayzam , ,22895,Thimphu 
2020-07-08 09:40:46, Excited to share the latest addition to our etsy shop This herbal tea set by Bhutan Organics with 4 blends of tea is the perfect giftset for herbaldrinks enthusiasts https t co VoNzLllS8u https t co 6pqbZ6fzYG , tasteofbhutan , etsy giftset herbaldrinks ,1,Thimphu 
2020-07-08 08:25:55, call meh brookx Nub give me mine , uchiha soma , ,63,Thimphu 
2020-07-08 08:17:17, Postgraduate Entrance Examination Result conducted on 7th July xc2 xa02020 https t co BTjyaaThDw , umsb123 , ,53,Thimphu 
2020-07-08 08:16:35, good afternoon miss khan how are you its raining here in Karachi https t co KwKGOUsniI https t co vdFCTDmLz5 , SyedSaa1 , ,1571,Thimphu 
2020-07-08 08:15:51, OfficialZakRB unofficiaIzakrb Jesus Christ pray , uchiha soma , ,63,Thimphu 
2020-07-08 08:11:47, there is no true happiness without money Susi https t co X4C6WDf3MC , SyedSaa1 , ,1571,Thimphu 
2020-07-08 07:49:17, BoyWonderFC VintageArsanal Even as a Man Utd fan I agree 100 with you it was intentional , thinley707 , ,41,Thimphu 
2020-07-08 07:17:26, I have a deep and abiding love for my country Not for institutions Institutions need to be checked time and again This is why we were given the gift of democracy xf0 x9f x87 xa7 xf0 x9f x87 xb9 , namgayzam , ,22895,Thimphu 
2020-07-08 07:01:09, Although you long to break away from an ongoing routine it xe2 x80 x99s More for Sagittarius https t co FfKav1h4Nc , kintsho bht , ,30,Thimphu 
2020-07-08 07:01:02, Trying to lean on a friend may not bring the positive support More for Taurus https t co EECfQYA8HL , cixx67 , ,1510,Thimphu 
2020-07-08 07:00:15, A clash of values may put significant strain on a close relati More for Pisces https t co uojyhA9mo8 , LobzangYeshey1 , ,314,Thimphu 
2020-07-08 06:58:20, namgayzam point to be noted in this article why only the caretaker wife s name is mentioned and why not the drangpoen s wife name Bhutan has two laws one for poor and one for rich And we call ourselves a country of equality xf0 x9f xa4 xa3 Concept of GNH is only for tourist attraction , DeependraKoira5 , ,19,Thimphu 
2020-07-08 06:54:25, A good start to gameweek xf0 x9f xa4 xa8 xe2 x98 xba xef xb8 x8f xf0 x9f x98 xb4 xf0 x9f xa5 xba https t co CRVa8MIwYY , DeependraKoira5 , ,19,Thimphu 
2020-07-08 06:53:28, MinichuUwU Pretty xf0 x9f x98 x8d , uchiha soma , ,63,Thimphu 
2020-07-08 06:52:47, namgayzam Bhutanese democracy is just for namesake Bhutan is beautiful only to outside world It s a heaven on earth for tourist as true colours are blinded from them If you want to know the true colours of Bhutan follow closely and spend some days on Bhutan , DeependraKoira5 , ,19,Thimphu 
2020-07-08 06:47:43, You have an image problem amp you want to rise smoothly to the top but many major powers are aligning against you for a host of reasons The last thing you should do is pick on the smallest amp most peaceful neighbor in the neighborhood amp claim a chunk of its land with no basis , TenzingLamsang , ,23683,Thimphu 
2020-07-08 06:21:23, azakhan23 good morning miss Tea is ready https t co ZbVWKgOsp8 , SyedSaa1 , ,1571,Thimphu 
2020-07-08 06:17:24, BBS Radio Article 10 Parliament Section 20 to Section 25 https t co CjfOfgkNVp , BBSBhutan , ,51219,Thimphu 
2020-07-08 06:03:50, shmueli Democracy , namgayzam , ,22895,Thimphu 
2020-07-08 05:30:17, AnannyaB1 Laughing at how they called me xe2 x80 x9cinfluencer xe2 x80 x9d and not journalist , namgayzam , ,22895,Thimphu 
2020-07-08 05:17:24, Kuensel covers India xe2 x80 x99s policy response to stimulate the economy during COVID19 times Do read PMOIndia DrSJaishankar MEAIndia IndianDiplomacy PIB India PBNS India DDNewslive PTI News BBSBhutan KuenselOnline MoHFW INDIA FinMinIndia https t co doArDwb9dn , Indiainbhutan , COVID19 ,10335,Thimphu 
2020-07-08 05:12:44, Prayers in the wind on the top the world PrayerFlags Chelela ChelelaPass Paro HaaValley Chele La Pass 12000Ft https t co 2Aam0T6JJy , LovenRamos , PrayerFlags Chelela ChelelaPass Paro HaaValley ,2127,Bhutan 
2020-07-08 05:05:13, fate , TenzingLamsang , ,23683,Thimphu 
2020-07-08 04:34:44, amish973 ConstantinoX ChawlaSwati DeepPal AnandMonk ORF Kolkata AusHimalaya ShubhangaP sujeevshakya As far as Bhutan is concerned the view towards India is largely positive though certain tricky issues do come up once in a while Important for India to keep up with an evolving relationship and generation , TenzingLamsang , ,23683,Thimphu 
2020-07-08 03:41:13, PandaGurlGamer Cool , uchiha soma , ,63,Thimphu 
2020-07-08 03:29:23, Lol Plushy TvT PandaGurlGamer Good luck xf0 x9f x98 x84 xe2 x9d xa4 xef xb8 x8f , uchiha soma , ,63,Thimphu 
2020-07-08 03:28:41, More the newsmaker than the newsbreaker these days https t co Xlx0xrOz4P , namgayzam , ,22895,Thimphu 
2020-07-08 03:27:25, PandaGurlGamer Good luck xf0 x9f x98 x84 , uchiha soma , ,63,Thimphu 
2020-07-08 03:23:42, Understanding media messages https t co OEFUxzs1tO , Sanrangi , ,60,Thimphu 
2020-07-08 03:22:42, The Technical Team from the DoFPS interacted with the Technical Assessment Team from the UNFCCC on the Bhutan xe2 x80 x99s proposed Forest Reference Emission Level amp Forest Reference Level from 22nd June to 26th June and additional day on 2nd July https t co gL4MpUjyoQ https t co k72APgz4FV , moafbhutan , ,457,Thimphu 
2020-07-08 03:22:08, Learning the language of persuasion https t co sPoRPPKqGX , BhutanMediaFdn , ,841,Thimphu 
2020-07-08 03:20:38, Karma Tshering joins the Ministry xe2 x80 x99s Policy and Planning Division PPD as the new Chief today Prior to the appointment the Chief served as the Head of the Policy and Programming Services under the National Environment Commission from 1999 till date https t co 48k9fZTyaX https t co UmRalQZgMD , moafbhutan , ,457,Thimphu 
2020-07-08 02:55:55, HUFFPOST posts article from whiny Karen who thinks we should force college grads to become nannys because she can t handle raising her kids without an au pair Btw her au pair is stuck here karen WhitePrivilege slavery freetheaupair https t co hrZV71Ig2w via HuffPost , Bu773rf1y8 , karen WhitePrivilege slavery freetheaupair ,1,Thimphu 
2020-07-08 02:51:28, iix Ally Nuuu Don t call me a bish , uchiha soma , ,63,Thimphu 
2020-07-07 19:51:02, well done Israel https t co cB2fT0yDDk , SyedSaa1 , ,1571,Thimphu 
2020-07-07 19:14:51, The 17th episode of David Hoffman xe2 x80 x99s David xe2 x80 x99s Been Here in Bhutan sees him accomplish the renowned Tiger xe2 x80 x99s Nest Monastery Hike in Paro and showcases Bhutanese food at its best Stay tuned for more mouthwatering episodes https t co sNHybUh1xw , MyBhutan , ,942,Thimphu 
2020-07-07 19:10:22, blood red https t co UbYH1CGV7b , SyedSaa1 , ,1571,Thimphu 
2020-07-07 18:39:25, iix Ally Friend lol , uchiha soma , ,63,Thimphu 
2020-07-07 17:43:13, billburrrito chat to me chiefff https t co sQa1hwhjRl , Crocodilovic , ,50,Thimphu 
2020-07-07 17:17:32, cats4life004 Good luck U U , uchiha soma , ,63,Thimphu 
2020-07-07 16:40:48, 4 4 So in major global conflicts while small countries do not matter in terms of influence or power their faith is often the last straw that breaks the camel xe2 x80 x99s back of big power rivalry As the saying goes xe2 x80 x98those who fail to learn from history are condemned to repeat it xe2 x80 x99 , TenzingLamsang , ,23683,Thimphu 
2020-07-07 16:39:54, 3 4 2nd WW 1939 45 saw a Germany humiliated after 1st WW rising to take its place amp more After getting anchluss of Austria amp break up of Czechoslovakia it tried its luck in invading Poland amp saw Britain amp France declare war on it In both wars a reluctant USA joined in later , TenzingLamsang , ,23683,Thimphu 
2020-07-07 16:38:59, 2 4 1st World War 1914 18 was caused by big power rivalry but the match was lit when Austria Hungary wanted to teach a lesson to the Serbs after the assassination of the Arch Duke AH got Prussian backing while the Serbs got Russian backing and other powers picked camps , TenzingLamsang , ,23683,Thimphu 
2020-07-07 16:38:05, 1 4 As a student of history I have no illusions that quite often small countries are only seen as chess pieces on the board of big power rivalry However sometimes when big power rivalry hits a ceiling then these very chess pieces can become the reason for a big conflagration , TenzingLamsang , ,23683,Thimphu 
2020-07-07 16:23:15, Waiting for the other one now https t co kBDKEml0nE , namgayzam , ,22895,Thimphu 
2020-07-07 15:49:28, caricatured xf0 x9f x98 x82 xf0 x9f x98 x82 xf0 x9f x98 x82 Beautiful xf0 x9f x91 x8c , vikrantparate , ,23,Thimphu 
2020-07-07 15:24:17, Met with H E AKM Shahidul Karim Ambassador of Bangladesh to Bhutan today We had good discussion on ways to further strengthen the strong bilateral relations between the two countries https t co 3zgBV5mRM3 , FMBhutan , ,3451,Thimphu 
2020-07-07 14:42:22, China xe2 x80 x99s greed is despicable As is China clutching at straws , namgayzam , ,22895,Thimphu 
2020-07-07 14:12:32, iix Ally Nu for me your pretty xf0 x9f x98 x8d , uchiha soma , ,63,Thimphu 
2020-07-07 14:00:58, pasreech 26 060 tests for around 700 000 people More will be done , TenzingLamsang , ,23683,Thimphu 
2020-07-07 13:51:58, Meanwhile in Bhutan His Majesty tours the country with the PM to strengthen COVID 19 measures Bhutan has no community transmission and only 80 imported cases of which 54 have recovered and 20 more tested negative leaving only 6 active cases Highest testing rate in region xf0 x9f x87 xa7 xf0 x9f x87 xb9 https t co FFarSiCzdV , TenzingLamsang , ,23683,Thimphu 
2020-07-07 13:21:31, His Majesty The King is on a Royal Tour of the central eastern and southern parts of Bhutan to inspect the impact and works related to COVID 19 The Prime Minister and the National Council Chairperson are accompanying His Majesty https t co Ttr2zvowxT , business bhutan , ,10493,Thimphu 
2020-07-07 12:05:28, Driving class in this weather xf0 x9f x98 xa5 I just hate rain rain rain go away xf0 x9f xa4 x95 Monsoon2020 rain driving work https t co Fhjlssa4Ba , ha na 08 , Monsoon2020 rain driving work ,759,Thimphu 
2020-07-07 12:02:53, changia b Didnt had time to relax also xf0 x9f x98 xa2 Will relax after sleep today xf0 x9f x98 x85 , ha na 08 , ,759,Thimphu 
2020-07-07 11:58:31, iix Ally Wow pretty xf0 x9f x98 x8d , uchiha soma , ,63,Thimphu 
2020-07-07 11:41:07, my Zodiac sigh is Leo by the grace of God I ve earn lot of money now I m spending very satisfy life not greedy for more money https t co tiKXEnFfmM https t co kRpiJnkZFU , SyedSaa1 , ,1571,Thimphu 
2020-07-07 11:23:40, BBS Radio Article 10 Parliament Section 13 to Section 19 https t co IKaBTHC5aR , BBSBhutan , ,51219,Thimphu 
2020-07-07 11:18:03, Between being happy and trying to be happy xe2 x9c x8c https t co hM2cgfBrwL , BidhaChencho , ,97,Paro 
2020-07-07 11:12:54, call meh brookx Pretty lol , uchiha soma , ,63,Thimphu 
2020-07-07 10:05:29, call meh brookx I m listening xf0 x9f x91 x80 , uchiha soma , ,63,Thimphu 
2020-07-07 07:54:42, IamKingClown deeprajchhetri Thank you , Kash33513885 , ,10,Thimphu 
2020-07-07 07:53:58, deeprajchhetri Thank you son , Kash33513885 , ,10,Thimphu 
2020-07-07 07:32:17, can you answer me https t co 8y30dadKcc https t co SZSDymRpbt , SyedSaa1 , ,1571,Thimphu 
2020-07-07 07:19:38, According to business bhutan The Bhutanese man who entered illegally from Nepal has been apprehended and will be charged with breach of public order amp tranquility criminal nuisance and reporting of false information after completion of the quarantine period , namgayzam , ,22895,Thimphu 
2020-07-07 07:12:35, A man returning from Nepal entered Phuentsholing illegally on July 2 amp reached Thimphu He has been apprehended and will be charged to the court for breach of public order amp tranquility criminal nuisance and reporting of false information after completion of the quarantine period https t co HrDXd31BKY , business bhutan , ,10493,Thimphu 
2020-07-07 07:06:25, SingyelP Aggregate fruit Berries are simple fruits forming from a flower with a single ovary , namgayzam , ,22895,Thimphu 
2020-07-07 07:01:08, An added measure of patience and focus is needed when you re a More for Sagittarius https t co FfKav1h4Nc , kintsho bht , ,30,Thimphu 
2020-07-07 07:01:01, Rebellious behavior could get you in trouble with authority fi More for Taurus https t co EECfQYA8HL , cixx67 , ,1510,Thimphu 
2020-07-07 07:00:15, Don t undermine your talents by giving them away for free If More for Pisces https t co uojyhA9mo8 , LobzangYeshey1 , ,314,Thimphu 
2020-07-07 05:58:36, 1977 Chinese map showing Sakteng well within Bhutan while claiming entire Arunachal Pradesh This is in addition to many other such maps including recent ones Yet to hear of any country in the world disputing its own official maps issued for decades Map courtesy pchilimzam https t co aj2NgnBesp , TenzingLamsang , ,23683,Thimphu 
2020-07-07 05:57:17, If ever fish is ask to climb a tree , ngawanglorelzep , ,11,Thimphu 
2020-07-07 05:53:47, WTH448 You are the one , ngawanglorelzep , ,11,Thimphu 
2020-07-07 05:21:00, Press Release Conversation between Special Representatives of India and China on recent developments on the India China border areas Read More at https t co DrXl0MDa76 , Indiainbhutan , ,10335,Thimphu 
2020-07-07 05:20:04, Financial Literacy begins with xe2 x80 x93 The Power of a Vision to Transform Your Life and Your Finances https t co ZlnpXbtRi5 via Fiscal Literacy , TingKarr8 , ,28,Thimphu 
2020-07-07 05:04:39, Interesting session https t co LIUMmiAEKN , pgyamtsho , ,517,Thimphu 
2020-07-07 04:30:44, Made Kkakdugi radish kimchi Not necessarily by choice Mom had an abundance of radish harvest and she had already minced them into small slices hence the the typical cube sizes She calls me xe2 x80 x9cmake this xe2 x80 xa6 https t co KDJoDY9IT3 , manoazam , ,93,Thimphu 
2020-07-07 03:03:41, Some people should be avoided Do not be misled Bad company corrupts good character 1 Corinthians 15 33 , GenuineShadow , ,377,Thimphu 
2020-07-07 02:02:56, FlirtyCanuck Good morning dear https t co MKYSH2MGkF , SyedSaa1 , ,1571,Thimphu 
2020-07-07 01:54:44, AchuKhegpa No doubt about that xf0 x9f x98 x85 , zzezenn , ,1923,Thimphu 
2020-07-06 21:47:13, Thank you aangelineelaw for Seresto from all Three of us Magic is happening BMT Happiness House https t co zKK4cFHMFS , bhutan majestic , ,1129,Thimphu 
2020-07-06 19:36:51, Good news Tourist entry points in Gelephu amp Samdrupjongkhar approved BBS https t co 30tOIfR8qK https t co Qp4ppsoY60 , DrukExperience , ,111,Thimphu 
2020-07-06 17:58:39, IndianMourinho what tweets , Crocodilovic , ,50,Thimphu 
2020-07-06 17:49:45, Just https t co lxEoEBQSsZ , zzezenn , ,1923,Thimphu 
2020-07-06 17:42:12, good night dear beauty https t co AE8BkpE2NK https t co f7lJq1659I , SyedSaa1 , ,1571,Thimphu 
2020-07-06 16:34:05, sonamtweetsx xf0 x9f x98 x83 being single is great for peace of mind xf0 x9f x98 x82 , ha na 08 , ,759,Thimphu 
2020-07-06 15:37:54, azakhan23 good evening Lioness Sana https t co KQQQfUiGA8 , SyedSaa1 , ,1571,Thimphu 
2020-07-06 15:02:16, deeprajchhetri I agree prevention is better than cure , Kash33513885 , ,10,Thimphu 
2020-07-06 14:44:10, UfC251Abudabi Eagerly waiting 1 or 2 https t co ZCbFr5JoGf , TenzinChoda4 , ,0,Thimphu 
2020-07-06 14:32:00, More than any flowery words or assurances how a large and powerful country treats a small neighbor is often the most accurate bell weather of its real foreign policy If it is a major power then the same is in store for the rest History has proven this over and over again , TenzingLamsang , ,23683,Thimphu 
2020-07-06 13:49:18, BBSBhutan Night bars and clubs closed Routine patrolling by Desups , Tobgay3 , ,108,Thimphu 
2020-07-06 12:58:23, realsshrestha Haha Tell me about it , namgayzam , ,22895,Thimphu 
2020-07-06 12:12:11, Strawberries amp raspberries are not berries Bananas are xf0 x9f xa4 xaf , namgayzam , ,22895,Thimphu 
2020-07-06 11:43:20, Mingmabh It is xf0 x9f x99 x82 , zzezenn , ,1923,Thimphu 
2020-07-06 11:24:18, Mingmabh Yes it is xf0 x9f x99 x82 , zzezenn , ,1923,Thimphu 
