2020-07-03 14:23:12, xf0 x9d x90 x80 xf0 x9d x90 xa7 xf0 x9d x90 xa8 xf0 x9d x90 xad xf0 x9d x90 xa1 xf0 x9d x90 x9e xf0 x9d x90 xab xf0 x9d x90 x9c xf0 x9d x90 xa1 xf0 x9d x90 x9a xf0 x9d x90 xa7 xf0 x9d x90 x9c xf0 x9d x90 x9e xf0 x9d x90 x9f xf0 x9d x90 xa8 xf0 x9d x90 xab xf0 x9d x90 xb2 xf0 x9d x90 xa8 xf0 x9d x90 xae xf0 x9d x90 xad xf0 x9d x90 xa8 xf0 x9d x90 x96 xf0 x9d x90 x88 xf0 x9d x90 x8d xf0 x9d x90 x9a xf0 x9d x90 x92 xf0 x9d x90 x9a xf0 x9d x90 xa6 xf0 x9d x90 xac xf0 x9d x90 xae xf0 x9d x90 xa7 xf0 x9d x90 xa0 xf0 x9d x90 x86 xf0 x9d x90 x9a xf0 x9d x90 xa5 xf0 x9d x90 x9a xf0 x9d x90 xb1 xf0 x9d x90 xb2 xf0 x9d x90 x8c xf0 x9d x9f x90 xf0 x9d x9f x8f The 2nd Lucky Winner will get 15 000MB amp the 3rd Lucky Winner 10 000MB data For more info 7700 xf0 x9f x93 x9e T amp C Apply eteeru tashicell bhutan https t co JVaFSssQ0j , TashiCell , eteeru tashicell bhutan ,1746,Thimphu 
2020-07-03 14:22:10, Must follow first btw xf0 x9f x92 x8e , uchiha soma , ,39,Thimphu 
2020-07-03 14:21:37, IRose06 lizzie playzz Youtoo , uchiha soma , ,39,Thimphu 
2020-07-03 14:12:49, GuyAirline We know we are lucky xf0 x9f x98 x8a , namgayzam , ,22654,Thimphu 
2020-07-03 14:12:24, that chilip GuyAirline Ohhh Now that you xe2 x80 x99ve tweeted that I think many of us have made xe2 x80 x9corigin xe2 x80 x9d part of journalistic parlance thank you la , namgayzam , ,22654,Thimphu 
2020-07-03 14:09:26, Thanks for sharing Nilanjana Thought provoking https t co oPy7LhypyW , namgayzam , ,22654,Thimphu 
2020-07-03 13:52:01, Paddy plantation has begun in Paro we have them at different times for different districts in the Western region Photo Kencho Wangdi https t co xEbg7LPCei , namgayzam , ,22654,Thimphu 
2020-07-03 13:48:05, Indian Customs introduces paperless faceless and contact less customs clearance https t co ik0Zntkwd9 , PhuntshoWangs , ,31,Thimphu 
2020-07-03 13:47:19, TheMancTravels Agreed pic from our last trip to the banks of the Seine https t co XQhOYu813g , bhutannorter , ,487,Thimphu 
2020-07-03 13:34:45, claytian8 I m on mobile lol , uchiha soma , ,39,Thimphu 
2020-07-03 13:29:22, RobloxTweetz Ight , uchiha soma , ,39,Thimphu 
2020-07-03 13:28:01, AngelLuvbunnies GL bff , uchiha soma , ,39,Thimphu 
2020-07-03 13:26:10, call meh brookx Later lol , uchiha soma , ,39,Thimphu 
2020-07-03 13:24:57, call meh brookx See discord lol , uchiha soma , ,39,Thimphu 
2020-07-03 13:22:41, basically kel Good luck D , uchiha soma , ,39,Thimphu 
2020-07-03 13:22:29, MyBeauDes Tommy Lee J https t co ryCO2BJ3aS , bhutannorter , ,487,Thimphu 
2020-07-03 11:53:53, Any25 women is here to sex chat with me , SyedSaa1 , ,1579,Thimphu 
2020-07-03 11:46:02, GuyAirline PM xe2 x80 x99s thread explains it very well https t co EJ30Vg5QRy https t co SSXlmxtgik , namgayzam , ,22654,Thimphu 
2020-07-03 11:44:46, GuyAirline I xe2 x80 x99ve written about it in my piece https t co 7h2Y0swzgj Loan repayment deferred for a year and interest waiver to be paid fully then partially by His Majesty xe2 x80 x99s office Details in the piece Bhutanese are beyond lucky xf0 x9f x98 x8a , namgayzam , ,22654,Thimphu 
2020-07-03 11:20:59, 100k bloxburg cash giveaway xf0 x9f x92 x8e xf0 x9f x92 xb5 Conditions Like this tweet Retweet Comment I will be using retweet picker for this Ends when I reach 200 followers Lol Good luck xf0 x9f x92 x8e , uchiha soma , ,39,Thimphu 
2020-07-03 11:18:19, Mariaellax Trash , uchiha soma , ,39,Thimphu 
2020-07-03 11:17:40, call meh brookx Congrats man xf0 x9f x91 x8f xf0 x9f x8e x89 , uchiha soma , ,39,Thimphu 
2020-07-03 10:59:40, The joy of losing in the spiritual path would lead to the addiction of being eternal lost xf0 x9f x92 xab https t co lHpCmds4qV , TipchuCho , ,0,Thimphu 
2020-07-03 10:43:11, 23ft Guru copper statue about to complete https t co uRxFeGThIh , LhakpaT71956662 , ,21,Thimphu 
2020-07-03 10:30:47, Welcome Lunch for Gyamtsho The Pema https t co nPMSaqrTzo , bhutan majestic , ,1131,Thimphu 
2020-07-03 10:28:57, Introducing The Latest Menu 3rd July 2020 We are very honored to be here and experience the Surprise Please come and join us and make Friday Complete Presenting The Menu along with Latest Pastries The Pema https t co UTGsyqlqDo , bhutan majestic , ,1131,Thimphu 
2020-07-03 09:52:12, The age of expansionism is over xe2 x80 x9d Prime Minister Narendra Modi Agreed Sir Very powerful and relevant words , TenzingLamsang , ,22923,Thimphu 
2020-07-03 09:35:43, sowfflll MrsCie DK JigsNews jackpot15 Oh they are old bulls now nothing will work on them xf0 x9f xa4 xad xf0 x9f xa4 xad xf0 x9f xa4 xad xf0 x9f xa4 xad , DziJ , ,1685,Thimphu 
2020-07-03 09:28:57, So i really miss MrGeorgeBenson and NiiNiiFC youtube channel , TsheringJatsho , ,14,Thimphu 
2020-07-03 09:27:56, After losing ChelseaFC to WestHam i could not watch any online news of Chelsea , TsheringJatsho , ,14,Thimphu 
2020-07-03 09:24:17, himabista Glad she spoke up Hope she xe2 x80 x99s supported too Am sure the gaslighting must be terrible , namgayzam , ,22654,Thimphu 
2020-07-03 09:07:13, No man ever saw God and lived And yet I shall not live till I see God and when I have seen Him I shall never die John Donne , GenuineShadow , ,377,Thimphu 
2020-07-03 09:07:02, I shall rise from the dead I shall see the Son of God the Sun of Glory and shine myself as that sun shines I shall be united to the Ancient of Days to God Himself who had no morning never began , GenuineShadow , ,377,Thimphu 
2020-07-03 09:04:45, 4 of 5 stars to The Power of Habit by Charles Duhigg https t co cEkoNPNehr , pratimaIceberg , ,143,Thimphu 
2020-07-03 08:36:39, What if we move forward instead https t co i5GZO900pw , Phuuuuubz19 , ,175,Thimphu 
2020-07-03 08:35:04, MrsCie DK sowfflll The red mushroom has aphrodisiac properties lo may xf0 x9f x98 x82 , DziJ , ,1685,Thimphu 
2020-07-03 08:34:15, Something special about the mountains The freshness and the amazing view hike Bhutan fridaymorning https t co oJRXWLScEF , BhutanTripAdv , hike Bhutan fridaymorning ,5925,Thimphu 
2020-07-03 08:34:10, sowfflll MrsCie DK It xe2 x80 x99s a white substance like a wart on the leaf edible , DziJ , ,1685,Thimphu 
2020-07-03 08:28:22, Ludrong Memorial garden is located opposite site of Tashicho dzong Thimphu Best place to rejuvenate and stroll https t co HPRKE1ogzP Bhutan Traveltomorrow Ludrongmemorialgarden Thimphuattraction WTP tourism https t co 2OMBMLz9x8 , worldtourplan09 , Bhutan Traveltomorrow Ludrongmemorialgarden Thimphuattraction WTP tourism ,194,Thimphu 
2020-07-03 08:10:32, Ice cream and French fires daddyslittlegirls kriyesha krinisha Real Illusions Restro Bar https t co Z88AuZ8Ym6 , bharatbugss , daddyslittlegirls kriyesha krinisha ,65,Thimphu 
2020-07-03 08:06:16, BBS Radio Article 10 Parliament https t co 1cfT848OI6 , BBSBhutan , ,51008,Thimphu 
2020-07-03 08:01:50, BBS Radio Build Bhutan Project https t co xXBN8OuEDx , BBSBhutan , ,51008,Thimphu 
2020-07-03 07:02:27, The luster may be wearing off an important relationship Befor More for Virgo https t co ytH6jMhay1 , czdorji , ,2309,Thimphu 
2020-07-03 07:01:08, A certain family member may feel more like a burden than a ble More for Sagittarius https t co FfKav1h4Nc , kintsho bht , ,30,Thimphu 
2020-07-03 07:01:01, You ve got a decision to make today While you trust and respe More for Taurus https t co EECfQYA8HL , cixx67 , ,1510,Thimphu 
2020-07-03 07:00:15, You may have to put in some more work before you are able to r More for Pisces https t co uojyhA9mo8 , LobzangYeshey1 , ,315,Thimphu 
2020-07-03 06:32:35, good morning Miss Syeda pls have some snackes empty stomach causes headache you can join me https t co DIBoKEkveG https t co XURSpQyzb4 , SyedSaa1 , ,1579,Thimphu 
2020-07-03 06:29:42, good morning Miss Priya https t co ZlEBrqO6Lq https t co LAjeKw5CDn , SyedSaa1 , ,1579,Thimphu 
2020-07-03 06:15:42, The Department of Forest and Park Services organized the first virtual meeting with the field Chief Forestry Officers yesterday https t co uXZdrWQjd7 https t co 33KohLd7yO , moafbhutan , ,450,Thimphu 
2020-07-03 06:08:40, Save yourself and others Wear a mask xf0 x9f x98 xb7 https t co xly675X8GQ , TenzingLamsang , ,22923,Thimphu 
2020-07-03 05:31:08, Paro bhutan parobhutan Wow what amazing paro international airport https t co VElriDMtjX , NamgaySkidas , ,242,Paro 
2020-07-03 04:52:57, BBS Radio International Day of Co operatives 2020 https t co lRgS8yAscy , BBSBhutan , ,51008,Paro 
2020-07-03 04:50:43, Breaking Ministry of Health Detects 34 New HIV Cases from January to June 2020 In the last six months the Ministry of Health has detected 34 new HIV cases 15 male and 19 female Source thebhutanese , GheaShung , ,18,Paro 
2020-07-03 03:54:05, Glad to see no of active cases fall 27 active cases as of today https t co aknomepRix , namgayzam , ,22654,Paro 
2020-07-03 03:50:40, AchuKhegpa xf0 x9f xa4 xa3 xf0 x9f xa4 xa3 xf0 x9f xa4 xa3 so ab Dorji xe2 x80 x99s ego must be on a uplifting boost with the magnifying glass xf0 x9f x94 x8d , DziJ , ,1685,Paro 
2020-07-03 03:47:13, MrsCie DK sowfflll edible red mushroom and rhododendrons leaves xf0 x9f x98 x8b https t co mJFv8QofhJ , DziJ , ,1685,Paro 
2020-07-03 03:28:02, Advertisement of today s era xf0 x9f x91 x8f xf0 x9f x91 x8f xf0 x9f x91 x8f https t co pP5AejRxpq , ChhedupSangay , ,1072,Thimphu 
2020-07-03 02:38:38, Good one here Important people know how much they are benefited and be thankful https t co DOLGDaHRVa , ChhedupSangay , ,1072,Thimphu 
2020-07-03 02:25:40, jins94475391 Thank you I saw this already That xe2 x80 x99s why I shared the news , namgayzam , ,22654,Thimphu 
2020-07-03 02:01:21, Pleased to meet happy farmers getting to sell their cabbages at damchu instead of Pling FCBL is taking them to export whenever possible Also visited Mini Dry Port amp Pling township development project which is on phase 1 right now https t co 9KvUfvIkSF , FMBhutan , ,3367,Thimphu 
2020-07-03 01:55:46, I think BBSBhutan should not stop writing with few sentences It s important they write something on the standard practice and what the procedure says Ask if don t understand I think duty of media is not restricted to provide information but also to educate , ChhedupSangay , ,1072,Thimphu 
2020-07-03 01:52:00, Was reading comments in Facebook Sad how our people react without even understanding the standard practice amp the procedural law https t co juunaOJIqo Court orders prosecutor to refile the charge sheet with grading of offence Wamrong battery case https t co 1VxJVvijn4 , ChhedupSangay , ,1072,Thimphu 
2020-07-03 01:11:22, Your very own premier government think tank IDSA said India and Bhutan are not in BRI in 2019 Also do name those fictional xe2 x80 x98huge infrastructure projects xe2 x80 x99 being built by China in Bhutan Not even one on the ground as we are not BRI members yet https t co Ez3op76Bcm , TenzingLamsang , ,22923,Thimphu 
2020-07-03 01:07:22, So the writer cites a separate interview with a Chinese academic This is where cross checking is so important Look it up but only Bhutan and India have not joined BRI in the region and both countries gave the two BRI Forums a miss in 2017 amp 2019 https t co UT28kH3Ia4 , TenzingLamsang , ,22923,Thimphu 
2020-07-02 20:44:40, LFC Liv players don xe2 x80 x99t have focus They are playing because they just have to play We felt hopeless watching last two matches , RetnaTravels , ,113,Thimphu 
2020-07-02 20:17:50, NutmegRadio Does it matter xf0 x9f x98 x9e , namgayzam , ,22654,Thimphu 
2020-07-02 20:06:54, I can go to bed with 3 0 xf0 x9f x98 x8a But annoyed that city isn xe2 x80 x99t the team trending despite the lead xf0 x9f x99 x84 , namgayzam , ,22654,Thimphu 
2020-07-02 19:45:41, breathless Definitely beautiful xf0 x9f xa4 xa7 So much PASSION xf0 x9f x98 xad https t co WzkU1zsFr9 , its Astrophile , ,3,Thimphu 
2020-07-02 19:12:29, WOAH SUPER HOT xf0 x9f x94 xa5 The thing about harry So many beautiful boys and they deserve each other Hot movie xf0 x9f xa4 x96 , its Astrophile , ,3,Thimphu 
2020-07-02 19:07:47, beauty in Saree https t co QUgZgxSSLv , SyedSaa1 , ,1579,Thimphu 
2020-07-02 17:57:10, colourspills But At what cost hey xf0 x9f x91 x81 xf0 x9f x91 x84 xf0 x9f x91 x81 you got a lp headdress i xe2 x80 x99ll give u a glitched necklace 100 aw then tique , Caniiibal , ,113,Thimpu 
2020-07-02 17:54:36, colourspills IM CRYING M E S O HEHSJSHDHDVFHDBSHSVHSVDSHVDBDBDAVSBCBDBDNSNDBDJD xe2 x9c xa8 xe2 x9c xa8you did what had to be done xe2 x9c xa8 xe2 x9c xa8 , Caniiibal , ,113,Thimpu 
2020-07-02 17:53:10, colourspills HOW MANY DAYS IS A FEW DAYS , Caniiibal , ,113,Thimpu 
2020-07-02 17:52:06, colourspills OVER W H A T TIME SPAN xe2 x80 x94 M E S O , Caniiibal , ,113,Thimpu 
2020-07-02 17:50:09, colourspills I CANT GET OVER THIS HOW MANY TIMES DID YOU ASK IF THE LEOPARDS WERE BOYFRIENDS IM CACKLIFN SHSVDJFBD , Caniiibal , ,113,Thimpu 
2020-07-02 17:24:04, Here xe2 x80 x99s good Indian journalism on an issue other Indian media including mainstream media did not care to report correctly on https t co tzJujchN7T , namgayzam , ,22654,Thimpu 
2020-07-02 17:20:12, you had us at xe2 x80 x9cBhutanese guides are incredibly well trained speak impeccable English and are enthusiastic about sharing information about their country xe2 x80 x9d xf0 x9f x98 x8a xf0 x9f x98 x81 xf0 x9f x99 x8f https t co mUL9t5UJJS , bhutannorter , ,487,Thimphu 
2020-07-02 16:49:19, When men earns money he dreams of giving his wife the best When women earns money she feels she dose not need a man , samphel ngawang , ,44,Thimphu 
2020-07-02 15:20:37, If Britain wins the race for the vaccine it would be 21st Century xe2 x80 x99s Sputnik moment A huge moment for the erstwhile superpower fb , sandeeps13 , fb ,273,Thimphu 
2020-07-02 15:18:04, You have to give it to the Brits I mean they were the one who came up with one of history xe2 x80 x99s most audacious military campaign the Normandy Landings on D Day https t co eEauDRr0tJ , sandeeps13 , ,273,Thimphu 
2020-07-02 15:15:10, internetumpire ImrahulCskian ImRaina no it s not short ball issue not just affects his approach to that delivery his overall game his v game against even slightly faster bowlers been zilch in recent years , Crocodilovic , ,51,Thimphu 
2020-07-02 15:13:23, call meh brookx Yes ty , uchiha soma , ,39,Thimphu 
2020-07-02 14:44:19, zyreenn Uh I didn t lmao , uchiha soma , ,39,Thimphu 
2020-07-02 14:40:27, Bhutan has no covid 19 community spread till date and present status of 71 positive is all imported and detected while in government funded quarantine facilities Thimphupas are now slowly coming out of xe2 x80 x9cstay at home stay safe xe2 x80 x9d , Swallowtail2014 , ,384,Thimphu 
2020-07-02 14:37:50, BandiRue Yeah boi , uchiha soma , ,39,Thimphu 
2020-07-02 14:36:00, Bhutan has no covid 19 community spread till date and present status of 71 positive is all imported and detected while in government funded quarantine facilities Thimphupas are now slowly coming out of xe2 x80 x9cstay at xe2 x80 xa6 https t co OxKjcWBMDM , Swallowtail2014 , ,384,Thimphu 
2020-07-02 14:32:30, A lot of people in our region interested about China And naturally so A book that can serve as a useful primer for modern China is Age of Ambition by Evan Osnos , sandeeps13 , China China ,273,Thimphu 
2020-07-02 14:05:40, xe2 x80 x9cWomen of Asia xe2 x80 x9d by Kiko on Instagram xf0 x9f x98 x8d https t co VvEeJERauF https t co TbGlVbo3cm , namgayzam , ,22654,Thimphu 
2020-07-02 14:01:10, Changing the system requires transforming consciousness Need to address not the symptoms but root causes such as patterns of thoughts mindsets From ego to eco Inspiring UNDP webinar with ottoscharmer1 opened by MarDieye https t co gJGP9lJkWm , NaglerUNDP , ,1583,Thimphu 
2020-07-02 13:48:22, xe2 x80 x9cHow do we connect with each other xe2 x80 x9d ottoscharmer1 about tectonic disruptions forcing us to go deeper COVID19 and black lives matter The wall better self and system is collapsing Massive transformation needed for the SDGs https t co Y8a0QzzGbC , NaglerUNDP , SDGs ,1583,Thimphu 
2020-07-02 13:10:59, Punakha is certainly one of our most impressive festivals BerkeleySqB so glad you could join us earlier this year https t co qktVlAj7GW , bhutannorter , ,487,Thimphu 
2020-07-02 12:44:48, xf0 x9d x90 x87 xf0 x9d x90 x9e xf0 x9d x90 xab xf0 x9d x90 x9e xf0 x9d x90 x9a xf0 x9d x90 xab xf0 x9d x90 x9e xf0 x9d x90 xad xf0 x9d x90 xa1 xf0 x9d x90 x9e xf0 x9d x90 xad xf0 x9d x90 xa1 xf0 x9d x90 xab xf0 x9d x90 x9e xf0 x9d x90 x9e xf0 x9d x90 x8b xf0 x9d x90 xae xf0 x9d x90 x9c xf0 x9d x90 xa4 xf0 x9d x90 xb2 xf0 x9d x90 x96 xf0 x9d x90 xa2 xf0 x9d x90 xa7 xf0 x9d x90 xa7 xf0 x9d x90 x9e xf0 x9d x90 xab xf0 x9d x90 xac xf0 x9d x90 xa8 xf0 x9d x90 x9f xf0 x9d x90 xad xf0 x9d x90 xa1 xf0 x9d x90 x9e xf0 x9d x90 x89 xf0 x9d x90 xae xf0 x9d x90 xa7 xf0 x9d x90 x9e xf0 x9d x90 x9e xf0 x9d x90 x93 xf0 x9d x90 x9e xf0 x9d x90 x9e xf0 x9d x90 xab xf0 x9d x90 xae xf0 x9d x90 x91 xf0 x9d x90 x9e xf0 x9d x90 xa0 xf0 x9d x90 xa2 xf0 x9d x90 xac xf0 x9d x90 xad xf0 x9d x90 xab xf0 x9d x90 x9a xf0 x9d x90 xad xf0 x9d x90 xa2 xf0 x9d x90 xa8 xf0 x9d x90 xa7 xf0 x9d x90 x8b xf0 x9d x90 xae xf0 x9d x90 x9c xf0 x9d x90 xa4 xf0 x9d x90 xb2 xf0 x9d x90 x83 xf0 x9d x90 xab xf0 x9d x90 x9a xf0 x9d x90 xb0 Thank You for participating everyone Look out for our July Giveaway eteeru tashicell https t co r2SlU1ackQ , TashiCell , eteeru tashicell ,1746,Thimphu 
2020-07-02 12:44:38, xf0 x9f x99 x8f xf0 x9f x8f xbb A big and critical part https t co BBVho6TgUF , sangaykhandu , ,7917,Thimphu 
2020-07-02 12:44:28, Tashiy92 chokey Thank you for the word out chokey and Tashiy92 for now only TCell subscribers can register eTeeru but we are looking into integrating soon And utility bill payments will be up by end of the month la Thank you , TashiCell , ,1746,Thimphu 
2020-07-02 12:20:08, Listing superpowers in order of how much anxiety they give me in a Covid 19 world 3 India 2 US 1 China , namgayzam , ,22654,Thimphu 
2020-07-02 11:48:24, Reporting is the gathering of facts and cross checking them to establish the truth The above is the imposition of a view point masquerading as facts and then sensationalizing it to the hilt Again this does not apply for the responsible journalists and outlets in India , TenzingLamsang , ,22923,Thimphu 
2020-07-02 11:37:42, The above cover of 2017 and its erroneous facts and assumptions was investigated and proven to be wrong by thebhutanese https t co cQUcD2lWin , TenzingLamsang , ,22923,Thimphu 
2020-07-02 11:36:18, shame on you Pakistanies shame on Pakistan and great question mark on so called Islamic countries do you remember these children https t co 5xkypot2Ja https t co n218lOhCo0 , SyedSaa1 , ,1579,Thimphu 
2020-07-02 11:34:29, However this is not the first time for this Magazine and the author who came up with some fake news and this disrespectful poster during the 2017 Doklam crisis https t co BbwWrioKpM , TenzingLamsang , ,22923,Thimphu 
2020-07-02 11:33:21, Also find it disturbing that as soon as we disagree criticise our neighbour in the south we are seen as being xe2 x80 x9cbrainwashed xe2 x80 x9d by our neighbour in the north Please don xe2 x80 x99t patronise me or my country folk with your baseless Republic TV like accusations It xe2 x80 x99s never black white , namgayzam , ,22654,Thimphu 
2020-07-02 11:29:46, There is literally zero Chinese projects in Bhutan given that we have a closed border amp do not even have diplomatic ties However the author and magazine cook this up in the middle of tensions between the two giants The article on left is apparently even the Editor xe2 x80 x99s pick https t co f9RwH4Gs7U , TenzingLamsang , ,22923,Thimphu 
2020-07-02 11:26:07, Thread An example of fake news on Bhutan is in 2nd para of this article in The Week where an unnamed xe2 x80 x98Chinese strategist xe2 x80 x99 is quoted saying xe2 x80 x98China is building huge physical infrastructure in Bhutan at the request of the people of Bhutan who would like to come out of poverty xe2 x80 x99 https t co ZsEpIoacz0 https t co BqKKyNXIFp , TenzingLamsang , ,22923,Thimphu 
2020-07-02 11:16:17, This trust deficit was a long time coming Blame many noisy parts of the Indian media I feel bad for my friends who do sensible amp strong Indian journalism but whose work will now be overshadowed by yellow journalism seen as xe2 x80 x9cIndian journalism xe2 x80 x9d by many Bhutanese , namgayzam , ,22654,Thimphu 
2020-07-02 11:02:08, Willingness to help others and then actually doing it are possible only for humans Contentment with one s lot is the only way to peace of mind Stay Safe Stay at Home , ChenChenDorji2 , ,5,Thimphu 
2020-07-02 10:57:46, The average Bhutanese finds it hard to trust Indian media particularly on reports related to Bhutan even when shared by Bhutanese journalists like myself Many calling the news on recent Bhutan China border issue fake news And asking me for proof that these reports are true , namgayzam , ,22654,Thimphu 
2020-07-02 10:52:11, The sky is always beautiful , its Astrophile , ,3,Thimphu 
2020-07-02 10:35:16, What is this feeling Definitely cold feet maybe xf0 x9f xa4 xa7 College here i come , its Astrophile , ,3,Thimphu 
2020-07-02 10:05:41, ycrinzin Many similar initiatives has not that successful Direct employment scheme employment guaranteed scheme Hope This initiative was initiated by plucking out the loopholes from earlier ones , Tobgay3 , ,108,Thimphu 
2020-07-02 09:13:10, I just got the opportunity to test my patience One hour without phone data and friend was too much for me to handle and yes there was the god damn traffic xf0 x9f xa4 xa6 Apa i prefer taxi rather then waitin for u in the future I m neve repeatin this awkward situation and damn these legs , its Astrophile , ,3,Thimphu 
2020-07-02 08:47:47, Thursday Special Blessings from Protective Deity Ap Gaynyen Jagpa Melan for the well being of All Sentient Beings xf0 x9f x99 x8f xf0 x9f x99 x8f xf0 x9f x99 x8f WEARMASK especially when visiting crowded places if possible avoid crowd xe2 x80 xa6 https t co jDR0BVXVoO , bhutan majestic , WEARMASK ,1131,Thimphu 
2020-07-02 08:08:16, namgayzam karen tshering Well summed up but to answer a few diubts in the comments all Bank loans interest have been wavied off by the government The Bhutanese currency is Ngultrum and not Rupee , Wangdugey , ,30,Thimphu 
2020-07-02 07:53:37, On July 3 Hamilton will stream on Disney I forced a friend of mine to get himself a subscription because Bhutan not yet a country where we can do digital transactions , sandeeps13 , ,273,Thimphu 
2020-07-02 07:38:39, guialicegmailc1 my late mother built 4 schools and a college in the memory of my late father my father passed away when I was 11 years old https t co iSkzwXzLMM , SyedSaa1 , ,1579,Thimphu 
2020-07-02 07:01:08, Pouring your energy into a bold creative project is strongly a More for Sagittarius https t co FfKav1h4Nc , kintsho bht , ,30,Thimphu 
2020-07-02 07:01:01, This isn xe2 x80 x99t the best day to engage in retail therapy because t More for Taurus https t co EECfQYA8HL , cixx67 , ,1510,Thimphu 
2020-07-02 07:00:15, Your ability to find lucrative job opportunities is off the ch More for Pisces https t co uojyhA9mo8 , LobzangYeshey1 , ,315,Thimphu 
2020-07-02 06:57:39, Don xe2 x80 x99t know Samragyee personally but one does not need such a relationship with another woman to support her in such times Sending her love and strength Thanks for sharing Samriddhi xf0 x9f x92 x93 https t co L50TxUHe3h , namgayzam , ,22654,Thimphu 
2020-07-02 06:43:14, samriddhirai13 Oh no Sending my support too , namgayzam , ,22654,Thimphu 
2020-07-02 06:37:51, The resurrection of the body declares that God will make good and bring to perfection the human project He began in the Garden of Eden Timothy George , GenuineShadow , ,377,Thimphu 
2020-07-02 05:18:59, ConstantinoX China xe2 x80 x99s Arunachal claims go the 1950 xe2 x80 x99s culminating in the 1962 war with India Doubt if old Tibet British or Independent India would ever accept tiny Bhutan sitting on Arunachal Pradesh land Bhutan not party to 1962 war No Arunchal land in Bhutan hence no reaction in 2006 , TenzingLamsang , ,22923,Thimphu 
2020-07-02 05:07:48, We had several rounds of boundary talks since then but this issue never came up there amp the disputed site was always 269 sq km in west and 495 sq km in north central An official no less than their Vice Foreign Minister accepted this amp that too in discussions amp signed minutes https t co vvoA8bNOig , TenzingLamsang , ,22923,Thimphu 
2020-07-02 05:00:23, that chilip For now I am discounting it as a coordination issue but if brought up formally then it should send alarm bells ringing around the world , TenzingLamsang , ,22923,Thimphu 
2020-07-02 04:49:20, horror06 In the Bhutanese parlance this would now be the same as calling the earth flat In my understanding Bhutan will never discuss such ridiculous claims far from accepting it , TenzingLamsang , ,22923,Thimphu 
2020-07-02 04:26:37, BBS Radio Reopening of Schools https t co w13uMLnrnQ , BBSBhutan , ,51008,Thimphu 
2020-07-02 04:25:52, Good morning dear Gia https t co e2AIMrAekH https t co p1UJQN8oP8 , SyedSaa1 , ,1579,Thimphu 
2020-07-02 04:19:10, W salam amp Good morning xda xa9 xda x91 xd9 x88 xd8 xa6 https t co qo24VuwvOS https t co A8dS9teKUI , SyedSaa1 , ,1579,Thimphu 
2020-07-02 04:17:42, DullinBlack Nice xf0 x9f x91 x8d , zzezenn , ,1915,Thimphu 
2020-07-02 04:16:54, that chilip Sogyel Thank you la , namgayzam , ,22654,Thimphu 
2020-07-02 03:56:13, good evening dear Taylor https t co 6DPOl1Szv0 https t co towWdHiuLS , SyedSaa1 , ,1579,Thimphu 
2020-07-02 03:49:32, DullinBlack Where is this , zzezenn , ,1915,Thimphu 
2020-07-02 03:38:10, sowfflll MrsCie DK Those look like bulbs beyond the hedge xf0 x9f xa4 xa3 , DziJ , ,1685,Thimphu 
2020-07-02 02:53:02, sowfflll MrsCie DK Hedgehogs xf0 x9f xa4 xa3 , DziJ , ,1685,Thimphu 
2020-07-02 02:40:59, good morning Miss Rao Sb https t co jz13ryUegg https t co zAQC7AdCf4 , SyedSaa1 , ,1579,Thimphu 
2020-07-02 01:19:03, zyreenn No I guess , uchiha soma , ,39,Thimphu 
2020-07-01 23:43:56, GoodThoughts breed GoodAction Be in the PresentMoment https t co cv5MpcC8N7 , TingKarr8 , GoodThoughts GoodAction PresentMoment ,31,Thimphu 
2020-07-01 19:05:49, alexmchiu When u tell someone they should wear a mask and the reasons why and they whip out the US constitution to read to you xf0 x9f x98 x92 xf0 x9f x98 x92 , Caniiibal , ,113,Thimpu 
2020-07-01 19:05:27, Phuuuuubz19 Happy birthday , phunnnnssss , ,51,Thimphu 
2020-07-01 18:40:11, Never let a crisis go to waste Human beings can learn from painful experiences https t co 3aZNjXCwFb , sandeeps13 , ,273,Thimphu 
2020-07-01 17:52:20, Ghost Lad 1 Architect student at university , DeependraKoira5 , ,11,Thimphu 
2020-07-01 17:47:50, General Public Announcement from Centenary Farmers Market Thimphu WEARMASK when visiting CFM it xe2 x80 x99s absolute Mandatory I was there personally this afternoon both the DeSuups amp Scouts on duty are very xe2 x80 xa6 https t co cmkAyUCaaj , bhutan majestic , WEARMASK ,1131,Thimphu 
2020-07-01 17:09:51, Maybe I xe2 x80 x99m allowed some optimism then https t co g7T7oPABqa , namgayzam , ,22654,Thimphu 
2020-07-01 16:47:01, Life at the country side xe2 x99 xa5 xef xb8 x8f https t co pzRDdkFwQm , zzezenn , ,1915,Thimphu 
2020-07-01 16:39:14, DorjiWangchuk tourismbhutan Yes I agree But who will see them in the mountains xf0 x9f x98 x9e , namgayzam , ,22654,Thimphu 
2020-07-01 16:32:09, Watch episode 14 of David Hoffman s David s Been Here in Bhutan featuring Thimphu the capital city and Bhutanese food at its best Stay tuned for more https t co FnM4ApXkdt , MyBhutan , ,940,Thimphu 
2020-07-01 16:09:00, Omg yes imcurtiswaters Faaannnn xf0 x9f x87 xa7 xf0 x9f x87 xb9 https t co DsCfA4LC2G , namgayzam , ,22654,Thimphu 
2020-07-01 15:36:46, Dear well meaning Bhutanese travel companies amp tourismbhutan please avoid placing dustbins along hiking amp religious trails so we xe2 x80 x99re not encouraged to leave our trash behind Dear Bhutanese person Please take your trash back with you back home Don xe2 x80 x99t leave it behind xf0 x9f x99 x8f xf0 x9f x8f xbc , namgayzam , ,22654,Thimphu 
2020-07-01 15:31:46, tehseenp Who is she Poonawalla Is she your relatives Is she that poor that she cannot afford her own banglow We feel very petty on your wise wisdom , nidhi bhattarai , ,3,Thimphu 
2020-07-01 15:25:45, ndtv Very nice applause BJP Still more needs to be done to clean Appreciate your wise decision considering fairness and equality God bless BJP , nidhi bhattarai , ,3,Thimphu 
2020-07-01 15:12:57, A AIRPLANE CRASHED EVERYONE DIES WHO AT FAULT THE AIRPLANE OR THE PIOLETS xf0 x9f xa4 x94 xf0 x9f xa4 x94 xf0 x9f xa4 x94 xf0 x9f xa4 x94 xf0 x9f xa4 x94 xf0 x9f xa4 x94 , SyedSaa1 , ,1579,Thimphu 
2020-07-01 15:11:21, ndtv Excellent news , nidhi bhattarai , ,3,Thimphu 
2020-07-01 14:27:25, The above are my personal views as the Editor of a private Newspaper in Thimphu End , TenzingLamsang , ,22923,Thimphu 
2020-07-01 14:25:04, Ultimately Bhutan and China need to resolve its boundary disputes or such false claims will come up as a pressure tactic This is of course keeping India in the picture in terms of its strategic interests in the area , TenzingLamsang , ,22923,Thimphu 
2020-07-01 14:24:11, My understanding is that Bhutan xe2 x80 x99s Foreign Ministry has issued a Demarche to the Chinese Embassy in Delhi over this , TenzingLamsang , ,22923,Thimphu 
2020-07-01 14:16:48, If such claims are made then it must be by some clueless junior official unaware of the boundary talks Such claims undermine the boundary talks and wild claims on either side by officials will only exacerbate issues as Bhutan too can lay claims far north , TenzingLamsang , ,22923,Thimphu 
2020-07-01 14:15:11, The Chinese side is led by a Vice Foreign Minister amp boundary talks are held alternately in both countries This Eastern sector is very much Bhutanese with a large Bhutanese population and traditional Dzongs Medieval Fortresses amp two Bhutanese districts since time immemorial , TenzingLamsang , ,22923,Thimphu 
2020-07-01 14:11:45, Thread There are only 2 disputed areas raised in 24 boundary talks since 1984 agreed to by both sides with signed minutes 269 sq km in West amp 495 sq km in North Central Bhutan The Chinese never brought this up in the boundary talks So there is no dispute in Eastern Bhutan https t co h7lNFFwvwp , TenzingLamsang , ,22923,Thimphu 
2020-07-01 13:04:57, Reads hella shit on epilepsy exam febrile seizure , Tobgay333 , ,39,Thimphu 
2020-07-01 12:54:31, KreekCraft Congrats kreekcraft xe2 x9d xa4 xef xb8 x8f xf0 x9f xa4 xad , uchiha soma , ,39,Thimphu 
2020-07-01 12:54:12, OfficialZakRB Arsenal and phantom forces , uchiha soma , ,39,Thimphu 
2020-07-01 12:38:13, good evening Miss Rao Sb coffee is ready for you https t co Ryn05qu8JX https t co WzTliPSpqf , SyedSaa1 , ,1579,Thimphu 
2020-07-01 12:05:44, thebhutanese phuntsho95 Before we waste huge money into training we must guage both employers xe2 x80 x99 and jobseekers xe2 x80 x99 attitudes towards such jobs in the industry Employers looking for cheap labour and jobseekers eyeing for high salary will be expensive mismatch Stringent laws will only ruin the industry , Khampaa , ,3840,Thimphu 
2020-07-01 11:48:49, rightIess Nice kat , uchiha soma , ,39,Thimphu 
2020-07-01 11:10:14, Results for Selected xc2 xa0candidates https t co KflsZJI64r , umsb123 , ,52,Thimphu 
2020-07-01 11:08:02, NewProfilePicy bless us PeaceAndLove https t co ZhkM65fcyt , dorjye , NewProfilePicy PeaceAndLove ,36,Thimphu 
2020-07-01 11:02:04, SangayW80385583 You knew just now ya It s has been our traditional dresss since our ancient great grand parents xf0 x9f xa4 xa3 , dorjye , ,36,Thimphu 
2020-07-01 10:49:20, Please check out the May June 20 issue of Sanam Rigphel the Dzongkha Newsletter published bi monthly at https t co U9uLwQWceW https t co ZNj3FVtNNS , moafbhutan , ,450,Thimphu 
2020-07-01 10:42:15, saum Ah ahaha I xe2 x80 x99m coming back for more , namgayzam , ,22654,Thimphu 
2020-07-01 10:05:15, Met Lyonpo Kinzang Dorji earlier today Being the Honorary Consul of Switzerland to Bhutan Lyonpo has been instrumental in strengthening the relationship between the two countries Excitingly we talked about more collaborations the two countries can venture into https t co xLOdmXHbNV , FMBhutan , ,3367,Thimphu 
2020-07-01 10:03:25, Of course this is not to take away from the credible reporting by some credible journalists and outlets over the years who actually ask questions first and then write a story instead of the other way around , TenzingLamsang , ,22923,Thimphu 
2020-07-01 10:00:52, Decades of inaccurate or even fake news on Bhutan by media outlets in India has hurt the credibility of Indian media in Bhutan Final breaking point was the fake water stoppage story Now on social media any Bhutan news from India is dismissed as fake by most ordinary Bhutanese , TenzingLamsang , ,22923,Thimphu 
2020-07-01 10:00:28, meredithgore SCB SSWG Agreed It was most excellent and the perfect example of how meaningful exchange can happen without the carbon footprint xf0 x9f x8c xb1 xf0 x9f x8c x8f , davidmhecht , ,489,Thimphu 
2020-07-01 09:49:58, Online news portal ThePrintIndia picks up on the story by thebhutanese where Bhutan xe2 x80 x99s DRA is not allowing the sale or xe2 x80 x98Coronil xe2 x80 x99 in Bhutan Happy to see the site giving links back to our website Good to see major Indian outlets starting to give accreditation https t co RYaLkSEDAX , TenzingLamsang , ,22923,Thimphu 
2020-07-01 09:24:30, The RNR Newsletter 16 30 June Vol VIII Issue no VIII covers the story on Yak migration and its associated challenges an experience from Haa https t co pK7TGVAHXX https t co WF4MMkbrHq , moafbhutan , ,450,Thimphu 
2020-07-01 08:56:32, On the auspicious occasion of the Birth Anniversary of Guru Rinpoche Trelda Tsechu HRH the Second Gyalsey to His Majesty The King and Her Majesty The Gyaltsuen has been named Jigme Ugyen Wangchuck Source Her Majesty Jetsun Pema Facebook blessed Royalborn tendreltshechu https t co 6kf02kIHqG , BhutanOlympic , blessed Royalborn tendreltshechu ,839,Thimphu 
2020-07-01 08:46:16, Skate park built in memory of JohnnyStrange who was an exceptional skater who introduced skateboarding in Bhutan skatepark AsianSkateChamp Bhutan park Babena skater Bhutanskates Skateboarding BOC https t co FFourvUEta , BhutanOlympic , JohnnyStrange skatepark Bhutan park Babena skater Skateboarding BOC ,839,Thimphu 
2020-07-01 08:39:41, Basic drills to improve your footwork at home xf0 x9f x8f x80 xf0 x9f x8f x80 basketballfederation Basketball Bhutan basicdrills staystrong stayactive drills homeworkout Bhutan sports BOC BFB https t co GWshbJVme1 , BhutanOlympic , Basketball Bhutan basicdrills staystrong stayactive drills homeworkout Bhutan sports BOC BFB ,839,Thimphu 
2020-07-01 08:06:28, Was waiting for these stories https t co hLOn7KWJan , namgayzam , ,22654,Thimphu 
2020-07-01 08:03:10, More movie reviews coming up cuz Twitter is the best place where i can store up some good things The future me needs to remember these good films , its Astrophile , ,3,Thimphu 
2020-07-01 08:00:59, What if there is actually someone out there with supernatural power Just watched a unique movie looks that kill Max was lethally attractive How did they even come out with this unique plot Looks that kill a unique dark comedy with a tragic ending but beautiful as well , its Astrophile , ,3,Thimphu 
2020-07-01 07:28:49, On page 202 of 375 of The Power of Habit by Charles Duhigg https t co ba4y4YLojS , pratimaIceberg , ,143,Thimphu 
2020-07-01 07:01:08, Fiscal responsibility is the name of the game again as Saturn More for Sagittarius https t co FfKav1h4Nc , kintsho bht , ,30,Thimphu 
2020-07-01 07:01:01, Putting an end to self limiting beliefs can turn you into a lu More for Taurus https t co EECfQYA8HL , cixx67 , ,1510,Thimphu 
2020-07-01 07:00:15, Having friends in high places could be very helpful for you A More for Pisces https t co uojyhA9mo8 , LobzangYeshey1 , ,315,Thimphu 
2020-07-01 06:56:03, M Hits June 2020 MStudioTop5ofTheMonth MstudioTop5VideosOfTheMonth soundcloudstats youtubestats https t co 5JMfwIz60u , mstudiobhutan , MStudioTop5ofTheMonth MstudioTop5VideosOfTheMonth soundcloudstats youtubestats ,235,Thimphu 
2020-07-01 06:42:06, DorjiWangchuk Agree and also with clean side footpaths too , Tobgay3 , ,108,Thimphu 
2020-07-01 05:59:19, The National Museum of Bhutan has re opened The Government of India was delighted to have renovated this as a development project under the 11th Five Year Plan of Bhutan Ambassador met the Hon ble Home amp Culture Minister of Bhutan on this occasion https t co WEbIBbpSuY , Indiainbhutan , India ,10194,Thimphu 
2020-07-01 05:51:57, Effect of inefficiency of the agency Few potholes in front of MPs office at Langjophakha was the main cause https t co BIZLQONiu3 , Tobgay3 , ,108,Thimphu 
2020-07-01 05:28:44, We have now MOVED to our new locations Joenpalekso https t co mRzMJJCmEY , BankofBhutanltd , Joenpalekso ,1258,Thimphu 
2020-07-01 05:06:35, Call for Applications for the CIH One Health Scholarships xc2 xa02020 https t co Br36wBA4DK , umsb123 , ,52,Thimphu 
2020-07-01 04:14:09, Okay So this is how a gathering looks like during COVID 19 covid19bhutan covid19 bhutan https t co QI677bV5xZ , Phuuuuubz19 , covid19bhutan covid19 bhutan ,175,Thimphu 
2020-07-01 04:13:29, Watermelon will soon be an important cash crop for farmers in Phuntshopelri gewog Samtse A xe2 x80 x98Sugar Baby xe2 x80 x99 variety of water melon was introduced in the gewog in December 2019 to provide an alternative source of income and encourage farmers and youth groups https t co sZTDZo6pua https t co BJgp4sTRE1 , moafbhutan , ,450,Thimphu 
2020-07-01 03:35:31, On the auspicious occasion of the Birth Anniversary of Guru Rinpoche Trelda Tsechu His Royal Highness the Second Gyalsey to His Majesty The King and Her Majesty The Gyaltsuen has been named Jigme Ugyen Wangchuck His Royal Highness will be referred to as Gyalsey Ugyen Wangchuck https t co hjzzPsgspu , kdwangchuk89 , ,27,Bhutan 
2020-07-01 03:30:13, xf0 x9d x97 xa1 xf0 x9d x97 xbc xf0 x9d x97 xba xf0 x9d x97 xae xf0 x9d x98 x81 xf0 x9d x98 x81 xf0 x9d x97 xb2 xf0 x9d x97 xbf xf0 x9d x97 xb5 xf0 x9d x97 xbc xf0 x9d x98 x84 xf0 x9d x97 xb3 xf0 x9d x97 xae xf0 x9d x97 xbf xf0 x9d x97 xae xf0 x9d x98 x84 xf0 x9d x97 xae xf0 x9d x98 x86 xf0 x9d x98 x86 xf0 x9d x97 xbc xf0 x9d x98 x82 xf0 x9d x97 xae xf0 x9d x97 xbf xf0 x9d x97 xb2 xf0 x9d x98 x86 xf0 x9d x97 xbc xf0 x9d x98 x82 xf0 x9d x97 xb0 xf0 x9d x97 xae xf0 x9d x97 xbb xf0 x9d x97 xb2 xf0 x9d x97 xae xf0 x9d x98 x80 xf0 x9d x97 xb6 xf0 x9d x97 xb9 xf0 x9d x98 x86 xf0 x9d x98 x81 xf0 x9d x97 xbf xf0 x9d x97 xae xf0 x9d x97 xbb xf0 x9d x98 x80 xf0 x9d x97 xb3 xf0 x9d x97 xb2 xf0 x9d x97 xbf xf0 x9d x97 xaf xf0 x9d x97 xae xf0 x9d x97 xb9 xf0 x9d x97 xae xf0 x9d x97 xbb xf0 x9d x97 xb0 xf0 x9d x97 xb2 xf0 x9d x98 x84 xf0 x9d x97 xb6 xf0 x9d x98 x81 xf0 x9d x97 xb5 xf0 x9d x97 xa7 xf0 x9d x97 xae xf0 x9d x98 x80 xf0 x9d x97 xb5 xf0 x9d x97 xb6 xf0 x9d x97 x96 xf0 x9d x97 xb2 xf0 x9d x97 xb9 xf0 x9d x97 xb9 xe2 x80 x99 xf0 x9d x98 x80 xf0 x9d x97 x95 xf0 x9d x97 xae xf0 x9d x97 xb9 xf0 x9d x97 xae xf0 x9d x97 xbb xf0 x9d x97 xb0 xf0 x9d x97 xb2 xf0 x9d x97 xa7 xf0 x9d x97 xbf xf0 x9d x97 xae xf0 x9d x97 xbb xf0 x9d x98 x80 xf0 x9d x97 xb3 xf0 x9d x97 xb2 xf0 x9d x97 xbf xf0 x9d x98 x80 xf0 x9d x97 xb2 xf0 x9d x97 xbf xf0 x9d x98 x83 xf0 x9d x97 xb6 xf0 x9d x97 xb0 xf0 x9d x97 xb2 Dial 733 pin code amount mobile number xc2 xa0 To create your pin call 7700 TashiCell https t co CxEjaQoIa7 , TashiCell , TashiCell ,1746,Bhutan 
2020-07-01 02:31:37, Good morning Miss Rao Sb https t co Ryn05qu8JX https t co rwKFOWmmqp , SyedSaa1 , ,1579,Thimphu 
2020-07-01 02:28:02, INCIndia SupriyaShrinate If you were aware of the case why didn xe2 x80 x99t you inform before Don xe2 x80 x99t act fully here Now congress have failed and nothing left Opposition party too have certain limit , nidhi bhattarai , ,3,Thimphu 
2020-07-01 02:01:16, The Arctic Rose or Wild Prickly Rose painting the town white with its explosion of blooms and sweet aroma ArcticRose WildPricklyRose BloomsOfBhutan SummerInTheThunderDragon Thimphu Bhutan https t co ZqmeOi5ynR , LovenRamos , ArcticRose WildPricklyRose BloomsOfBhutan SummerInTheThunderDragon ,2131,Bhutan 
2020-07-01 01:45:15, Congratulations https t co lhdLbCrMUR , jimjatz , ,28,Bhutan 
2020-06-30 22:31:51, Royal baby King and Queen finally reveal name of new baby boy https t co Djh5cJRgQD , ChhedupSangay , ,1072,Thimphu 
2020-06-30 19:27:00, xe2 x80 x9c Mr Obama eventually came to the conclusion that it was a historic inevitability and told people around him the best he could do was xe2 x80 x9cset a counterexample xe2 x80 x9d xe2 x80 x9d What do you do as a counterexample You be so good you grow a halo around you https t co ZrPTKdL6Te , sandeeps13 , ,273,Thimphu 
2020-06-30 18:15:18, good night Fariya beautiful post https t co TQdaQ8oFc6 https t co iGcV5pqsHF , SyedSaa1 , ,1579,Thimphu 
2020-06-30 18:13:52, Let us all Hope amp Pray for Best Half of 2020 starting today 1st July As Always let us keep Their Majesties in Our Prayers for Their Good Health BECAUSE As Always We Need Their Guidance To Lead Forward Long xe2 x80 xa6 https t co d2s6ND01fD , bhutan majestic , ,1131,Thimphu 
2020-06-30 17:53:49, On the auspicious occasion of Birth Anniversary of Guru Rinpoche Trelda Tsechu His Royal Highness the Second Gyalsey to His Majesty The King and Her Majesty The Gyaltsuen has been named Jigme Ugyen Wangchuck His Royal Highness will be referred to as Gyalsey Ugyen Wangchuck https t co BDnIT4D0IC , business bhutan , ,10393,Thimphu 
2020-06-30 17:26:54, I am 274 pts behind rank 1 156 pts behind rank 1K 99 pts behind rank 10K 47 pts behind rank 50K 19 pts behind rank 100K 37 pts ahead of rank 300K 68 pts ahead of rank 500K Check yours at https t co fZQfSFYFdW FPL FPLCommunity via fplAnalytics , DeependraKoira5 , FPL FPLCommunity ,11,Thimphu 
2020-06-30 17:09:28, Precious 2nd jewel HRH Gyelsey Jigme Ugen Wangchuk Thimphu Bhutan https t co tQkkKrxfIa , Shachagyeltshen , ,123,Thimphu 
2020-06-30 16:09:44, Paro valley today Paro airport Bondey valley and Dzong Drakha monastery https t co xxkzvSpFfA , Khamsa , ,292,Thimphu 
2020-06-30 15:59:36, hmnaik That makes sense yes Earmarked the book Thank you xf0 x9f x98 x80 , bhutannorter , ,487,Thimphu 
2020-06-30 15:58:07, Life is but a dream so let us slumber in prayer xf0 x9f x99 x8f xf0 x9f x8f xbc gururinpocheday https t co kAntkY4pWO , namgayzam , gururinpocheday ,22654,Thimphu 
2020-06-30 15:46:07, 2 2 The naming ceremony coincides with the Birth Anniversary of the Second Buddha Ugyen Guru Rinpoche The name Ugyen in that sense is highly auspicious The Royal name is also the same as the First King of Bhutan His Majesty Ugyen Wangchuck , TenzingLamsang , ,22923,Thimphu 
2020-06-30 15:44:07, 1 2 Some lovely images from the naming of Bhutan xe2 x80 x99s 2nd Royal Child as His Royal Highness Gyalsey Ugyen Wangchuck HRH xe2 x80 x99s full name is Gyalsey Jigme Ugyen Wangchuck but HRH will be referred to as Gyalsey Ugyen Wangchuck xf0 x9f x87 xa7 xf0 x9f x87 xb9 xe2 x9d xa4 xef xb8 x8f https t co 5zQAojEbCW , TenzingLamsang , ,22923,Thimphu 
2020-06-30 15:39:51, 30th June 2020 corresponding to 10th Day of The Fifth Bhutanese Month is celebrated as Guru Rinpoche Lotus Born Great Master Birthday throughout the Kingdom and remains Public Holiday Because of its xe2 x80 xa6 https t co WpVqaEVJGz , bhutan majestic , ,1131,Thimphu 
2020-06-30 15:33:17, Gyalsey Jigme Namgyal with His kabney xf0 x9f x98 x8d An adoring older brother xf0 x9f x92 x9b https t co fV8NiIFik5 , namgayzam , ,22654,Thimphu 
2020-06-30 15:29:14, Today on the auspicious occasion of Guru Rinpoche xe2 x80 x99s birth anniversay the Second Gyalsey has been named Jigme Ugyen Wangchuck xf0 x9f x87 xa7 xf0 x9f x87 xb9 xf0 x9f x92 x9b https t co y8AtZrVbQM , namgayzam , ,22654,Thimphu 
2020-06-30 15:26:59, Bhutan xe2 x80 x99s 2nd Royal Child is named today as His Royal Highness Gyalsey Ugyen Wangchuck on the auspicious Birth Anniversary of the Second Buddha Ugyen Guru Rinpoche The name is also the same as that of the First King of Bhutan HM Ugyen Wangchuck Some good news in dark times xf0 x9f x87 xa7 xf0 x9f x87 xb9 https t co Za8pbDl1Qp , TenzingLamsang , ,22923,Thimphu 
2020-06-30 14:14:37, nanro v It s good tbh , uchiha soma , ,39,Thimphu 
2020-06-30 14:08:26, hmnaik A tiger with a healthy appetite , bhutannorter , ,487,Thimphu 
2020-06-30 14:05:03, M G Haynes Beautiful picture of you two Congratulations , bhutannorter , ,487,Thimphu 
2020-06-30 14:03:15, NomadicBackpac1 BerkeleySqB BradtAngola ChristinaSiwik DGraskop veggievagabonds flo onditi arpanathapa house swahili IOMKenya saigontoptours nomadicnotes PassportAndPix Hope you settle in nicely Serbia is a beautiful country I know you have been before , bhutannorter , ,487,Thimphu 
2020-06-30 14:01:36, Thanks a bunch PlanetHopperGal great to be part of such a distinguished group Really appreciated https t co IlaZez4AG8 , bhutannorter , ,487,Thimphu 
2020-06-30 13:23:29, atarudrya1 Drugs , TenzingLamsang , ,22923,Thimphu 
2020-06-30 13:15:54, It happens only in BHUTAN xf0 x9f x87 xa7 xf0 x9f x87 xb9 where the Prince will join fellow Bhutanese to get trained together to be DeSuup xe2 x80 x9cGuardians of Peace xe2 x80 x9d proudly wear Orange DeSuup Uniform and join the fellow Dessups in creating awareness xe2 x80 xa6 https t co tIDwrwl42I , bhutan majestic , ,1131,Thimphu 
2020-06-30 12:33:43, Life isn xe2 x80 x99t easy but we make time to enjoy a round of golf and Talk Life Thimphu Bhutan https t co IEjKtzUpjh , bhutan majestic , ,1131,Thimphu 
2020-06-30 12:30:22, Keep Calm amp Play Golf xf0 x9f x8f x8c xef xb8 x8f xe2 x80 x8d xe2 x99 x80 xef xb8 x8f Thimphu Bhutan https t co BqJjL2WAac , bhutan majestic , ,1131,Thimphu 
2020-06-30 12:26:40, I prefer gloomy weather for Golf but Sun was too kind to shine only on fairway for extra energy Thimphu Bhutan https t co 0SMbs7i3li , bhutan majestic , Golf ,1131,Thimphu 
2020-06-30 12:13:01, Dasho lethrop867 Shot of The Day little too much to say the ball landed on Greens Thimphu Bhutan https t co egOVd6yCNy , bhutan majestic , ,1131,Thimphu 
2020-06-30 12:13:00, Dasho Tandi xe2 x80 x99s Longest Drive Shot Thimphu Bhutan https t co h8mKJBnRRS , bhutan majestic , ,1131,Thimphu 
2020-06-30 12:05:22, Awesome Tuesday with lots of fun at Drakpoi Golf Course Dechencholing Thimphu awesometuesday golf Thimphu Bhutan https t co 2RKM0FP0hj , bhutan majestic , awesometuesday golf ,1131,Thimphu 
2020-06-30 11:58:04, good evening Miss Rao Sb T P O G https t co UCHoFUgyxB https t co KNlxq6rKRj , SyedSaa1 , ,1579,Thimphu 
2020-06-30 11:08:00, Bhutan xe2 x80 x99s Drug Regulatory Authority will not allow xe2 x80 x98Coronil xe2 x80 x99 in Bhutan https t co 6RrRdCnxy0 , TenzingLamsang , ,22923,Thimphu 
2020-06-30 10:31:32, Remarks by Ambassador Ruchira Kamboj at the Concession Agreement Signing Ceremony of the KHOLONGCHU Hydroelectric Power Project on 29 June 2020 in Thimphu https t co zs2Krlzxi6 , Indiainbhutan , ,10194,Thimphu 
2020-06-30 10:06:30, thebhutanese And we use wechat for official and political campaigns , Tobgay3 , ,108,Thimphu 
2020-06-30 09:43:54, AchuKhegpa That s interesting xf0 x9f x98 x82 , ChhedupSangay , ,1072,Thimphu 
2020-06-30 09:04:53, I think we need to ban some social apps as well Probably after Sung Joen https t co dxug6hpZwg , ChhedupSangay , ,1072,Thimphu 
2020-06-30 08:59:32, Cden0916 Thank you la xf0 x9f x99 x8f xf0 x9f x99 x8f xf0 x9f x99 x8f , ChhedupSangay , ,1072,Thimphu 
2020-06-30 08:59:05, AchuKhegpa Haha May be I am not sure , ChhedupSangay , ,1072,Thimphu 
2020-06-30 08:35:37, she is my favorite too https t co qrjfzJf2Xk https t co GRYggRx9dO , SyedSaa1 , ,1579,Thimphu 
2020-06-30 08:31:42, Our small country is pretty big on environmental matters https t co nOO2TaEpVV , bhutannorter , ,487,Thimphu 
2020-06-30 07:57:02, Second and final Year Resident FoPGM Result xc2 xa0Recleared https t co zc7Ali7P05 , umsb123 , ,52,Thimphu 
2020-06-30 07:44:44, she is my all time favorite https t co qrjfzJf2Xk https t co 5xtIEWDuWH , SyedSaa1 , ,1579,Thimphu 
2020-06-30 07:01:09, Your financial fortune could greatly improve now that Jupiter More for Sagittarius https t co FfKav1h4Nc , kintsho bht , ,30,Thimphu 
2020-06-30 07:01:01, People would benefit to learn from your knowledge You could b More for Taurus https t co EECfQYA8HL , cixx67 , ,1510,Thimphu 
2020-06-30 07:00:15, Talking with people who share your values will be an uplifting More for Pisces https t co uojyhA9mo8 , LobzangYeshey1 , ,315,Thimphu 
