2020-10-17 12:46:58, good idea https t co gK0tR7U1fZ https t co 0aRd0OGHjd , SyedSaa1 , ,1512,Thimphu 
2020-10-17 12:45:52, If son did what Robertson did right now it would have had been red directly Fuck VAR , phuzinspurs , ,1280,Thimphu 
2020-10-17 12:39:57, India will now import these five agri products from Bhutan https t co 5FG8wWIvdE PMOIndia PMBhutan MEAIndia IndianDiplomacy FMBhutan KuenselOnline BBSBhutan BhutanChamber PIB India DoC GoI PBNS India DDNewslive BusinessBhutan , Indiainbhutan , ,11643,Thimphu 
2020-10-17 12:33:29, Trevorlloyd92 If he didn xe2 x80 x99t get red doing the same thing to Dele few seasons ago why should he get now Just because it xe2 x80 x99s Liverpool xf0 x9f x98 xb3 , phuzinspurs , ,1280,Thimphu 
2020-10-17 11:59:54, FA and referee doing all they can to make sure Liverpool don xe2 x80 x99t lose another 3 points today , phuzinspurs , ,1280,Thimphu 
2020-10-17 11:26:27, Kuensel reports on the new market access opened for export of Bhutanese agricultural commodities to India xf0 x9f x87 xa7 xf0 x9f x87 xb9 xf0 x9f x87 xae xf0 x9f x87 xb3 MarketAccess PMBhutan FMBhutan PMOIndia MEAIndia livemint WIONews KuenselOnline BBSBhutan business bhutan BhutanT JournalistBt BhutanTODAY PIB India https t co P6Tryv4wcK , Indiainbhutan , MarketAccess ,11643,Thimphu 
2020-10-17 10:15:28, Pujasha89255978 shehnazshines Yes he wasn xe2 x80 x99t on anyone xe2 x80 x99s side he just said its a a draw n ppl shud see tht , kezwon , ,3,Thimphu 
2020-10-17 09:47:32, May goddess Durga shower all the happiness and provide the strength to overcome this pandemic soon Happy Navratri to all the people of India , FMBhutan , ,4346,Thimphu 
2020-10-17 08:58:40, This comes as great relief to our farmers and exporters https t co FgJbrbBIJT , sangaykhandu , ,8076,Thimphu 
2020-10-17 08:39:32, Now the icing on the cake would be if this onion ban issue could be resolved , TenzingLamsang , ,24582,Thimphu 
2020-10-17 08:13:09, tanweer51833633 ColorsTV nikkitamboli VootSelect Male version i must say sid s version xf0 x9f x98 x82 , YBhutanese , ,145,Thimphu 
2020-10-17 08:04:47, Your final team FPLtips for Game week 5 , TheFPLBhutan , ,14,Thimphu 
2020-10-17 07:58:32, Greetings from the Himalayan Kingdom of Bhutan Covid has distanced us from this heavenly place This place has never failed me to protect and help May all be blessed xf0 x9f x99 x8f xf0 x9f x99 x8f xf0 x9f x99 x8f https t co sW0F72Ldhq , ChhedupSangay , ,1157,Thimphu 
2020-10-17 07:03:14, With your impeccable vocabulary skills and attention to detail More for Virgo https t co ytH6jMhay1 , czdorji , ,2319,Thimphu 
2020-10-17 07:01:28, If you find yourself having a hard time sleeping lately today More for Sagittarius https t co FfKav1h4Nc , kintsho bht , ,30,Thimphu 
2020-10-17 07:01:19, Has work been getting in the way of your closest partnerships More for Taurus https t co EECfQYA8HL , cixx67 , ,1508,Thimphu 
2020-10-17 07:00:20, You easily absorb the feelings of others but carrying their p More for Pisces https t co uojyhA9mo8 , LobzangYeshey1 , ,314,Thimphu 
2020-10-17 06:50:20, amitt019 No it was possible due to our Foreign Ministry and the Indian Embassy here acting quickly The Indian Ambassador here in fact is quite responsive to such issues , TenzingLamsang , ,24582,Thimphu 
2020-10-17 06:39:55, Pleased to report that it was a bureaucratic procedural issue With the intervention of our Foreign Ministry and Indian Embassy a release from the Embassy has stated that exports have started again with the items added to the list xf0 x9f x87 xa7 xf0 x9f x87 xb9 xf0 x9f x87 xae xf0 x9f x87 xb3 https t co WrRBcZvjYX , TenzingLamsang , ,24582,Thimphu 
2020-10-17 06:00:10, Lunch at almost 3000 meters above sea level Dodedrak Hike Thimphu Thimphu Bhutan https t co G1OudmsHoF , LovenRamos , Dodedrak Hike Thimphu ,2114,Bhutan 
2020-10-17 05:15:09, New market access opened for export of Bhutanese agricultural commodities to India Here is the Press Release xf0 x9f x87 xa7 xf0 x9f x87 xb9 xf0 x9f x87 xae xf0 x9f x87 xb3 https t co 3Eb3SBJCtt PMBhutan FMBhutan BhutanMoea PMOIndia MEAIndia PiyushGoyal KuenselOnline BBSBhutan business bhutan BhutanChamber WIONews https t co UCay1VVCYI , Indiainbhutan , ,11643,Thimphu 
2020-10-17 04:59:10, LiveLawIndia rkhuria2 ZeeNews ZeeNewsEnglish sudhirchaudhary DelhiPolice Probably from the nano chip installed in 2000 note as he reported , vikrantparate , ,30,Thimphu 
2020-10-17 04:52:58, Happy birthday to the greatest rapper alive The Rap God Stan xe2 x9d xa4 Eminem https t co B9VfYbNJWg , alwaysSora , Eminem ,5,Thimphu 
2020-10-17 04:50:28, FPLtips Which means you are keeping Podence right , TheFPLBhutan , ,14,Thimphu 
2020-10-17 04:25:28, InvestInIndia NewIndia Taking a step towards achieving self reliance in defence production Learn more https t co g3fLmK0Rxt AatmaNirbharBharat PMOIndia MEAIndia PMBhutan FMBhutan PIB India KuenselOnline BBSBhutan PBNS India DDNewslive PTI News BhutanT https t co liXUMqehOR , Indiainbhutan , InvestInIndia NewIndia AatmaNirbharBharat ,11643,Thimphu 
2020-10-17 04:02:17, Welcome to Karachi https t co QPUq4IBsKc , SyedSaa1 , ,1512,Thimphu 
2020-10-17 04:01:10, invitation of expression of interest https t co smzyODDqlM , business bhutan , ,11293,Thimphu 
2020-10-17 03:59:00, expression of interest for hiring vehicles https t co TXu5T62XBR , business bhutan , ,11293,Thimphu 
2020-10-17 03:53:57, Notice inviting tender https t co mIMcPKkVaF , business bhutan , ,11293,Thimphu 
2020-10-17 03:52:56, compare gandhi monkeys and NawazSharif monkeys https t co zd1VI4imXo , SyedSaa1 , NawazSharif ,1512,Thimphu 
2020-10-17 03:20:14, No more worry Learn More https t co pslHnnlRaI tashicell https t co yb2XZ8BBzV , TashiCell , tashicell ,1836,Thimphu 
2020-10-17 03:18:14, Can t get over with the last night s dream Was very romantic , BhattaraiYama , ,17,Thimphu 
2020-10-17 03:07:20, Product made in Bhutan Traditional String Bag pack pattern by RENEW xe2 x8f xa9 https t co zgRopWJ0vK https t co n0hgWG1Rv4 , Druksell1 , ,3,Thimphu 
2020-10-17 03:04:52, Good morning hoomans have a lovely day xf0 x9f x98 x8a , kezaphuntsho , ,14,Thimphu 
2020-10-17 01:50:57, dayanabul Stop it world bank , Pemaschocho , ,80,Thimphu 
2020-10-16 19:47:40, Be afraid https t co myEuMzLnWH , tsnamgyal , ,33,Thimphu 
2020-10-16 19:46:47, WorldBankSAsia I am afraid , tsnamgyal , ,33,Thimphu 
2020-10-16 19:39:40, Many r so enamored by development on speed we tend to forget the Bank in the World Bank These guys have been after Bhutan s trees for 50 years xf0 x9f xa4 xa6 xf0 x9f x8f xbb xe2 x80 x8d xe2 x99 x82 xef xb8 x8f https t co AsPUMkesqC , tsnamgyal , ,33,Thimphu 
2020-10-16 19:24:36, Very interesting story Raises so many questions but none have been asked W Bengal customs division requests Bhutanese counterpart to halt export https t co Y4lpeDvZKv , Kinleyshering , ,2802,Thimphu 
2020-10-16 19:02:03, I feel like waking up and do makeup xf0 x9f x98 x82 , YBhutanese , ,145,Thimphu 
2020-10-16 18:48:18, Iavni7 ColorsTV BeingSalmanKhan Yes sid never fail to stand for tamboli , YBhutanese , ,145,Thimphu 
2020-10-16 18:42:55, Iavni7 ColorsTV BeingSalmanKhan Yeah and most interesting will be about todays task about basket Tamboli and sid dont know what actually basket is yaar , YBhutanese , ,145,Thimphu 
2020-10-16 18:21:36, Iavni7 ColorsTV BeingSalmanKhan Yeah same here Lets see what salman sir bring tomorrow im weekend ka vaar , YBhutanese , ,145,Thimphu 
2020-10-16 18:18:06, Iavni7 ColorsTV BeingSalmanKhan yes yar dont feel like watching bb bvoz of her , YBhutanese , ,145,Thimphu 
2020-10-16 17:59:43, Bhaskar21149095 ColorsTV sidharth shukla BeingSalmanKhan She needs her stuff yar dont talk blindly Give second thought She doesn s have any stuff atleast she did tobget her things in bb mall , YBhutanese , ,145,Thimphu 
2020-10-16 17:56:18, ColorsTV RubiDilaik ashukla09 nikkitamboli BeingSalmanKhan Hahaha r u joking We can see that Tamboli is jealous ober Rubina bvoz Rubina stands against her and Rubina is bery strong too Tamboli hai haiiii haiii Psycho , YBhutanese , ,145,Thimphu 
2020-10-16 17:38:24, Lilywhite Rose James THFC One we bought right now is a young LCB and Japh is RCB I believe I don xe2 x80 x99t know how the one is going to disrupt the other ones growth , phuzinspurs , ,1280,Thimphu 
2020-10-16 17:35:29, SpursOfficial Admin needs his contract extended xf0 x9f xa4 x9d xf0 x9f x91 x8f , Tobgay333 , ,54,Thimphu 
2020-10-16 17:15:41, ColorsTV sidharth shukla jasminbhasin BeingSalmanKhan Take sid from bb big boss Aray favouring tamboli , YBhutanese , ,145,Thimphu 
2020-10-16 17:07:39, ColorsTV BeingSalmanKhan What the hell sid is saying yar Is hand masket omg , YBhutanese , ,145,Thimphu 
2020-10-16 17:03:20, ColorsTV jasminbhasin nikkitamboli BeingSalmanKhan jasmin is bery strong , YBhutanese , ,145,Thimphu 
2020-10-16 16:22:54, chriscorry16 Time to lift the quadruple now xf0 x9f x8d xbe xf0 x9f x8d xbe xf0 x9f x8d xbe xf0 x9f x8d xbe , phuzinspurs , ,1280,Thimphu 
2020-10-16 16:19:43, In March when we had one positive case people were so scard Today the number crossed 316 and we have 20 active cases Yet we are normal I can see people without face mask Restaurants are packed Social distance is almost zero Hmm https t co 2cDhqz9ot8 , ChhedupSangay , ,1157,Thimphu 
2020-10-16 16:19:01, Your chance to win a surprise gift hamper Don t forget to like and follow facebook Business Bhutan page https t co ziAp3EzD6J , business bhutan , ,11293,Thimphu 
2020-10-16 16:17:06, chriscorry16 Check news , phuzinspurs , ,1280,Thimphu 
2020-10-16 16:04:21, It was pleasure meeting the Gups from 11 Gewog coincidentally during my visit to Punakha Updated them on COVID 19 and government responses I was accompanied by Dasho Chencho and Dasho Lhaki Dolma the two MPs of Punakha , FMBhutan , ,4346,Thimphu 
2020-10-16 16:03:40, Visited Punakha to offer lunch to the workers at the Dzong who are engaged in the preparation for the purjang of Late Je Thrizur Pleased to have met officials and saw progress of the work https t co P4HQWvDmKU , FMBhutan , ,4346,Thimphu 
2020-10-16 15:47:46, Congratulations Prof PeteOSullivanPT for the grant Perhaps the paradigm shift you have been advocating for so long is becoming a reality https t co yHfQqSvaDG , monutamang , ,321,Thimphu 
2020-10-16 15:47:22, W59555289Dechen tempa Thank you for the beautiful picture Dechen I m new on Twitter xf0 x9f x98 x81 Hello , TempaTshering3 , ,5,Thimphu 
2020-10-16 15:36:53, A must read for those planning to jump into becoming a big data savvy Very basic yet very informative 2020reads https t co guR1G8Z15f , tenziurgan , 2020reads ,63,Thimphu 
2020-10-16 15:11:02, Successfully concluded our weekend meeting with grand dinner at Gojay Thinley Dorji amp Families Home Thank you xf0 x9f x99 x8f very much from all of us Babesa Thimphu https t co MMuyYSAlP8 , bhutan majestic , ,1152,Thimphu 
2020-10-16 13:42:22, catboys Galen left belongs to Grem artwork originalcharacter artistsontwitter https t co riAhPVUGCC , Caniiibal , catboys artwork originalcharacter artistsontwitter ,170,Thimpu 
2020-10-16 13:01:39, caricatured Nice one xf0 x9f x91 x8c , vikrantparate , ,30,Thimphu 
2020-10-16 10:07:33, Our Agri minister told Kuensel that Bhutan has been pushing to get 5 veg amp fruits in this list for 2 years In best case scenario this is a bureaucratic cock up amp we need to improve communication amp in worse case scenario India may be signaling some unpleasant diplomatic messages , TenzingLamsang , ,24582,Thimphu 
2020-10-16 10:05:31, To add to this the SSB which answers to India xe2 x80 x99s Home Ministry seized Bhutanese vegetable exports and stopped them as they are not in the export list to India , TenzingLamsang , ,24582,Thimphu 
2020-10-16 10:04:46, This is due to our small population and consumption dependence on India for imports and also close ties This has not been the case with the recent onion ban where Bhutan has not been excluded even as India is our sole source of import for the item , TenzingLamsang , ,24582,Thimphu 
2020-10-16 10:04:06, Thread Normally whenever India does an export ban of certain scarce food commodities Bhutan is either excluded from the ban or it is promptly lifted later An example is a rice export ban lifted for Bhutan in 2008 , TenzingLamsang , ,24582,Thimphu 
2020-10-16 08:12:11, Two new orchid species namely Chiloschista densiflora and Chiloschista himalaica were discovered from Bhutan by a team from the National Biodiversity Centre College of Natural Resources and the Department of Forests and Park Services https t co DvzLwrEGFU https t co 9qWlQEyUZy , moafbhutan , ,497,Thimphu 
2020-10-16 07:03:14, If you are in the market for a new job or position you may he More for Virgo https t co ytH6jMhay1 , czdorji , ,2319,Thimphu 
2020-10-16 07:01:30, Your friend list is long and you find it easy to gather the tr More for Sagittarius https t co FfKav1h4Nc , kintsho bht , ,30,Thimphu 
2020-10-16 07:01:19, You xe2 x80 x99ve been so busy juggling multiple tasks that you may have More for Taurus https t co EECfQYA8HL , cixx67 , ,1508,Thimphu 
2020-10-16 07:00:17, You may be thinking about the past loss of a significant relat More for Pisces https t co uojyhA9mo8 , LobzangYeshey1 , ,314,Thimphu 
2020-10-16 06:51:04, TRKarbaGhallay It takes time xf0 x9f x98 x9c , ChhedupSangay , ,1157,Thimphu 
2020-10-16 06:50:45, sarahmarb Infact this answer is a big slap on the face of government even though answer is purely out of innocence , vikrantparate , ,30,Thimphu 
2020-10-16 06:50:30, To all the math teachers With respects https t co Lh4zznVSLT , ChhedupSangay , ,1157,Thimphu 
2020-10-16 06:47:21, Take a look at the 17 Biofortified crop varieties dedicated to the Nation by PM narendramodi on the occasion of World Food Day SahiPoshanDeshRoshan PMBhutan PMOIndia FMBhutan MEAIndia PBNS India IndianDiplomacy KuenselOnline BBSBhutan business bhutan BhutanT https t co w91gpXf9PQ , Indiainbhutan , SahiPoshanDeshRoshan ,11643,Thimphu 
2020-10-16 06:43:36, all human beings possessed the God given natural rights of individuality liberty property This is man he wrote These three gifts from God precede all human legislation The Law by Frederic Bastiat , ChhedupSangay , ,1157,Thimphu 
2020-10-16 06:39:31, Greetings from the Capital Hope things around are going pretty well Stay safe Work hard , ChhedupSangay , ,1157,Thimphu 
2020-10-16 06:38:09, If you compare law with a horse one might see it as mode of transportation Some might see it as source of meat or milk Some might see it as a pet Things depend upon how you see it , ChhedupSangay , ,1157,Thimphu 
2020-10-16 06:35:50, Suuuuper , Nagelqnl , ,514,Thimphu 
2020-10-16 06:31:01, Sustainable Logging For Healthy Forests https t co 8kydL6npJD , pnamgyel , ,688,Thimphu 
2020-10-16 06:27:42, On the footsteps of sustainable forestry can sustainability be defined MetsayhdistysRy https t co ae98B2q4Fq , pnamgyel , ,688,Thimphu 
2020-10-16 06:22:54, Want to make forestry sustainable Look to the Nordics https t co v3BBg0ltot , pnamgyel , ,688,Thimphu 
2020-10-16 06:08:38, The Ministry of Agriculture and Forests is commemorating the World Food Day 2020 on a theme xe2 x80 x9cGrow Nourish Sustain Together Our Actions are our Future xe2 x80 x9d today https t co pbny51QwV2 https t co jTIFg3zliW , moafbhutan , ,497,Thimphu 
2020-10-16 05:55:49, To achieve National Nutrition Security PM narendramodi dedicates 17 New Biofortified varieties of 8 crops to the Nation SahiPoshanDeshRoshan PMOIndia PMBhutan MEAIndia FMBhutan PIB India KuenselOnline BBSBhutan business bhutan BhutanT https t co 3POa9VNhJU , Indiainbhutan , SahiPoshanDeshRoshan ,11643,Thimphu 
2020-10-16 05:36:45, First virtual btNOG happening now btnog btnog7 Bhutan Telecom https t co P1cnperlOY , chabysharma , btnog7 ,72,Bhutan 
2020-10-16 05:27:13, Australia has already started testing a mesh drainage network so plastics and other polluting waste don t reach rivers and the sea WHAT DO YOU THINK OF THAT xe2 x80 xa6 https t co T8KzXeQVEu , SyedSaa1 , ,1512,Thimphu 
2020-10-16 05:25:48, An Egyptian fast food outlet chooses an interesting brand name Why just eat plain old KFC Chicken when you can instead opt for xe2 x80 x98The Fire Cock xe2 x80 x99 xf0 x9f x98 x82 xf0 x9f x98 x82 Images from deebashadnia amp Chrysographer https t co AHIdC0xzJM , TenzingLamsang , ,24582,Thimphu 
2020-10-16 04:38:23, Bhutan Media Foundation is pleased to invite Expression of Interest EOI to conduct a Nation wide Study on the Use of Social Media in Bhutan https t co cqoTJqpLxz , BhutanMediaFdn , ,894,Thimphu 
2020-10-16 04:15:48, JigsNews You got me xf0 x9f xa4 xa3 xf0 x9f xa4 xa3 , zzezenn , ,2106,Thimphu 
2020-10-16 03:51:14, btNOG 7 happening just now btnog btnog7 https t co LQ3XUIMvkR , ManoJonaM , btnog7 ,183,Thimphu 
2020-10-16 03:45:27, LhendupDema What about babe , somrikzin , ,48,Thimphu 
2020-10-16 03:44:08, LhendupDema Stealing someones heart , somrikzin , ,48,Thimphu 
2020-10-16 03:28:31, JigsNews 100 true TGIF xf0 x9f x98 x81 , zzezenn , ,2106,Thimphu 
2020-10-16 03:07:46, Product made in Bhutan Massage Therapy Candle Lemongrass by Sushi candles amp crafts xe2 x8f xa9 https t co e7aDajtsP4 https t co oQpdlETxch , Druksell1 , ,3,Thimphu 
2020-10-16 03:06:04, Spurs fl Nothing less than 18 , phuzinspurs , ,1280,Thimphu 
2020-10-16 03:01:03, xf0 x9d x97 xa0 xf0 x9d x97 xbc xf0 x9d x97 xbf xf0 x9d x97 xb2 xf0 x9d x97 xbc xf0 x9d x97 xb3 xf0 x9d x97 xb3 xf0 x9d x97 xb2 xf0 x9d x97 xbf xf0 x9d x98 x80 xf0 x9d x97 xae xf0 x9d x97 xbf xf0 x9d x97 xb2 xf0 x9d x97 xae xf0 x9d x97 xb9 xf0 x9d x98 x84 xf0 x9d x97 xae xf0 x9d x98 x86 xf0 x9d x98 x80 xf0 x9d x97 xaf xf0 x9d x97 xb2 xf0 x9d x98 x81 xf0 x9d x98 x81 xf0 x9d x97 xb2 xf0 x9d x97 xbf Download the eTeeru app and avail all the new eTeeru offers now For more info xc2 xa0https t co RuZa92FS0W xc2 xa0 TashiCell ePaymentsWitheTeeru https t co CUmNzgNI9T , TashiCell , TashiCell ePaymentsWitheTeeru ,1836,Thimphu 
2020-10-16 02:51:21, Happy international World Food Day 2020 grow nourish sustain Together https t co ZMKWPcUBYU , kunzangdeki , grow ,111,Thimphu 
2020-10-16 02:39:57, khendumdorji unveilingtrtuh Devilsanddusts Agree totally toilet master is not bad xf0 x9f xa4 xa3 , DziJ , ,1760,Thimphu 
2020-10-16 02:32:18, Morning in College for me is mostly toilet and bretman the rock stories for me Bretman rocks bretmanrock goodmorning , alwaysSora , bretmanrock goodmorning ,5,Thimphu 
2020-10-15 20:06:48, InspiringEntrep UberFacts To think of it reality is twisted when it shouldve been 5000 of em at least employing a million other individuals should knowledgable talent be the least marketable commodity , dendup , ,31,Thimphu 
2020-10-15 19:35:04, ColorsTV BeingSalmanKhan bb14 is boring due to Tamboli haiiiii haiiiiiii She dont know the difference between her duty and the seniors decison over TBC i think Rubina was right , YBhutanese , ,145,Thimphu 
2020-10-15 19:27:48, InspiringEntrep UberFacts Some janitors are paid as much as somebody with PhD in some places but still 5000 is a fckin big number even to American standards now is it , dendup , ,31,Thimphu 
2020-10-15 19:27:45, tellydhamaal JasminBhasinFAM it has seen from the begining that Sid is supporting Tamboli and he forgot what Jasmin did in bb13 to favour him and team What ever lets see what will happen tomorrow , YBhutanese , ,145,Thimphu 
2020-10-15 18:58:02, Iavni7 ColorsTV BiggBoss BeingSalmanKhan Same here , YBhutanese , ,145,Thimphu 
2020-10-15 18:47:17, ColorsTV BeingSalmanKhan i wish ke Jasmin to win tomorrow xf0 x9f x91 x8d Not that aunty ji hai haiiiiii haiiiii Tamboli xf0 x9f x91 x8e xf0 x9f x91 x8e xf0 x9f x91 x8e xf0 x9f x91 x8e , YBhutanese , ,145,Thimphu 
2020-10-15 18:45:26, Rakesh63162649 ColorsTV BeingSalmanKhan I hate her , YBhutanese , ,145,Thimphu 
2020-10-15 18:34:51, The Curse Bhutan Epilepsy Short film on awareness of Epilepsy in Bhutan https t co pNr3jXPdZb via YouTube , bhutanepilepsy1 , ,1,Thimphu 
2020-10-15 17:38:22, Nepal introduces clean feed policy Should Bhutan follow suit This is something BiCMA should look into amp push for adoption as the payoffs would be huge Local ad agencies production houses and creative industries stand to benefit https t co 7DQmhDDXWX , Kinleyshering , ,2802,Thimphu 
2020-10-15 17:05:27, Bhutan Epilepsy is thought project on process to understand the pattern of varied patients who is diagnosed yet not been in connection to what condition the one is going through Epilepsyli CureEpilepsy EpilepsyFdn epilepsysociety , bhutanepilepsy1 , ,1,Thimphu 
2020-10-15 16:18:38, LhendupDema Likewise xf0 x9f x98 x81 HOPE , kezaphuntsho , ,14,Thimphu 
2020-10-15 16:02:53, Gyembo who works with Starbucks in Kuwait said that they felt guilty to continue depending on the Royal Kidu Their return he said would lessen the burden on the government and unemployment situation at home https t co hfubk6Dp3t , ChhedupSangay , ,1157,Thimphu 
2020-10-15 15:37:12, WordsandGuitar Maybe Canada has realised that you are not indigenous , sunnytobgay , ,203,Thimphu 
2020-10-15 15:27:43, Change we must to survive An Evening thought , PhurbaPhuba , ,752,Thimphu 
2020-10-15 14:31:56, yaammann You have been invited to Mars xf0 x9f x9a x80 xf0 x9f x9b xb8 xf0 x9f x9b xb6 xf0 x9f x9b xb0 , dorjye , ,39,Thimphu 
2020-10-15 13:47:06, LhendupDema Stole a heart xf0 x9f x98 xac xf0 x9f x98 x82 xf0 x9f x98 x85 , kezaphuntsho , ,14,Thimphu 
2020-10-15 13:06:41, USA has its flaws but the next Superpower on the horizon China is going to be very very paranoid one ready to detain up to a million people for re education and separating even young children from both parents https t co b29Pq5XODW , TenzingLamsang , ,24582,Thimphu 
2020-10-15 13:02:18, Thursday Special Blessings from Bhutan xe2 x80 x99s Protective Deity Ap Gaynyen Jagpa Melan for the Well Being of All Sentient Beings xf0 x9f x99 x8f xf0 x9f x99 x8f xf0 x9f x99 x8f Dechenphug Lhakhang https t co Q3KGYU0m06 , bhutan majestic , ,1152,Thimphu 
2020-10-15 10:07:04, Updates on weekly export of agricultural produce https t co C6ibUFAMnJ https t co Wste8V5Av7 , moafbhutan , ,497,Thimphu 
2020-10-15 08:59:51, Amid the COVID19 situation the World Food Day celebration with a theme xe2 x80 x9cGrow Nourish Sustain Together Our Actions are our Future xe2 x80 x9d will go Live on 16 October starting from 9 30 am 1 pm https t co S4vCvtUYaz , moafbhutan , ,497,Thimphu 
2020-10-15 08:47:06, Oh my god oh my god Im so anxious and excited xf0 x9f x98 xb1Its the ultimate war of the universe I cant breathe xf0 x9f xa4 xa7 HarryPotter harrypotterandthedeadlyhallow2 , alwaysSora , HarryPotter harrypotterandthedeadlyhallow2 ,5,Thimphu 
2020-10-15 08:19:37, Covid19Updates Phuntsholing Bhutan Two expatriate workers tests positive They entered Bhutan on 12th October The other is a 78 year old Bhutanese man who entered on 9th October 2020 All from India Total positive cases for Bhutan stands at 316 , kuenzakarma , Covid19Updates Phuntsholing Bhutan Bhutan India ,1405,Thimphu 
2020-10-15 08:19:28, DaleBrown98 PressStartAU Same here I hope I m getting the series x at launch Already secured the ps5 launch last time Just the xbox was post but its been upgraded to launch Fingers crossed , chunjurrinchhen , ,179,Thimphu 
2020-10-15 07:02:53, You feel on top of the world when you consistently execute you More for Virgo https t co ytH6jMhay1 , czdorji , ,2319,Thimphu 
2020-10-15 07:01:23, You xe2 x80 x99re full of big ideas with the Sun hanging out in your goal More for Sagittarius https t co FfKav1h4Nc , kintsho bht , ,30,Thimphu 
2020-10-15 07:01:14, If you xe2 x80 x99ve been pushing your health goals to the wayside today More for Taurus https t co EECfQYA8HL , cixx67 , ,1508,Thimphu 
2020-10-15 07:00:17, Though you are an open minded person it xe2 x80 x99s hard for you to ope More for Pisces https t co uojyhA9mo8 , LobzangYeshey1 , ,314,Thimphu 
2020-10-15 05:25:28, RahulGandhi Mismanaged state policies or war brought poverty and millions suffering , vikrantparate , ,30,Thimphu 
2020-10-15 04:31:11, If you are thinking of visiting Thailand to be cautious xf0 x9f xa5 xb1 https t co w4HUUTcmOp , DziJ , ,1760,Thimphu 
2020-10-15 04:30:16, A batch of 64 foresters joined Military Training Centre at Tencholing Wangdue to undergo a month long arms and drill training beginning 10th of this month The batch includes 23 fresh recruits of forestry officers 6 rangers 24 foresters and 12 drivers https t co nBkXerS3ul https t co BGp6tiJH8v , moafbhutan , ,497,Thimphu 
2020-10-15 04:14:52, tshomougyen2001 You are sweet 19 Enna glad , tshewang2020 , ,4,Thimphu 
2020-10-15 03:53:52, Here s helping you know eTeeru Terms knoweteeruterms epaymentswitheteeru bhutan eteeru https t co RWjwydaRVC , TashiCell , knoweteeruterms epaymentswitheteeru bhutan eteeru ,1836,Thimphu 
2020-10-15 03:51:20, 273 at DANTAK area tested for COVID 19 https t co ozwWI4CmPe https t co 8VCDO5I2Yl , business bhutan , ,11293,Thimphu 
2020-10-15 03:50:36, Let us all WASH our hands with soap GlobalHandwashingDay inclusiveWASH Bhutan https t co munbpBoR41 , SNVBhutan , GlobalHandwashingDay inclusiveWASH Bhutan ,236,Thimphu 
2020-10-15 03:45:47, Covid 19 update from Bhutan xf0 x9f x87 xa7 xf0 x9f x87 xb9 Wearing Mask is Mandatory maintain Social Distance use Druk Trace mobile app Wash Hands often Stay Safe xf0 x9f x99 x8f COVID19 BMT Happiness House https t co 9gapK52tLR , bhutan majestic , Covid COVID19 ,1152,Thimphu 
2020-10-15 03:45:41, Winter vegetable production to meet domestic vegetable demand substitute import https t co CI9fV8hFd7 https t co OZM0oQdEGV , business bhutan , ,11293,Thimphu 
2020-10-15 03:41:48, GakiTenzin Real like heaven , ChoklangTenzin , ,36,Thimphu 
2020-10-15 03:36:18, uchewang Congratulations for your reappointment xf0 x9f x92 x90 hope to see more of your Dharma picture xf0 x9f xa4 xa3 , DziJ , ,1760,Thimphu 
2020-10-15 03:20:56, JigsNews DullinBlack Obviously man , zzezenn , ,2106,Thimphu 
2020-10-15 03:19:16, DullinBlack JigsNews JigsNews he tried in his dreams xf0 x9f x98 x9c , zzezenn , ,2106,Thimphu 
2020-10-15 03:07:51, Product made in Bhutan Orange Leather Chews by Chuniding xe2 x8f xa9 https t co SaZea8hpyL https t co sJxgJ2FG0p , Druksell1 , ,3,Thimphu 
2020-10-15 02:40:31, Covid 19 update from Bhutan xf0 x9f x87 xa7 xf0 x9f x87 xb9 Wearing Mask is Mandatory maintain Social Distance use Druk Trace mobile app Wash Hands often Stay Safe xf0 x9f x99 x8f COVID19 BMT Happiness House https t co rGyaF0OFr3 , bhutan majestic , Covid COVID19 ,1152,Thimphu 
2020-10-15 02:06:39, Today is observed as Global Handwashing day I would like to wish everyone happy Global Handwashing Day At such critical time Handwashing has become the best prevention even though it has always been a very important activity in our lives washhandsStayFit https t co ZFSyqi9vLg , kunzangdeki , washhandsStayFit ,111,Thimphu 
2020-10-14 19:41:55, ZangpoTashi Absolutely not , Tobgay333 , ,54,Thimphu 
2020-10-14 17:37:09, not impressive look at the feet of my girl https t co g4SLb0IJXL https t co l7e37b2gPb , SyedSaa1 , ,1512,Thimphu 
2020-10-14 17:26:44, bhutanluv Hey Is there a copy of book for sale yeah , rinchen kinzang , ,1,Thimphu 
2020-10-14 17:08:14, My bestfriend and i tag eachother in almost every meme food depression ugly moneyetc because we r poor af xf0 x9f x98 x82 , diamond dibhya , ,42,Thimphu 
2020-10-14 16:33:17, Women xe2 x80 x99s power in Trade https t co THu9qWnk1J , PhuntshoWangs , ,32,Thimphu 
2020-10-14 15:50:53, JensHauser Yes We even sometimes see clouded leopards on the side streets at night in the capital Write us an email at contact mybhutan com if you d like to learn more , MyBhutan , ,943,Thimphu 
2020-10-14 15:49:20, MsMaehoenen Write to us at contact mybhutan com We would love to learn more about this passion of yours , MyBhutan , ,943,Thimphu 
2020-10-14 15:46:14, How aiven io solutions support our technology infrastructure in Bhutan https t co LRvtTVWPQJ , MyBhutan , ,943,Thimphu 
2020-10-14 14:46:31, niiravmodi Why allopathy why not Ayurvedic medication , vikrantparate , ,30,Thimphu 
2020-10-14 13:58:01, My deepest condolences and prayers to those affected and to the bereaved families caused due to the massive floods in hyderabad , FMBhutan , ,4346,Thimphu 
2020-10-14 13:30:37, JigsNews Just goodbye no kiss xf0 x9f xa4 xa3 xf0 x9f xa4 xa3 , zzezenn , ,2106,Thimphu 
2020-10-14 12:12:37, Simon Cullen These group will go home and in a few days time elders in their home will suffer Hope it doesn xe2 x80 x99t but that xe2 x80 x99s inevitable because of what they are doing , phuzinspurs , ,1280,Thimphu 
2020-10-14 12:07:42, JigsNews Saying goodbye to you after 1 week xf0 x9f x98 xad xf0 x9f x98 xad , zzezenn , ,2106,Thimphu 
2020-10-14 11:03:19, 2039 85 MT of agricultural produce worth Nu 72 28 million exported in the first week of October Except for 1 to Bangladesh rest were all to India agritrade bhutanexports source DAMC Ministry of Agriculture and Forests https t co RwKZQtmVql , sangaykhandu , agritrade bhutanexports ,8076,Thimphu 
2020-10-14 10:08:38, I offer my heartfelt Congratulations to the Chief and Commissioners of ECB Chairperson and Commissioners of ACC the Auditor General and the Drangpons of the Supreme Court and High Court I wish everyone a much more success in your new post and look forward to working with you all https t co YHu4IQ2rS3 , FMBhutan , ,4346,Thimphu 
2020-10-14 09:59:24, Interview of Ambassador RuchiraKamboj with MDiplomacyWORLD magazine traces the unique xf0 x9f x87 xae xf0 x9f x87 xb3 xf0 x9f x87 xa7 xf0 x9f x87 xb9 relationship and her work as a member of the IndianForeignService https t co yUcmRPwOuo PMBhutan PMBhutan FMBhutan MEAIndia IndianDiplomacy PIB India WIONews DDNewslive , Indiainbhutan , IndianForeignService ,11643,Thimphu 
2020-10-14 09:47:43, The Nature Conservation Division of the Department of Forests amp Park Services conducted a week long online training workshop on Convention on International Trade of Endangered Species of Fauna and Flora CITES https t co 1aF1nkJtI6 https t co QxCigVBui3 , moafbhutan , ,497,Thimphu 
2020-10-14 09:43:01, veronicaa lunaa She is my favorite , dorjye , ,39,Thimphu 
2020-10-14 09:42:56, Of India xe2 x80 x99s 1 2 bn population it has around 200 mn Indian Muslims amp close to a bn Hindus They have largely lived in harmony Not any more it seems as many Hindus went batshit crazy over an innocent consumer jewelry ad showing inter faith marriage with a Hindu daughter in law , TenzingLamsang , ,24582,Thimphu 
2020-10-14 09:37:23, Our views amp perspectives Editorial Hold the fort https t co zvPWtvyVkj , business bhutan , ,11293,Thimphu 
2020-10-14 09:16:41, In Bhutan most of the handcrafted textiles are dyed naturally using methods passed down by our ancestors textiles bhutanesetextiles dye naturaldye dyeingprocess silk erisilk handicraft bhutan madeinbhutan authentic organic natural tasteofbhutan https t co FG5aFRGjEc , tasteofbhutan , textiles bhutanesetextiles dye naturaldye dyeingprocess silk erisilk handicraft bhutan madeinbhutan authentic organic natural ,3,Thimphu 
2020-10-14 08:55:53, Crypto currency not a legal tender in the country https t co xzSBzYN38P https t co tW1L1QfdsJ , business bhutan , ,11293,Thimphu 
2020-10-14 08:54:32, abhishek8das And they are investing in it heavily Bhutan xe2 x80 x99s top export is stone boulders to Bangladesh due to the Construction boom there , TenzingLamsang , ,24582,Thimphu 
2020-10-14 08:49:12, Can understand people in India trying to make a political point with this but disheartening to see snarky comments on Bangladesh Bangladesh is the next big economic miracle story guided by focus on exports good economic leadership and infrastructure https t co O9l5KG0jVp , TenzingLamsang , ,24582,Thimphu 
2020-10-14 08:48:12, 3 of 5 stars to Looking for Alaska by John Green https t co BGNn0dbaAK , pratimaIceberg , ,142,Thimphu 
2020-10-14 08:44:31, CSI bank comes up with friendly loan scheme for farmers https t co qcwxFZpgei https t co ojUt2jJypO , business bhutan , ,11293,Thimphu 
2020-10-14 08:28:12, AkankshaMSingh That would be in the detailed report , TenzingLamsang , ,24582,Thimphu 
2020-10-14 08:27:34, Important Constitutional Posts appointed As per Constitution heads of ECB ACC RAA and Commissioners are appointed by The Druk Gyalpo from a list of names recommended jointly by the PM the CJ Speaker Chairperson of the National Council and the Leader of the Opposition https t co 7sydJqOQ2i , TenzingLamsang , ,24582,Thimphu 
2020-10-14 08:08:00, Shockingly unhealthy Bhutan It is now clear that NCDs are now a national health crisis There needs to be a whole new level of policies and advocacy to fight this growing menace I would personally recommend cutting down on junk food animal proteins and moving around more https t co 4ywRYGo60i , TenzingLamsang , ,24582,Thimphu 
2020-10-14 07:02:40, You xe2 x80 x99ll look and feel your best today as the feminine Moon trav More for Virgo https t co ytH6jMhay1 , czdorji , ,2319,Thimphu 
2020-10-14 07:01:13, Today your mind may be on some of the professional setbacks yo More for Sagittarius https t co FfKav1h4Nc , kintsho bht , ,30,Thimphu 
2020-10-14 07:01:05, Today is a great day to channel your energy into a creative pr More for Taurus https t co EECfQYA8HL , cixx67 , ,1508,Thimphu 
2020-10-14 07:00:16, Today is a good day to review your relationships to see if the More for Pisces https t co uojyhA9mo8 , LobzangYeshey1 , ,314,Thimphu 
2020-10-14 06:56:03, unveilingtrtuh It xe2 x80 x99s there for everyone to see yet law enforcement agencies are very quite xf0 x9f xa4 xac , DziJ , ,1760,Thimphu 
2020-10-14 06:49:50, In conversation with Druk Nyamrup Tshogpa xe2 x80 x99s candidate Dawa who will contest for the second time after losing in the 2018 election against the former OL who resigned in Aug https t co DHPpVwigkc https t co qOqAHNbJDH , business bhutan , ,11293,Thimphu 
2020-10-14 06:46:05, BBSBhutan Innovation and initiatives taken by Farmers are impressive great job Tsirangpa s xf0 x9f x91 x8d , bista geeta , ,4,Thimphu 
2020-10-14 06:43:19, caricatured xf0 x9f xa4 xa3 xf0 x9f xa4 xa3 xf0 x9f xa4 xa3 xf0 x9f x91 x8c Good one , vikrantparate , ,30,Thimphu 
2020-10-14 06:32:42, business bhutan I often fall in love with the initiative taken by Her Majesty xf0 x9f x98 x8d xf0 x9f x98 x8d xf0 x9f x98 x8d xf0 x9f x98 x8d , bista geeta , ,4,Thimphu 
2020-10-14 05:38:31, JigsNews Almost killing me xf0 x9f x98 xa1 I feel like I took a rebirth after your torture So now we are soso xf0 x9f x98 xa4 , zzezenn , ,2106,Thimphu 
2020-10-14 05:32:29, LakeShowHoopsPH Mospeights16 For his sorry ass getting beat several times https t co 0mqvsocRhs , dendup , ,31,Thimphu 
2020-10-14 05:25:38, BBS Radio Article 21 The Judiciary Section 1 7 https t co W651wNlMQp , BBSBhutan , ,54078,Thimphu 
2020-10-14 04:30:06, Covid19Updates Bhutan Two expatriate men quarantined in Paro tests positive They arrived on 28th September 2020 from Kolkatta Two Bhutanese women quarantined in Thimphu also tests positive They returned on 20th September 2020 from MiddleEast , kuenzakarma , Covid19Updates Bhutan Paro Kolkatta Thimphu MiddleEast ,1405,Thimphu 
2020-10-14 04:02:52, JigsNews Haha you didn t cure me see all those 10 failed steps , zzezenn , ,2106,Thimphu 
2020-10-14 03:47:32, JigsNews You should get an award xf0 x9f xa5 x87 instead xf0 x9f xa4 xa3 xf0 x9f xa4 xa3 xf0 x9f xa4 xa3 , DziJ , ,1760,Thimphu 
2020-10-14 03:38:03, Our Police should also serve notice to certain blogger who always create disharmony by instigating young minds against rule of law in our society Mumbai Police Notice To Arnab Goswami For Palghar Lynching Case Coverage NDTV https t co s37AyeXERa , DziJ , ,1760,Thimphu 
2020-10-14 03:34:56, JigsNews I hate you for all this we are divorcing now xf0 x9f x98 xad , zzezenn , ,2106,Thimphu 
2020-10-14 03:24:52, PemaDendup24 Nice tattoo xf0 x9f x98 x9c , zzezenn , ,2106,Thimphu 
2020-10-14 03:13:54, In the agri value chain farmers traders middlemen amp retailers vendors play their own significant roles So long as organic farm produce reaches CFM facilitated by the supply chain farmers need not come to CFM to sell their produce Issue is not abt farmer or vendor s market https t co fSvsQTD1cI , Kinleyshering , ,2802,Thimphu 
2020-10-14 03:08:23, Product made in Bhutan Room in your heart by riyang xe2 x8f xa9 https t co oz7W2Qs8zJ https t co nKrQSqHt9g , Druksell1 , ,3,Thimphu 
2020-10-14 02:54:58, JigsNews I am sooo disappointed at you You tried so many weird stuff and try to kill me xf0 x9f x98 xa1 , zzezenn , ,2106,Thimphu 
2020-10-14 02:47:44, Racism and Buddhism https t co i3Qw1OcysE , tsheridorji , ,239,Thimphu 
2020-10-14 02:35:10, JigsNews you are the expert xf0 x9f xa4 xa3 xf0 x9f xa4 xad xf0 x9f xa4 xad , zzezenn , ,2106,Thimphu 
2020-10-14 02:33:46, JigsNews Lol xf0 x9f xa4 xa3 xf0 x9f x98 x82 I will kill you for sharing this , zzezenn , ,2106,Thimphu 
2020-10-14 02:00:46, After 10 months of hibernation Ziggy is finally back flaunting its Azalea blooms Azalea Autumm AutumnBlooms Thimphu Bhutan https t co G2zbfIKquj , LovenRamos , Azalea Autumm AutumnBlooms ,2114,Bhutan 
2020-10-13 19:54:16, kipnaut YEAH EXACTLY xf0 x9f x98 x8c xf0 x9f x92 x96 xf0 x9f x92 x96 xf0 x9f x92 x96 , Caniiibal , ,170,Thimpu 
2020-10-13 19:52:16, kipnaut WHATRE U GONNA DO ABOUT IT ABSOLUTELY NOTHING THATS WHAT , Caniiibal , ,170,Thimpu 
2020-10-13 19:45:33, Catboys that insight rage kipnaut Look at it https t co IyjxM4vEjm , Caniiibal , Catboys ,170,Thimpu 
2020-10-13 18:27:39, ranjona rkhuria2 To display an Elephant BSP is their friend and elephant told them don t believe me xf0 x9f x98 x81 xf0 x9f x98 x81 xf0 x9f x98 x81 , vikrantparate , ,30,Thimphu 
2020-10-13 18:21:21, The Queen xe2 x80 x99s Project Office was deeply honoured to receive Her Majesty The Gyaltsuen for the launch of 5 new products of the One Gewog One Product OGOP initiative October 13 also marks the foundation day of the Queen xe2 x80 x99s Project Office of His Majesty xe2 x80 x99s Secretariat and OGOP https t co BW733C5BQy , business bhutan , ,11293,Thimphu 
2020-10-13 17:33:18, Finally After searching for a long time I got it My eyes are sweating xf0 x9f x98 xa2 xf0 x9f x98 xa5 xf0 x9f x98 x81 xf0 x9f x98 xad Reading SAVE ME made my day better SAVEME btssaveme BTS twt https t co 0PWyQyEHHY WEBTOON , Purkie0919 , SAVE ME SAVEME btssaveme WEBTOON ,15,Thimphu 
2020-10-13 16:39:14, While my eyes were filled with enthusiasm the song from because this is my first life was on and it made my eyes teary It hit me hard and i could remember that particular wedding scene where Yoon Ji ho shi cries after seeing the photo album xf0 x9f xa4 xa7 , alwaysSora , ,5,Thimphu 
2020-10-13 16:19:13, 2 2 It is this kind of leadership that has ensured Bhutan has become a COVID success story Of a population of around 700 000 around 152 450 have been tested 22 Of this 309 tested positive mainly in quarantine amp 291 have recovered leaving only 18 active cases 94 recovery , TenzingLamsang , ,24582,Thimphu 
2020-10-13 16:10:21, 1 2 At a time when the US President makes a mockery of face masks amp social distancing Bhutan xe2 x80 x99s King leads by example by wearing masks at all times maintaining social distance and subjecting himself to a 7 day quarantine only because he travelled to the southern part of Bhutan https t co 0tdtcvbxSS , TenzingLamsang , ,24582,Thimphu 
2020-10-13 15:58:24, On the joyous occasion of the 9th Royal Wedding Anniversary I would offer prayers for good health and happiness of Their Majesties Tashi Delek ilovemyking bhutan Thimphu Bhutan https t co CyCwHUn5F2 , dalayghalley , ilovemyking bhutan ,80,Bhutan 
2020-10-13 15:54:33, His Majesty the King will follow facility quarantine protocol along with the entourage and undergo testing at the end of quarantine just like anyone , sangaykhandu , ,8076,Thimphu 
2020-10-13 15:39:04, From His Majesty the King xe2 x80 x99s most recent tour to the red and high risk zones in the south xf0 x9f x99 x8f xf0 x9f x8f xbc Photo HM the King xe2 x80 x99s fb page https t co eTc6DZjN7k , sangaykhandu , ,8076,Thimphu 
2020-10-13 15:37:14, His Majesty The King arrived in capital today from Phuentsholing concluding a Royal Tour of the entire southern region which began on 26th September https t co 2njP5ErdgI , business bhutan , ,11293,Thimphu 
2020-10-13 13:52:36, RShivshankar TimesNow aamir khan iamsrk PMOIndia Why blaming Left your content is indeed toxic Instead do some introspection You are either fooling people or yourself , vikrantparate , ,30,Thimphu 
2020-10-13 13:43:15, RavinderKapur2 sarahmarb Bajajs has a Gandhian legacy They have guts to show their true colour Others are pure entrepreneurs They makes adjustments as per the wind , vikrantparate , ,30,Thimphu 
2020-10-13 13:32:52, amitmalviya Futile efforts from the bhakt to regain fallen reputation of Master by comparing him with greatest human being of 20th century fallacy Comparison with the person whom they don t even believe only purpose is to make his master tall , vikrantparate , ,30,Thimphu 
2020-10-13 13:31:32, rkhuria2 JeenalGala Futile efforts from the bhakt to regain fallen reputation of Master by comparing him with greatest human being of 20th century fallacy Comparison with the person who me they don t even believe only purpose is to make his master tall , vikrantparate , ,30,Thimphu 
2020-10-13 13:19:40, This is my message to the western world xe2 x80 x93 your civilisation is killing life on Earth Nemonte Nenquimo indigenous IndigenousPeoplesDay2020 indigenouswomen indigenousrights https t co puik0byH4p , davidmhecht , indigenous IndigenousPeoplesDay2020 indigenouswomen indigenousrights ,525,Thimphu 
2020-10-13 09:26:30, SylviaBurwell Please wish Helene a very happy birthday from us , Khamsa , ,295,Thimphu 
2020-10-13 09:17:35, LhendupDema Best of luck then lol , somrikzin , ,48,Thimphu 
2020-10-13 09:12:28, Also potato not Indian import list report suggests it is almost a repeat of cardamom export hindrance from 2017 , sangaykhandu , ,8076,Thimphu 
2020-10-13 08:59:21, In today s producthunt Digest Work life balance https t co qCzrM26A9m , NamgaySkidas , ,375,Paro 
2020-10-13 07:43:13, CFM closure affects vegetable vendors xe2 x80 x99 business badly https t co PRoXWIqcld https t co lUoHnuSBqq , business bhutan , ,11293,Thimphu 
2020-10-13 07:39:59, PDP calls upon the government to reopen the CFM immediately https t co EiJRFsPijb https t co JyPFndjRMo , business bhutan , ,11293,Thimphu 
2020-10-13 07:24:42, BBS Radio Article 20 The Executive Section 1 8 https t co 59hjkvLpow , BBSBhutan , ,54078,Thimphu 
2020-10-13 07:18:51, pdr2999 RahulGandhi INCIndia No I don xe2 x80 x99t have rights to lecture classic clown instead I want to learn from you xf0 x9f xa4 xa3 xf0 x9f xa4 xa3 xf0 x9f xa4 xa3 xf0 x9f xa4 xa3 , yeshitenzin12 , ,0,Thimphu 
2020-10-13 07:14:59, emiliehardnock Green , ChoklangTenzin , ,36,Thimphu 
2020-10-13 07:06:30, Happy to be part of the conversation as well xf0 x9f x91 x8d https t co 2A4s601g2F , TingKarr8 , ,44,Thimphu 
2020-10-13 07:04:12, Indian side stops potato export from Bhutan to India Bhutan Agriculture amp Food Regulatory Authority BAFRA certification is not recognized https t co GAmdZlWN0e , sangaykhandu , ,8076,Thimphu 
2020-10-13 07:02:36, Messenger Mercury turns retrograde in your 3rd House of Commun More for Virgo https t co ytH6jMhay1 , czdorji , ,2319,Thimphu 
2020-10-13 07:01:13, Setting firm boundaries with toxic people is necessary as Merc More for Sagittarius https t co FfKav1h4Nc , kintsho bht , ,30,Thimphu 
2020-10-13 07:01:05, Have you been feeling burdened with most of the responsibiliti More for Taurus https t co EECfQYA8HL , cixx67 , ,1508,Thimphu 
2020-10-13 07:00:16, As Mercury begins its retrograde through your 9th House of Tra More for Pisces https t co uojyhA9mo8 , LobzangYeshey1 , ,314,Thimphu 
2020-10-13 06:24:19, Love is like the wind you can t see it but you can feel it Happy anniversary to Their Majesties The King and the Queen of Bhutan xf0 x9f xa7 xa1 xf0 x9f x92 x9b https t co TiLY9Zr1h3 , insidebhutan , ,770,Thimphu 
2020-10-13 06:23:18, BBS Radio How to purify negative karma https t co BWQGfYDAhm , BBSBhutan , ,54078,Thimphu 
2020-10-13 05:38:15, choisangDT Wow it xe2 x80 x99s beautiful , ChoklangTenzin , ,36,Thimphu 
2020-10-13 04:42:49, Bank of Bhutan and its employees join the nation in celebrating 9 beautiful years of Their Majesties the Druk Gyalpo amp the Druk Gyaltsuen s love commitment gratitude respect dedication and sacrifices https t co 9t0eriAnmR , BankofBhutan , ,1537,Thimphu 
2020-10-13 04:19:16, Team TashiCell joins the nation in wishing long lives to Their Majesties on this joyous occasion xf0 x9f x99 x8f xf0 x9f x92 x95 royalwedding2020 bhutan https t co oGSVo7T77P , TashiCell , royalwedding2020 bhutan ,1836,Thimphu 
2020-10-13 04:12:33, While wishing their Majesties yet another year of blissful marriage anniversary let xe2 x80 x99s pledge to do our part by caring for our families friends and neighbors fellow citizens xe2 x80 x99 hygiene by this time next year let xe2 x80 x99s be COVID19 free country xf0 x9f x99 x8f xf0 x9f x92 x90 https t co D1akxbA5Yu , DziJ , ,1760,Thimphu 
2020-10-13 04:05:52, Inviting all Bhutanese nationals and Indian nationals in the age group of 18 35 years to participate in the BharatKoJaniye Know India quiz Details may be seen at the following links https t co tpfBB6v0ZQ Register for the quiz at https t co BXguMb4Ktr PMOIndia https t co nfINEuo8r3 , Indiainbhutan , BharatKoJaniye ,11643,Thimphu 
2020-10-13 04:02:49, Police investigate alleged rape of minor https t co JQA1t519te https t co w3Tge8NY9K , business bhutan , ,11293,Thimphu 
2020-10-13 03:52:13, xf0 x9f x96 xa5 Do you know about the National Supercomputing Mission NSM Launched by PM NarendraModi NSM is a visionary program to enable India to leapfrog to the league of world class computing power nations https t co B9yMluHZG1 , Indiainbhutan , NSM ,11643,Thimphu 
2020-10-13 03:51:03, Access to ECCD low though children who attend are more ready for school says report https t co YuHs7mOgvG https t co N7wRXOIQzO , business bhutan , ,11293,Thimphu 
2020-10-13 03:49:55, Sharing the e ITEC courses organised by dpa mea through the ITECnetwork programme in October November 2020 eITEC PMOIndia MEAIndia IndianDiplomacy ITECnetwork dpa mea PIB India FMBhutan KuenselOnline BBSBhutan BhutanT business bhutan https t co 6UvFy5Ki5Q , Indiainbhutan , eITEC ,11643,Thimphu 
2020-10-13 03:44:18, On this auspicious day celebrating the 9th Anniversary of the Royal Wedding we offer our deepest respects and love to Their Majesties Happy 9th Anniversary xf0 x9f x92 x90 https t co vnbXE0kk7s , MoHBhutan , ,1708,Thimphu 
2020-10-13 03:41:08, DullinBlack lol how I wish such thing could happen here in Bhutan also Men should get pregnant and do C section , zzezenn , ,2106,Thimphu 
2020-10-13 03:40:39, BharatKoJaniye Mock Quiz Statue Of Unity the tallest statue in the world was built to commemorate the achievements of which personality a Sardar Patel b Subhash Chandra Bose c Bhagat Singh d Gopal K Gokhale Join BharatKoJaniye Quiz at https t co W8yhrOUUqr https t co mUw5j9uIrS , Indiainbhutan , BharatKoJaniye BharatKoJaniye ,11643,Thimphu 
2020-10-13 03:40:29, Im sick of this world said the depressed man Im not done exploring the nature said the poor man Im not done earning enough said the greedy man And I said I am not done loving myself , BhattaraiYama , ,17,Thimphu 
2020-10-13 03:34:24, India aims to install 100 GW grid connected solar power plants by 2022 through the National Solar Mission Learn more about India s renewable energy sector https t co x6yBN3udgA InvestIndia NewIndia PMOIndia MEAIndia mnreindia isolaralliance PIB India FMBhutan https t co NCnqhKNjUi , Indiainbhutan , InvestIndia NewIndia ,11643,Thimphu 
2020-10-13 03:31:09, Yid Dave avarxse After 10000th time xf0 x9f x98 x82 https t co LcCBq7We6b , phuzinspurs , ,1280,Thimphu 
2020-10-13 03:26:41, 9th Royal Wedding Anniversary https t co NOtK2ygBFu , tsheridorji , ,239,Thimphu 
2020-10-13 03:08:31, Product made in Bhutan Chuniding 3 combo gift pack Honey Orange apple by Chuniding xe2 x8f xa9 https t co D9BGbxZyhe https t co KEIzlO4KaA , Druksell1 , ,3,Thimphu 
2020-10-13 02:41:35, I offer my humble prayers to our King and Queen for their long life and happiness on the joyous Royal Wedding Anniversary We are the most fortunate citizens to have Their Majesties blessings through thick and thin https t co 1Dsl7nQi7z , FMBhutan , ,4346,Thimphu 
2020-10-13 02:39:31, Just posted a photo https t co ikzF69Yl3l , soonamwalker , ,78,Thimphu 
2020-10-13 02:27:03, On this 9th Royal Wedding Anniversary of our Beloved King and the beautiful Gyaltsun I would like to join the nation in offering my deepest gratitude for Their Majesties love and care and for the world leadership and showing us a clear path and vision Thank you la xf0 x9f x99 x8f xf0 x9f x99 x8f xf0 x9f x99 x8f , ChhedupSangay , ,1157,Thimphu 
2020-10-13 01:34:45, DullinBlack It might make women pregnant how can a man become pregnant xf0 x9f xa4 xa6 xf0 x9f xa4 xa6 xf0 x9f xa4 xa6 , zzezenn , ,2106,Thimphu 
2020-10-13 00:27:01, To protect nature bring down the walls of fortress conservation Opinions Al Jazeera https t co zgBUflEWD4 , pnamgyel , ,688,Thimphu 
2020-10-12 19:55:10, Long Live Their Majesties xf0 x9f x99 x8f xf0 x9f x99 x8f xf0 x9f x99 x8f Palden Drukpa Gyalo BMT Happiness House https t co wSZqA3Sk5I , bhutan majestic , ,1152,Thimphu 
2020-10-12 18:58:24, Offering our sincere best wishes to Their Majesties on the auspicious occasion of the 9th Royal Wedding Anniversary https t co lZ1tyc8OWz , MyBhutan , ,943,Thimphu 
2020-10-12 18:15:11, BMF would like to offer our deepest felicitation and respect to Their Majesties on the joyous occasion of the 9th Royal Wedding Anniversary We pray for long and healthy lives of our Beloved Druk Gyalpo and our Gyaltsuen xf0 x9f x99 x8f xf0 x9f x99 x8f xf0 x9f x99 x8f https t co F0VhtMnLM1 , BhutanMediaFdn , ,894,Thimphu 
2020-10-12 17:48:43, amitmalviya Since 1947 Modiji is the only Prime Minister who made 9 official visits to China xe2 x80 x94 5 times as PM amp 4 times as Chief Minister Gujarat Dr Singh visited only twice while Panditji Rajivji Vajpayeeji and Narsimha Raoji visited only once Why Mr Malviya , vikrantparate , ,30,Thimphu 
2020-10-12 17:43:30, Presenting the second edition of the digital Newsletter of the Embassy of India Thimphu You may access it at this link https t co dQj2G5bDe8 PMOIndia PMBhutan FMBhutan DDNewslive PIB India MEAIndia PBNS India KuenselOnline BBSBhutan business bhutan BhutanT , Indiainbhutan , ,11643,Thimphu 
2020-10-12 17:32:15, urvish2020 Nice one Sir xf0 x9f xa4 xa3 xf0 x9f xa4 xa3 xf0 x9f xa4 xa3 xf0 x9f x99 x8f , vikrantparate , ,30,Thimphu 
2020-10-12 17:25:11, MuseOfBTS How do I download D2 , pixie simpson93 , ,28,Thimphu 
2020-10-12 17:19:53, Just posted a photo Bhutan Mind Vacation Tours https t co PUWR4ufc71 , BMVTNT , ,66,Thimphu 
2020-10-12 17:18:43, sangaykhandu Agree la Yet adherence to election act amp rules amp campaign guidelines which categorically specifies the due process amp conduct of campaigns during an election is also a critical component of free and fair election , Kinleyshering , ,2802,Thimphu 
2020-10-12 17:00:33, Happy wedding Anniversary to the great king and queen of bhutan xe2 x9d xa3 https t co zfcz7ikgy8 , BidhaChencho , ,118,Paro 
2020-10-12 16:31:57, BTS twt Happy birthday baby Moochi xf0 x9f xa5 xb0 xf0 x9f x92 x9c , pixie simpson93 , ,28,Paro 
2020-10-12 16:31:37, Happy Birthday Baby Moochi BTS twt God bless you xf0 x9f xa5 xb3 xf0 x9f x98 x87 borahaeee xf0 x9f xa5 xb0 xf0 x9f x92 x9c https t co DA6Eax1PQe , pixie simpson93 , ,28,Paro 
2020-10-12 16:30:25, Kinleyshering Politicking amp campaigning is a perennial process with or w out notifications It xe2 x80 x98s how the business of politics is conducted Party machinery xe2 x80 x99s existence is testament to that Perhaps deterring electoral corruption is a more pragmatic thing to focus on applicable to any election , sangaykhandu , ,8076,Thimphu 
2020-10-12 16:18:56, lekeydorji For now Bhutanese youth have been coming forward to take up hydropower construction jobs We must support amp sustain that trend by upskilling reskilling youths to build a skilled workforce amp gradually replace foreign workers Good start , Kinleyshering , ,2802,Thimphu 
2020-10-12 16:16:38, Seung ill chukkahaeyo jimin JiminBornToShine JIMINDAY JIMINOURHAPPINESS jimincute Alway shine like a beautiful star Always be happy and stay safe I wish you a day fill with great fun xf0 x9f x92 x9c xf0 x9f x92 x9c xf0 x9f x92 x9c bts bighit BTS twt https t co pqeAXlbLs6 , Purkie0919 , jimin JiminBornToShine JIMINDAY JIMINOURHAPPINESS jimincute ,15,Thimphu 
2020-10-12 16:13:19, TenzingLamsang That s also one reason why we must invest in good films Plus journalistic story telling and filmmaking go together well , Kinleyshering , ,2802,Thimphu 
2020-10-12 16:11:23, Politicking and campaigning on WeChat has already started even before formal election and campaign dates have been announced Is it even legal byeelection ECB bhutan democracy , Kinleyshering , byeelection ECB bhutan democracy ,2802,Thimphu 
2020-10-12 16:11:08, Just posted a photo https t co rEkbjsUjkC , lhakidolma , ,1297,Thimphu 
2020-10-12 15:51:33, In the long run films are the most powerful form of media Nobody remembers a news report from even a week ago but films are remembered for decades and watched by many many more people , TenzingLamsang , ,24582,Thimphu 
2020-10-12 15:47:47, 2 2 Couple of decades ago the portrayal of the press reporter in Bollywood was almost always as the good guy or the underdog fighting villains In the last decade that has changed to press also being portrayed as the villain The recent bloodbath will make that much worse , TenzingLamsang , ,24582,Thimphu 
2020-10-12 15:46:39, that boundry was thanks to streaky edge and he fist pumped never seen a bigger clown , Crocodilovic , ,53,Thimphu 
2020-10-12 15:42:45, 1 2 The real price of abject yellow TRP journalism by Republic amp Times Now against Bollywood will not be paid in the courts It will unfortunately be paid by all journalists in popular culture as Bollywood from its experience will give the worst portrayal of the press in films https t co sbwYyJqhlt , TenzingLamsang , ,24582,Thimphu 
2020-10-12 15:17:37, xf0 x9f x87 xa7 xf0 x9f x87 xb9 13 October xf0 x9f x87 xa7 xf0 x9f x87 xb9 We the family of Business Bhutan wish Their Majesties a happy 9th Royal Wedding Anniversary amp also continue to shower blessings of good health and happiness on the lovely compassionate and caring Royal Couple https t co W5woNXchym , business bhutan , ,11293,Thimphu 
2020-10-12 15:17:32, Dragon35237107 You should not eat Koka all the time la not good for health xf0 x9f xa4 xad , zzezenn , ,2106,Thimphu 
2020-10-12 15:00:01, appelsinjuss I suggest Money Heist btw you need to get used with profanity , BhagiRamKuikel , ,36,Thimphu 
2020-10-12 14:59:57, Marigold She ll never talk about you You know it s getting old But you re still pushing to stay true Now we re drowning in penitence But we re still playing pretense Oh is it over yet Or am I still in debt , Tobgay333 , ,54,Thimphu 
2020-10-12 14:58:30, navikakumar TimesNow aamir khan iamsrk karanjohar Fight for Justice Fight for Truth xf0 x9f xa4 xa3 xf0 x9f xa4 xa3 xf0 x9f xa4 xa3 That was fight for TRP with Republic without even thinking that one innocent is suffering , vikrantparate , ,30,Thimphu 
2020-10-12 14:56:48, jimbeglin officialpes Everton Liverpool 2 2 , BhagiRamKuikel , ,36,Thimphu 
2020-10-12 13:19:40, And every human being has both https t co zA1Aw1SCHN , TingKarr8 , ,44,Thimphu 
2020-10-12 13:14:53, Wishing Their Majesties a Happy 9th Royal Wedding Anniversary https t co 93lfr9RjOK , Kinleyshering , ,2802,Thimphu 
2020-10-12 12:31:32, Chess playing had associated with it the qualities that made a knight good xe2 x80 x9ccunning calculation the ability to bend the rules without dishonourably breaking them xe2 x80 x9d , ChhedupSangay , ,1157,Thimphu 
2020-10-12 12:30:19, SubsidiaRecords KAIVONOFFICIAL That snare bruh xf0 x9f x98 xa4 , Xiao920 , ,98,Thimphu 
2020-10-12 12:30:02, Chess was an aristocratic game and an ability to play it was considered one of the essential knightly skills a skill that was not expected of lesser individuals King John by Stephen Church Know how to play chess , ChhedupSangay , ,1157,Thimphu 
2020-10-12 12:28:03, Here re the 10 Lucky Winners of the eTeeru Recharge Reward Contest 05th October 11th October The 10 000MB data shall be credited into your number Keep recharging from eTeeru to be one of the winners every Monday eteeru epaymentswitheteeru tashicell https t co Ygcfdg207K , TashiCell , eteeru epaymentswitheteeru tashicell ,1836,Thimphu 
2020-10-12 11:32:02, Covid 19 update from Bhutan xf0 x9f x87 xa7 xf0 x9f x87 xb9 Wearing Mask is Mandatory maintain Social Distance use Druk Trace mobile app Wash Hands often Stay Safe xf0 x9f x99 x8f COVID19 BMT Happiness House https t co 33ZzbNhGAO , bhutan majestic , Covid COVID19 ,1152,Thimphu 
2020-10-12 10:50:30, Just posted a photo https t co oJp8o7LmFW , MoHBhutan , ,1708,Thimphu 
2020-10-12 10:40:56, Due to technical problem banking services are offline at the moment and we will inform once restored Our ATMs and branch offices are however available for banking , BankofBhutan , ,1537,Thimphu 
2020-10-12 10:06:54, Extracted from an annual report of a reputed org Despite decreasing revenue in 2019 over 2018 graph is showing increasing trend https t co AEAzqqSIsH , Tobgay3 , ,111,Thimphu 
2020-10-12 09:24:43, Parasjahanzaib1 welcome back dear look great https t co guoTiElLoG , SyedSaa1 , ,1512,Thimphu 
2020-10-12 09:21:37, welcome back Dear Paras https t co t8OEOoYz9C , SyedSaa1 , ,1512,Thimphu 
2020-10-12 08:46:50, As minority bashing of all kinds seems to be the flavor in India impt to remember that there are powerful foreign adversaries looking for cracks within India to exploit Ghengis often sent spies ahead of his army to exploit internal disturbances to crack his enemies from within , TenzingLamsang , ,24582,Thimphu 
2020-10-12 08:40:20, Abdullah former CM of J amp K amp his family have been key in giving legitimacy to India xe2 x80 x99s claims over entire J amp K They were under house arrest for a long time with no charges With domestic institutions failing him he seems to have now turned to foreign ones https t co OLzREV50si , TenzingLamsang , ,24582,Thimphu 
2020-10-12 07:41:12, BigHit Info Give me suggestions please , pixie simpson93 , ,28,Thimphu 
2020-10-12 07:41:04, BigHit Info I can xe2 x80 x99t download it still , pixie simpson93 , ,28,Thimphu 
2020-10-12 07:10:48, Covid19Updates Bhutan Three men who returned from India on 9th Oct tests positive while in quarantine at Phuntsholing They ll be moved to isolation today , kuenzakarma , Covid19Updates Bhutan India Phuntsholing ,1405,Thimphu 
2020-10-12 07:02:36, Lately you xe2 x80 x99ve been thinking more often about a significant pe More for Virgo https t co ytH6jMhay1 , czdorji , ,2319,Thimphu 
2020-10-12 07:01:13, Your mind may be turning to your finances and the legacy you p More for Sagittarius https t co FfKav1h4Nc , kintsho bht , ,30,Thimphu 
2020-10-12 07:01:05, This is a great day to host a socially distanced gathering for More for Taurus https t co EECfQYA8HL , cixx67 , ,1508,Thimphu 
2020-10-12 07:00:16, You are craving new inspiration for your creative pursuits and More for Pisces https t co uojyhA9mo8 , LobzangYeshey1 , ,314,Thimphu 
2020-10-12 06:59:36, Take a look at the key highlights from PM narendramodi s interaction with the beneficiaries of the SVAMITVA Scheme SampatiSeSampanta PMOIndia MEAIndia IndianDiplomacy PIB India PBNS India DDNewslive https t co puyV18Yv31 , Indiainbhutan , SampatiSeSampanta ,11643,Thimphu 
2020-10-12 06:30:23, BleacherReport DGreen 14 They gon say Bob the Builder won a chip Lol , dendup , ,31,Thimphu 
2020-10-12 06:24:30, My girls are growing wish I could freeze this moments Girls day out with Papa and Papa loves it xf0 x9f x98 x98 xf0 x9f x98 x98 kriyesha krinisha daddyslittlegirls Thimphu Bhutan https t co lbkCWh3FQW , bharatbugss , kriyesha krinisha daddyslittlegirls ,64,Thimphu 
2020-10-12 04:37:49, GakiTenzin Be patient and try ur best , ChoklangTenzin , ,36,Thimphu 
2020-10-12 04:30:17, Sangaywk ngawang7 tashidhendup letro darlo Forest Rules 2017 https t co BiN5ZBMpqA , pnamgyel , ,688,Thimphu 
2020-10-12 04:16:19, Integrating nature protection into forest management the Danish way Resilience Blog https t co 2cAozgJx09 via efiresilience , pnamgyel , ,688,Thimphu 
2020-10-12 04:09:44, BharatKoJaniye warm up Mock Quiz Often listed among the richest actors in the world this bollywood star is well known by the title Badshah The King Identify the stalwart of Indian cinema Join BharatKoJaniye Quiz at https t co W8yhrOUUqr PMOIndia OIA MEA MEAIndia https t co ihmN1tQQrl , Indiainbhutan , BharatKoJaniye BharatKoJaniye ,11643,Thimphu 
2020-10-12 04:00:39, Bank of Bhutan https t co bIzrdDt0YL , business bhutan , ,11293,Thimphu 
2020-10-12 03:59:08, College of Language and Culture Studies https t co nbhm19hD2z , business bhutan , ,11293,Thimphu 
2020-10-12 03:55:47, Samtse College of Education https t co m8BvBqYVoi , business bhutan , ,11293,Thimphu 
2020-10-12 03:53:58, Tashi Infocomm Limited https t co 3xTnNVmgF0 , business bhutan , ,11293,Thimphu 
2020-10-12 03:52:09, Tourism Council of Bhutan https t co KVLU5IqYni , business bhutan , ,11293,Thimphu 
2020-10-12 03:51:15, PM narendramodi launched the Physical distribution of Property cards under SVAMITVA Scheme An Integrated Property Validation Solution for Rural India SampatiSeSampanta PMOIndia MEAIndia IndianDiplomacy PIB India PBNS India DDNewslive MIB India https t co JbG4TXk7XQ , Indiainbhutan , SampatiSeSampanta ,11643,Thimphu 
2020-10-12 03:49:16, Artificial intelligence can add more power to the current procurement ecosystem and further add to the economy of India IBM has joined hands with GeM in creating an AI centre of excellence Read more about it here https t co 7rBY7dKlF3 AI PMOIndia MEAIndia IBM https t co R8NaguKn43 , Indiainbhutan , GeM AI ,11643,Thimphu 
2020-10-12 03:07:53, Product made in Bhutan Curcuma Longa ginger capsule 90 capsules by Touch from Heaven xe2 x8f xa9 https t co l6ZhW8RZ7n https t co WFPbcb1SBt , Druksell1 , ,3,Thimphu 
2020-10-12 03:04:12, Sangaywk ngawang7 tashidhendup letro darlo The DoFPS recently asked me how could we increase the timber harvest from 4 to 40 of the net annual increment I suggested implementing the National Forest Thinning Guideline treating timber a renewable resource amp moving from control to facilitation mode of forest management , pnamgyel , ,688,Thimphu 
2020-10-12 01:58:13, Yeah Finally Its international girl child s day I am very proud to be a girl xe2 x9d xa3 xf0 x9f x98 x98 Shout out to all the gorgeous girls there xe2 x9d xa3 xe2 x9d xa3 xe2 x9d xa3 , BidhaChencho , ,118,Paro 
2020-10-12 01:51:22, pchilimzam Yes la never a good idea to remove take artefacts from sites other than to study and with permission Removal happening here as well not sure what kind of documentation is being done xf0 x9f x99 x84 , kuengawangmo , ,1924,Thimphu 
2020-10-12 01:48:28, xe2 x80 x9cA dog is the only thing on earth that loves you more than you love yourself xe2 x80 x9d xe2 x80 x93 Josh Billings https t co M4Ai51VJLV , lyarrba , ,3,Thimphu 
2020-10-11 20:02:29, DCfromN17 1GAVINNORTH SpursOfficial I say the fantasy football crazies there , phuzinspurs , ,1280,Thimphu 
2020-10-11 17:30:12, xe2 x80 x9cSince it is so likely that children will meet cruel enemies let them at least have heard of brave knights and heroic courage xe2 x80 x9d C S Lewis , GenuineShadow , ,372,Thimphu 
2020-10-11 16:40:07, My respect for Rahul has gone up by quite a few notches It is easy for any politician to exploit the fault lines in a society and to appeal to its prejudices and fears to win power It takes a real leader to tell the people they are wrong The truth shall set you free https t co 3Gsia6tTAd , TenzingLamsang , ,24582,Thimphu 
2020-10-11 16:09:55, Today you showed the King of a Clay Djokovic pays tribute to Rafa on his 20th Grand Slams The King rule the world of Clay as well as the Tennis RolandGarros , ChhedupSangay , RolandGarros ,1157,Thimphu 
2020-10-11 16:07:57, Tsherin28698617 Beyond appreciation xf0 x9f x99 x8f xf0 x9f x99 x8f xf0 x9f x99 x8f , 17750879 , ,35,Thimphu 
2020-10-11 16:06:35, 20 Grand Slams in 2020 That s Rafa RolandGarros https t co GlHtSvRfRe , ChhedupSangay , RolandGarros ,1157,Thimphu 
2020-10-11 16:00:24, This shows everything 102 matches and 100 wins RolandGarros https t co Sx70VaWtNg , ChhedupSangay , RolandGarros ,1157,Thimphu 
2020-10-11 15:59:15, With this win Rafa Nadal equalises Roger Federer in Men s Single Grand Slam Title They both have 20 great trophies each on their shelf Congratulations xf0 x9f x8e x8a RolandGarros , ChhedupSangay , RolandGarros ,1157,Thimphu 
2020-10-11 15:54:13, That s RAFA Nadal wins the RolandGarros , ChhedupSangay , RolandGarros ,1157,Thimphu 
2020-10-11 15:45:43, Djokovic complaining a lot What for RolandGarros , ChhedupSangay , RolandGarros ,1157,Thimphu 
2020-10-11 15:00:47, MakiAriana GJosephRoche pchilimzam Yes Thank you Ari xf0 x9f x8c xb8 xf0 x9f x99 x8f , kuengawangmo , ,1924,Thimphu 
2020-10-11 14:33:54, Women still have to fight harder against systematic barriers amp patriachial norms perpetuated by old narrow minded male leaders Recently of the 17 applicants for a CEO s position only one was female Despite meeting all criteria she wasn t even shortlisted DayOfTheGirl , Kinleyshering , DayOfTheGirl ,2802,Thimphu 
2020-10-11 14:26:31, How I wish Nadal to lift this trophy Go Rafa https t co Wn5d2OJiTQ , ChhedupSangay , ,1157,Thimphu 
2020-10-11 12:15:18, Just posted a photo https t co 4o0YhqRRgR , Khamsa , ,295,Thimphu 
2020-10-11 10:49:32, Authors and Reviewer Training for the 2nd Editorial Board xc2 xa0Members https t co OX0LKQQ2hr , umsb123 , ,51,Thimphu 
2020-10-11 07:25:24, Operation of the University xc2 xa0Canteen https t co XNJ37fc3Se , umsb123 , ,51,Thimphu 
2020-10-11 07:11:31, BHTFLASHNEWS JigsNews GJosephRoche MakiAriana pchilimzam Need another deciphering what is xe2 x80 x9ctoko toko xe2 x80 x9d la xf0 x9f x98 x85 xf0 x9f x98 x8b , kuengawangmo , ,1924,Thimphu 
2020-10-11 07:02:36, Today is a great day to use your imagination and tap into your More for Virgo https t co ytH6jMhay1 , czdorji , ,2319,Thimphu 
2020-10-11 07:01:13, You love to expand your mind and learn something new and toda More for Sagittarius https t co FfKav1h4Nc , kintsho bht , ,30,Thimphu 
2020-10-11 07:01:05, A loved one may contact you today for some help Though you no More for Taurus https t co EECfQYA8HL , cixx67 , ,1508,Thimphu 
2020-10-11 07:00:16, You prefer to listen to music and chill rather than breaking a More for Pisces https t co uojyhA9mo8 , LobzangYeshey1 , ,314,Thimphu 
2020-10-11 06:42:47, Happy International Day of the Girl Child Wishing all girls around the world get equal opportunities to realize their full potential powertogirls https t co YWsRdmZ7oS https t co ruIFehsv05 , Kinleyshering , powertogirls ,2802,Thimphu 
2020-10-11 06:08:00, Wishing happy international day of the girl child May every girl realize their dream through safe and equal access to opportunities DayOfTheGirl , FMBhutan , DayOfTheGirl ,4346,Thimphu 
2020-10-11 06:05:59, Covid19Updates Bhutan Phuntsholing One 29 year old IMTRAT personnel and another 41 year old expatriate male worker tests positive yesterday The second case fled quarantine and reached his home on the other side today morning , kuenzakarma , Covid19Updates Bhutan Phuntsholing IMTRAT ,1405,Thimphu 
2020-10-11 06:04:51, Ping s Dynasty eats homecooked stir fried vermicelli noodles and oatmeal crusted soft shell crabs made by mrs faith ramos on our blue and white table set up SundayEats HomeCooking eeeeats SoftShellCrabs https t co aAwIhBvbYs , LovenRamos , SundayEats HomeCooking eeeeats SoftShellCrabs ,2114,Bhutan 
2020-10-11 05:24:21, A landmark day for rural development Do join the programme at 11 AM SampatiSeSampanta PMOIndia narendramodi PIB India MEAIndia IndianDiplomacy PBNS India DDNewslive KuenselOnline BBSBhutan https t co ygaHyNB2lc , Indiainbhutan , SampatiSeSampanta ,11643,Thimphu 
2020-10-11 04:53:43, Covid 19 update from Bhutan xf0 x9f x87 xa7 xf0 x9f x87 xb9 Wearing Mask is Mandatory maintain Social Distance use Druk Trace mobile app Wash Hands often Stay Safe xf0 x9f x99 x8f COVID19 BMT Happiness House https t co niKTy7rRww , bhutan majestic , Covid COVID19 ,1152,Thimphu 
2020-10-11 04:45:29, My dearest fellow countrymen corona virus pandemic is far from over and pandemic denial and fatigue shouldn xe2 x80 x99t overtake risking our lives though livelihood and learning to live with corona virus is important , nstshempo , ,169,Thimphu 
2020-10-11 04:17:14, good morning beautiful enjoy beautiful Sunday take care https t co 0Mxe9Y5PyH https t co O9uLcqfIj2 , SyedSaa1 , ,1512,Thimphu 
2020-10-11 04:12:32, TenzinNorbuLam2 GJosephRoche MakiAriana pchilimzam Thank you Yes the current owner acquired it from a Tibetan lama who has since passed so this is highly probable la , kuengawangmo , ,1924,Thimphu 
2020-10-11 03:54:54, BharatKoJaniye warm up Mock Quiz Who is the present occupant of the Rashtrapati Bhavan at New Delhi 1 Ram Nath Kovind 2 APJ Abdul Kalam 3 Narendra Modi 4 Pranab Mukherjee Join BharatKoJaniye Quiz at https t co W8yhrODjyT PMOIndia OIA MEA MEAIndia WIONews livemint https t co 1C26WeYjvq , Indiainbhutan , BharatKoJaniye BharatKoJaniye ,11643,Thimphu 
2020-10-11 03:50:42, beautiful Sujata good morning enjoy Sunday https t co vyk53tazeR https t co FIJ8MwKImK , SyedSaa1 , ,1512,Thimphu 
2020-10-11 03:34:36, Have you taken the Jan Andolan Unite2FightCorona pledge If not pledge now Take all the necessary precautions to stay safe and defeat COVID 19 https t co VGinGWz36A xe2 x80 xa6 IndiaFightsCorona PMOIndia MEAIndia IndianDiplomacy mygovindia PIB India MIB India https t co EVzyL9w5vG , Indiainbhutan , Unite2FightCorona IndiaFightsCorona ,11643,Thimphu 
2020-10-11 03:16:19, Can anyone shed some light on what this horyig on the seal says There xe2 x80 x99s no provenance so don xe2 x80 x99t know to whom it originally belonged Many thanks GJosephRoche MakiAriana pchilimzam https t co nfmz6W19lY , kuengawangmo , ,1924,Thimphu 
2020-10-11 01:16:07, Just posted a video Pamtsho https t co V6TGOobmZK , dawazangpo609 , ,63,Bhutan 
2020-10-10 21:18:55, steppeherbs I will listen , Caniiibal , ,170,Thimpu 
2020-10-10 21:16:18, steppeherbs sits and listens 2 you ramble on with my chin in my hands , Caniiibal , ,170,Thimpu 
2020-10-10 18:54:34, It xe2 x80 x99s very true that xe2 x80 x99s why we need the power the Holy Spirit https t co b2xhsUw6bY , iBikashstephen , ,41,Thimphu 
2020-10-10 18:30:40, Indeed xf0 x9f x99 x8f xf0 x9f x99 x8f xf0 x9f x99 x8f https t co IHcjbvgcWf , BrezzyNemo , ,16,Thimphu 
2020-10-10 17:50:02, LhendupDema Cupid stupid , VinEoithipro , ,12,Thimphu 
2020-10-10 15:15:53, Why Bhutanese vegetables are more expensive https t co 55p0czIozb , TenzingLamsang , ,24582,Thimphu 
2020-10-10 14:54:49, At a time when the overall unempmoyment rate is projected to sharply increase from the current 2 7 to 12 young Bhutanese filling up vacancies in PHP I amp II created by the exodus of foreign workers is a welcome news https t co 9fxqUAjYoH , Kinleyshering , ,2802,Thimphu 
2020-10-10 14:28:52, Happy world mental health day 10 10 2020 Pcc thromde , sgurung , Pcc thromde ,117,Thimphu 
2020-10-10 14:19:16, Bizarre News a foreign worker who tested covid positive while in quarantine and was moved to the isolation ward in Phuentsholing escapes and reaches his home town https t co 2a5ziDlz0L , Kinleyshering , ,2802,Thimphu 
2020-10-10 14:09:49, sonam t At times appears like covid is used as an excuse to push certain agenda political or business at the cost of poor vulnerable people , Kinleyshering , ,2802,Thimphu 
2020-10-10 13:57:02, This month is all about Pumpkin It is orange in color When we talk about color it means it has some important vitamins amp minerals immunitybooster GoodforEyesight promotesweightLoss goodforHeartHealth Always include colorful food to get all nutrients required Octokin https t co g7JJChQdn2 , kunzangdeki , immunitybooster GoodforEyesight promotesweightLoss goodforHeartHealth Octokin ,111,Thimphu 
2020-10-10 13:51:49, sWalker edition https t co WbELdehfMy number8 soonamwalker SoonamWalker PhotoGraphy photography art edition PicsArt ros xc3 xa8 ros xc3 xa8 flowers pink red beautiful purpose photooftheday photography nature https t co x58n8kVGqI , soonamwalker , number8 soonamwalker SoonamWalker PhotoGraphy photography art edition PicsArt ros ros flowers pink red beautiful purpose photooftheday photography nature ,78,Thimphu 
2020-10-10 12:27:22, Congratulations WFP for Nobel Peace Prize 2020 Helped a lot in Bhutan for people like us to go to school in first place and stay on WFP NobelPeacePrize2020 , PhurbaPhuba , WFP NobelPeacePrize2020 ,752,Thimphu 
2020-10-10 12:18:05, When I sleep during day My head aches xf0 x9f x98 xab Shit , karma chodey , ,5,Bhutan 
2020-10-10 11:56:57, DorjiWangchuk jamja79 business bhutan It was under the Financial Services Act that sector clearance was sought Proposals were made and failed to gain approval more than 4 years ago Central Bank xe2 x80 x99s concern may have been the lack of control over the technology , sangaykhandu , ,8076,Thimphu 
2020-10-10 11:20:50, How to vitalize https t co R4It4jmhjQ , champacacafe , ,13,Paro 
2020-10-10 10:51:35, Presenting the xe2 x80 x9cMonth That Was xe2 x80 x9d of September 2020 Glimpses of the Embassy of India xe2 x80 x99s activities through September 2020 MonthThatWas PMOIndia PMBhutan DrSJaishankar harshvshringla MEAIndia FMBhutan PIB India PBNS India DDNewslive KuenselOnline BBSBhutan BhutanT https t co WtxHBxDoab , Indiainbhutan , MonthThatWas ,11643,Thimphu 
2020-10-10 10:17:16, JonCAustin Lord Sugar Wow Do you live there , phuzinspurs , ,1280,Thimphu 
2020-10-10 09:07:16, beautiful life https t co Du9OWPMaUN , SyedSaa1 , ,1512,Thimphu 
2020-10-10 08:54:49, Autumn season and leaves are falling https t co pWNEdceo8d , champacacafe , ,13,Paro 
2020-10-10 08:49:51, Pushed to the brink vendors protest by turning up at the CFM with their goods Following this bold move by the vendors the government quickly relented to reopen CFM at a reduced capacity from Wednesday democracyinaction https t co 8YukfqiMZ6 , Kinleyshering , democracyinaction ,2802,Paro 
2020-10-10 08:11:12, Congratulations to wfp wfp bhutan on receiving NobelPeacePrize2020 Enroute to Laya school April 2015 https t co rqzwsoP2Uz , sangaykhandu , NobelPeacePrize2020 ,8076,Thimphu 
2020-10-10 07:24:38, good morning dear soul lover https t co wAa6Su4Oyv https t co V4uFOps1H1 , SyedSaa1 , ,1512,Thimphu 
2020-10-10 07:02:35, All work and no play doesn xe2 x80 x99t make you happy and life is too sh More for Virgo https t co ytH6jMhay1 , czdorji , ,2319,Thimphu 
2020-10-10 07:01:13, You xe2 x80 x99ve been busy helping the world become a better place and t More for Sagittarius https t co FfKav1h4Nc , kintsho bht , ,30,Thimphu 
2020-10-10 07:01:05, If you xe2 x80 x99ve been feeling like a change of scenery you might con More for Taurus https t co EECfQYA8HL , cixx67 , ,1508,Thimphu 
2020-10-10 07:00:16, You xe2 x80 x99ve been swamped with work and engagements lately and you xe2 x80 x99r More for Pisces https t co uojyhA9mo8 , LobzangYeshey1 , ,314,Thimphu 
2020-10-10 06:42:22, amtgpta IgnazioMagnani kuengawangmo TashiGyeltshen Chhimmy Tdorjigs es yangdon sangaykhandu nadirypatel dtwangchuk mistyterrace RuchiraKamboj Should be 30 minutes later , TenzingLamsang , ,24582,Thimphu 
2020-10-10 06:41:39, Today is World Mental Health Day a day that provides us an opportunity to talk about mental health and what more needs to be done to make mental health care a reality for people worldmentalhealthday shapers shapersthimphu mentalhealthmatters https t co AHEYJ9NzbK , ShapersThimphu , worldmentalhealthday shapers shapersthimphu mentalhealthmatters ,23,Thimphu 
2020-10-10 06:28:35, Soonam Walker graphics is awesome with edition https t co WbELdehfMy number8 soonamwalker SoonamWalker PhotoGraphy photography art edition PicsArt picsartedit picsartediting picsartapp effective pictureoftheday signatures photography nature lovers throwback https t co kPRHO7Vf3h , soonamwalker , number8 soonamwalker SoonamWalker PhotoGraphy photography art edition PicsArt picsartedit picsartediting picsartapp effective pictureoftheday signatures photography nature lovers throwback ,78,Thimphu 
2020-10-10 05:57:27, ye combat aircraft Israel main ye larkiyan urati hain https t co ErBhs29zkl , SyedSaa1 , ,1512,Thimphu 
2020-10-10 05:07:33, Economic Times report on the xe2 x80 x9cIndian Foreign Service completing 74 years xe2 x80 x9d by DipanjanET IndianForeignService ServingTheNation PMOIndia MEAIndia IndianDiplomacy PIB India DrSJaishankar harshvshringla PBNS India DDNewslive KuenselOnline https t co 1ufJmx99um , Indiainbhutan , IndianForeignService ServingTheNation ,11643,Thimphu 
2020-10-10 04:52:10, BharatKoJaniye warm up Mock Quiz How is India s first interplanetary mission Mars Orbiter Mission better known among Indians a Mangalyaan b Chandrayaan c Aryabhatta d Gaganyaan Join BharatKoJaniye Quiz at https t co W8yhrOUUqr PMOIndia MEAIndia WIONews https t co zhYRxTF5Yo , Indiainbhutan , BharatKoJaniye BharatKoJaniye ,11643,Thimphu 
2020-10-10 04:42:54, blacked com The team needs to seriously consider an offer for Kayden Kross veronavandeleur and CameronDiaz This will ensure global phenomenon and take your company to the next level , Dtsheringalias2 , ,33,Thimphu 
2020-10-10 04:32:59, Business Bhutan of date reports on the handing over of a portable Digital X ray machine to Bhutan xf0 x9f x87 xa7 xf0 x9f x87 xb9 xf0 x9f x87 xae xf0 x9f x87 xb3 Solidarity PMOIndia MEAIndia IndianDiplomacy PIB India PBNS India DDNewslive https t co bNriec5uo0 , Indiainbhutan , Solidarity ,11643,Thimphu 
2020-10-10 04:32:16, Israel welcomes all the peoples of the earth this is how it was and so it became Defense Army Middle East Lighthouse women in the past and present xc2 xb7 xc2 xb7 https t co YbGkgwYYfc , SyedSaa1 , Defense ,1512,Thimphu 
2020-10-10 04:30:49, Just in case you missed it Here is a short video reflecting the various roles played by amp diverse tasks performed by the IndianForeignService https t co R5RM5L1HRR ServingTheNation PMOIndia MEAIndia IndianDiplomacy DDNewslive PIB India PBNS India , Indiainbhutan , IndianForeignService ServingTheNation ,11643,Thimphu 
2020-10-10 04:22:02, very unusual question Chawi sb In face book girls offers boys for rest of live balance if they loyal with them for ever https t co l3tazQAB0v https t co empHRU4n44 , SyedSaa1 , ,1512,Thimphu 
2020-10-10 03:55:54, tshomougyen2001 Good day to you too Stay safe , kezaphuntsho , ,14,Thimphu 
2020-10-10 03:05:29, Product made in Bhutan Traditional Bhutanese wallet by RENEW xe2 x8f xa9 https t co t1LOfqIald https t co APlw79TFrp , Druksell1 , ,3,Thimphu 
2020-10-10 03:03:21, Rituvermapuri I was at Prof Conningham xe2 x80 x99s site in Lumbini a few years ago What an excellent team they let me dig with them too xf0 x9f x99 x82 , kuengawangmo , ,1924,Thimphu 
2020-10-10 02:28:37, JigsNews You should forget yours too Both of us will wear pangtse bikini suit xf0 x9f x98 x81 , zzezenn , ,2106,Thimphu 
2020-10-10 02:24:08, JigsNews Make it into reality soonish xf0 x9f x98 x9c , zzezenn , ,2106,Thimphu 
2020-10-10 02:06:41, Take care of your mental health Not just today everyday xe2 x80 x99 worldmentalhealthday worldmentalhealthday2020 helloyellow Bhutan https t co 1uCf9ZkSE2 , TashiCell , worldmentalhealthday worldmentalhealthday2020 helloyellow Bhutan ,1836,Thimphu 
2020-10-10 01:28:29, KIRUCHl Huhu hi ty for doing this Im Cani I just like making stupid characters n drawing fanart https t co 7OwrMbVnuD , Caniiibal , ,170,Thimpu 
2020-10-09 17:56:52, NeelSrichandan rkhuria2 What about oxygen from air , vikrantparate , ,30,Thimphu 
2020-10-09 17:52:04, UgyenNorten3 lol then each and every person should try inserting glass inside their head It would be mutual then , ha na 08 , ,919,Thimphu 
2020-10-09 17:50:25, what do you see in this numbers 10102020 Nothing it s tomorrow date seems unique , ChadoLingpa , ,71,Thimphu 
2020-10-09 17:02:53, Kajackies AHH THANK YOU KAJI I LOVE U xf0 x9f x92 x96 xf0 x9f x92 x96 , Caniiibal , ,170,Thimpu 
2020-10-09 17:02:33, Met with few Honorary Consuls Generals today to solicit their support in recruiting Master Trainers to train our youths Thankful for their continued support https t co 6cf8KYEjl2 , FMBhutan , ,4346,Thimphu 
2020-10-09 17:00:00, Thank you Your Majesty the Great Fourth So so blessed to be Bhutanese xf0 x9f x99 x8f xf0 x9f x99 x8f xf0 x9f x99 x8f , ChhedupSangay , ,1157,Thimphu 
2020-10-09 16:52:39, SouthAsianArtists xf0 x9f x87 xa7 xf0 x9f x87 xb9 Hello I m Tshering Cani I m a Bhutanese artist and I just like drawing characters https t co oYl0GLG8If , Caniiibal , SouthAsianArtists ,170,Thimpu 
2020-10-09 16:41:53, robwhittakermma ufc UFC AUSNZ You are never no easy challenge champ , dendup , ,31,Thimpu 
2020-10-09 16:10:50, AzusaKubota UNDP Bhutan UNDPasiapac I cannot decipher this , TingKarr8 , ,44,Thimphu 
2020-10-09 16:09:24, Long time ago there was a time where religious women governed religious men That was the life at Fontevraud , ChhedupSangay , ,1157,Thimphu 
2020-10-09 16:02:41, China should distribute the COVID19 vaccine free of cost https t co N5j9s3dwAr , ChhedupSangay , COVID19 ,1157,Thimphu 
2020-10-09 15:47:48, Just posted a photo https t co 3IiQOUvGdH , soonamwalker , ,78,Thimphu 
2020-10-09 15:41:28, France was called Frankia before , ChhedupSangay , ,1157,Thimphu 
2020-10-09 15:02:29, Magna Carta was a direct consequence of the conflict between a king bent on ruling as he wished and a community of the realm determined to limit the king xe2 x80 x99s freedom of action and not only that but also to limit his successors xe2 x80 x99 freedom of action King John by Stephen Church , ChhedupSangay , ,1157,Thimphu 
2020-10-09 14:40:53, grhumphrey If you have internet all matches are free I xe2 x80 x99ve been watching it for free for the last 16 years xf0 x9f x98 x9c , phuzinspurs , ,1280,Thimphu 
2020-10-09 14:40:31, mufaddal vohra The momentum , ugyen , ,145,Thimphu 
2020-10-09 14:32:18, Just posted a photo https t co OApo6R9SQH , soonamwalker , ,78,Thimphu 
2020-10-09 14:21:33, Soonam Walker edition https t co WbELdehfMy number8 soonamwalker SoonamWalker PhotoGraphy alanwalker sounds dj alanwalker alanwalkermusic fan lovers greatest alanwalker https t co 4v3y7m9cGA , soonamwalker , number8 soonamwalker SoonamWalker PhotoGraphy alanwalker sounds dj alanwalker alanwalkermusic fan lovers greatest alanwalker ,78,Thimphu 
2020-10-09 13:30:13, Political dr sarahmarb These are Monsters should have been arrested immediately for the safety of society , vikrantparate , ,30,Thimphu 
2020-10-09 12:22:07, Was starting to feel a bit sorry for Arnab yesterday as he was almost in tears TRP fixing is a group sport amp Sena has an axe to grind but saw him online pushing debunked honor killing theory on Hathras amp realized there is no redemption for this poor excuse for a human being , TenzingLamsang , Hathras ,24582,Thimphu 
2020-10-09 12:07:06, wfp bhutan wfp congratulations on the NobelPeacePrize2020 schools across Bhutan have benefited immensely from the support This consignment for Laya gewog school feeding programme taken April of 2015 NobelPrize https t co BdZTxjXWAr , sangaykhandu , NobelPeacePrize2020 ,8076,Thimphu 
2020-10-09 12:00:57, Just posted a photo Paro Bhutan https t co DU3LclSg6D , damchorinzin , ,564, 
2020-10-09 11:56:44, UNICEFBhutan Thank you teachers xf0 x9f x99 x8f , TenzingLamsang , ,24582,Thimphu 
2020-10-09 11:54:26, Nobel Peace Price for organisation not for individual xf0 x9f x91 x8c xf0 x9f x91 x8c xf0 x9f x91 x8c https t co ZdEbyVb5cR , ChhedupSangay , ,1157,Thimphu 
2020-10-09 11:48:25, Wishing all friends at MEA and Indian missions abroad a very happy IndianForeignService Day , FMBhutan , MEA IndianForeignService ,4346,Thimphu 
