2020-09-10 10:08:27, Prime Time on Indian News Stations https t co t2xA10R5rT , TenzingLamsang , ,24439,Thimphu 
2020-09-10 10:06:52, Along with Covid 19 DeSuung Pin we are fortunate to receive Sungki amp Thrichu for our Nyamroos Long Live Our Supreme Commander xf0 x9f x99 x8f xf0 x9f x99 x8f xf0 x9f x99 x8f Thimphu Bhutan https t co BEmd8lV2wB , bhutan majestic , ,1144,Thimphu 
2020-09-10 09:58:42, Fall In for DeSuup Covid 19 Pin Ceremony from Super Zone 4 Changbangdu Kuenselphodrang Thimphu https t co r7kaiqjOVT , bhutan majestic , ,1144,Thimphu 
2020-09-10 09:57:04, My King is My Hero DeSuup Covid 19 Pin Thimphu Bhutan https t co KYJEyArRyM , bhutan majestic , ,1144,Thimphu 
2020-09-10 09:55:48, With Super Zone 1 Babesa Outgoing Super Zone Gojay Ata Wangchuck amp Sub Gojays after the Handing amp Taking Ceremony The Tsenden Boutique https t co lLxa8EetLm , bhutan majestic , ,1144,Thimphu 
2020-09-10 09:54:24, Handing amp Taking of Super Zone 1 Babesa from Ata Wangchuck Thank you Ata Sub Gojays and Fellow Nyamroos for all your Service to Babesa Super Zone Community and I commit to continue and do my best The Tsenden Boutique https t co qMA5Vg72yk , bhutan majestic , ,1144,Thimphu 
2020-09-10 09:47:09, thebhutanese Confusing , PhuntshoWangs , ,33,Thimphu 
2020-09-10 09:22:12, PM narendramodi reviews development work at Kedarnath Dham stresses on need to have pilgrim environment friendly facilities https t co Ixx63NcfNO PMOIndia MEAIndia PIB India IndianDiplomacy PBNS India DDNewslive PMBhutan FMBhutan , Indiainbhutan , ,11239,Thimphu 
2020-09-10 09:12:29, When you have absolutely no arsenal in store for her Dove I may not have the Earth or the wealth but I can assure you I have no family history of diabetes mellitus or hypertension , Tobgay333 , ,46,Thimphu 
2020-09-10 09:05:11, The Ministry of Agriculture and Forests shares the pricelist for onion and tomato to prevent exorbitant rates charged by wholesaler and retailers https t co YchFB485J0 https t co V2PvuYKVE1 , moafbhutan , pricelist ,483,Thimphu 
2020-09-10 07:19:04, Little too excited even though you are 21 days away and imagine how excited I would be when only 1 day is left xf0 x9f xa4 xaa xf0 x9f xa4 xaa happyfeeling lovelife homecoming , ha na 08 , happyfeeling lovelife homecoming ,848,Thimphu 
2020-09-10 07:10:43, Maldives and Sri Lanka receives citation from WHO for having eliminated the Rubella WHO 73RCmeeting , ugyentse , WHO 73RCmeeting ,87,Thimphu 
2020-09-10 07:03:31, In view of the high demand from the general public the MoAF is facilitating the import of onions and tomatoes through Food Corporation of Bhutan Limited https t co czmMgImwGK , moafbhutan , ,483,Thimphu 
2020-09-10 07:02:31, Because you are such a practical realist you may find the inf More for Virgo https t co ytH6jMhay1 , czdorji , ,2317,Thimphu 
2020-09-10 07:01:10, You may be in the role of confidante or therapist today as a f More for Sagittarius https t co FfKav1h4Nc , kintsho bht , ,30,Thimphu 
2020-09-10 07:01:02, Today you are being called to integrate your spiritual ideals More for Taurus https t co EECfQYA8HL , cixx67 , ,1506,Thimphu 
2020-09-10 07:00:15, Today is a magnificent opportunity for beautifying your home a More for Pisces https t co uojyhA9mo8 , LobzangYeshey1 , ,316,Thimphu 
2020-09-10 06:58:15, Animal husbandry and breed management goes digital PM narendramodi to launch e Gopala app and Pradhan Mantri Matsya Sampada Yojana on 10 September 2020 Read more details here https t co HIvJxMKxfR xe2 x80 xa6 PMOIndia MEAIndia AgriGoI IndianDiplomacy WIONews PIB India https t co hTlFOetPkd , Indiainbhutan , ,11239,Thimphu 
2020-09-10 06:53:05, ChelseaFC What about Malang sarr , UgyenTobgyel , ,113,Thimphu 
2020-09-10 06:46:16, qiyana Just R , PKzY3 , ,2,Thimphu 
2020-09-10 06:24:05, To all Bhutanese friends please participate in Gandhi 150 Art Competion organised by Embassy of India Thimphu https t co e1qoL1HfL1 , Ashishdabas19 , ,16,Thimphu 
2020-09-10 05:51:45, caricatured xf0 x9f xa4 xa3 xf0 x9f xa4 xa3 xf0 x9f xa4 xa3 it s a blast xf0 x9f x98 x82 xf0 x9f x98 x82 , vikrantparate , ,22,Thimphu 
2020-09-10 05:42:22, Competition times are here again this time it xe2 x80 x99s art In the backdrop of Gandhi 150 EOI amp the National Institute for Zorig Chusum announce an art competition showcasing the linkages b w Gandhiji amp UN SDGs Please see details at https t co oFZjwRF0A4 PMBhutan FMBhutan https t co C9IUSpa55G , Indiainbhutan , ,11239,Thimphu 
2020-09-10 04:57:51, Thank you their Majesties for tireless working for keeping all Bhutanese safe from the current pandemic bhutan kingjigme COVID19 kingofbhutan https t co wCLP0ogTMD , jignor7 , bhutan kingjigme COVID19 kingofbhutan ,110,Thimphu 
2020-09-10 04:55:15, No gas at two of the popular outlets in Thimphu Motithang And Chubachu BODs KuenselOnline BBSBhutan thebhutanese Energy shortage , Khampaa , ,3823,Thimphu 
2020-09-10 03:47:21, Department of Agricultural Marketing and Cooperatives Annual Report 2019 20 is available online https t co a15yiYjJAN https t co OcDDW23WQD , moafbhutan , ,483,Thimphu 
2020-09-10 03:44:40, National Soil Service Centre Annual Report 2019 20 is available online https t co hTlkyBJJ6l https t co AzdcTcfU50 , moafbhutan , ,483,Thimphu 
2020-09-10 03:08:20, karen tshering I tweeted the same yesterday , namgayzam , ,24035,Thimphu 
2020-09-10 03:03:27, A nostalgic image of World Suicide Prevention day 2019 Let us work in advocating against suicide suicide WorldSuicidePreventionDay worldsuicidepreventionday2020 RTC https t co wIxOn3YIBw , NaturalistKumar , suicide WorldSuicidePreventionDay worldsuicidepreventionday2020 RTC ,35,Thimphu 
2020-09-10 02:53:30, Great message here Wonderful paper by PeteOSullivanPT amp jpcaneiro https t co idgUz901mB , monutamang , ,320,Thimphu 
2020-09-09 19:04:44, namgayzam Trump might win peace prize xf0 x9f x98 x82 xf0 x9f x98 x82 , dorji yenten , ,22,Thimphu 
2020-09-09 19:03:49, COVID 19 update from Bhutan xf0 x9f x87 xa7 xf0 x9f x87 xb9 Stay Safe xf0 x9f x99 x8f Thimphu Bhutan https t co HxclXDWFSS , bhutan majestic , COVID ,1144,Thimphu 
2020-09-09 18:18:34, GcwaOnline Druk have applied to your federation of entertaining wrestling Please let Druk know your decision on his fate Or the fate of all you have roster HA HA HA , BhutanBeast , ,32,Thimphu 
2020-09-09 18:08:49, Here xe2 x80 x99s my silver lining for 2020 https t co acJXeM6KOL , namgayzam , ,24035,Thimphu 
2020-09-09 17:59:44, First Donation Thank You for donating Blood There is no substitute for blood it only comes from generous donors like You Please continue this Noble Act Stay Home Stay Safe Message from RGoB xf0 x9f x87 xa7 xf0 x9f x87 xb9 https t co X8arBsVxNS , NaturalistKumar , ,35,Thimphu 
2020-09-09 17:54:49, phuntsho karma And Lams and even Rinpoches of dubious origin , sandeeps13 , ,278,Thimphu 
2020-09-09 17:34:22, thebiiddhya Ya 2020 is a scene full of climax and comedy Lol , NaturalistKumar , ,35,Thimphu 
2020-09-09 17:31:56, thebiiddhya That is a new game in 2020 Haha , NaturalistKumar , ,35,Thimphu 
2020-09-09 17:08:59, Personally I ll never forget this goal Just around 5 minutes following the goal in 2011 thimphu experienced earthquake Elation to panic in secs It was a terrifying experience but just like goal the quak the panic it s all ephemeral SpursOfficial coys THFC https t co fbJZiyTKPH , Tobgay333 , coys THFC ,46,Thimphu 
2020-09-09 15:52:16, SaketGokhale xe0 xa4 xab xe0 xa4 xbe xe0 xa4 x9f xe0 xa4 xb2 xe0 xa5 x80 xe0 xa4 xac xe0 xa4 x98 xe0 xa4 xbe She is the person who want hear and enjoy her own echo They cannot digest criticism , vikrantparate , ,22,Thimphu 
2020-09-09 15:26:15, I thought Trump xe2 x80 x99s nomination for the Nobel Peace Prize was fake news xf0 x9f x98 xb1 , namgayzam , ,24035,Thimphu 
2020-09-09 15:17:25, satishacharya He is postman infact we should say poor reporting by mentality bankrupt reporters , vikrantparate , ,22,Thimphu 
2020-09-09 15:14:56, LhendupDema Haha u think so , Norbu12 , ,47,Thimphu 
2020-09-09 14:12:55, Druk ready to make money Make it rain on Druk GiveMeAJob RPfeds IWillBeYourChampon , BhutanBeast , GiveMeAJob RPfeds IWillBeYourChampon ,32,Thimphu 
2020-09-09 13:19:10, Update A rumour circulating on social media stating that there will be another lockdown in the country beginning 11th September 2020 is NOT TRUE We request the public to please refrain from panic buying and xe2 x80 xa6 https t co 7PpXG1TzLE , MoHBhutan , ,1666,Thimphu 
2020-09-09 13:04:24, youneshh I am really concern on injury , TsheringJatsho , ,14,Thimphu 
2020-09-09 11:44:49, tweetsvirat RoadsOfMumbai Extraordinary journalism xf0 x9f x98 x82 xf0 x9f x98 x82 xf0 x9f x98 x82 , vikrantparate , ,22,Thimphu 
2020-09-09 09:22:54, kinzaktc Delightful xf0 x9f x98 x8d , bista geeta , ,2,Thimphu 
2020-09-09 09:20:00, ShinyAqsa great post Aqsa https t co howjbPJOEY , SyedSaa1 , ,1543,Thimphu 
2020-09-09 09:19:37, Making use of leisure time during lock down becoming self made Interior Designer https t co oBY0Iz5byV , bista geeta , ,2,Thimphu 
2020-09-09 09:14:21, Soon after national lock down The feeling of fresh touch https t co Ou387OtYXw , bista geeta , ,2,Thimphu 
2020-09-09 09:09:41, The Nyamroos from Super Zone 4 CHANGBANGDU Before amp After Covid 19 Test Stay Safe xf0 x9f x99 x8f Disclaimer We removed both the Mask amp Face Shield for quick photo shoot Photo taken at our Base Thimphu Bhutan https t co QZZhseoFWJ , bhutan majestic , ,1144,Thimphu 
2020-09-09 09:09:18, 9th Sept Covid 19 Test Thimphu Bhutan https t co SUQwzfqzFz , bhutan majestic , ,1144,Thimphu 
2020-09-09 08:45:24, AdvocacyMaterials Towards ensuring the New Normal at Construction Source Ministry of Health https t co RmMTX3oAXJ , moafbhutan , AdvocacyMaterials Source ,483,Thimphu 
2020-09-09 08:09:14, All the restaurants cafes hotel owners can print the new normal infographic for restaurants and food handlers and display the same in their respective business areas for strict compliance by the employees xe2 x80 xa6 https t co psFNNxXdat , KuenselOnline , ,47640,Bhutan 
2020-09-09 07:06:45, Help me with this awesome competition from https t co URkrKCIshr and https t co vavcSNLPM0 https t co cIVeYeBPHl https t co lwZyec5CvB , gili6aue , ,49,Bhutan 
2020-09-09 07:01:10, Today affords you an opportunity to demonstrate your deep inte More for Sagittarius https t co FfKav1h4Nc , kintsho bht , ,30,Bhutan 
2020-09-09 07:01:02, You are a natural artisan gifted with an aesthetic touch and More for Taurus https t co EECfQYA8HL , cixx67 , ,1506,Thimphu 
2020-09-09 07:00:16, Today you are especially optimistic about your future and conf More for Pisces https t co uojyhA9mo8 , LobzangYeshey1 , ,316,Thimphu 
2020-09-09 05:57:03, yuukaM Loved so gorgeous , 2kPai , ,11,Paro 
2020-09-09 05:47:04, AdvocacyMaterials Towards ensuring the New Normal at High Risk Communities and Towns Source Ministry of Health https t co Ep0YsfGzHS , moafbhutan , AdvocacyMaterials Source ,483,Thimphu 
2020-09-09 05:30:54, AnannyaB1 anu jironi I know A friend in Nepal sent it to me lol , namgayzam , ,24035,Thimphu 
2020-09-09 04:35:05, Attending APNIC50 first timer https t co T8ceG0V5Qn , pratimaIceberg , APNIC50 ,142,Thimphu 
2020-09-09 04:08:21, covid19update Bhutan another FrontLiner a 28 yr RBP personnel tests positive in Phuntsholing My sympathy for ALL frontliners in Bhutan , kuenzakarma , covid19update Bhutan FrontLiner Phuntsholing Bhutan ,1394,Thimphu 
2020-09-09 04:02:59, NOTIFICATION Requesting all the restaurants cafes hotel owners to print the New Normal infographic for restaurants and food handlers and display the same in your respective business areas for strict compliance by xe2 x80 xa6 https t co pk3pww5WRY , MoHBhutan , ,1666,Thimphu 
2020-09-09 03:46:58, It s a beautiful day here in Bhutan amidst the pandemic good day to everyone xf0 x9f x8c xb8 xf0 x9f x8c xb8 xf0 x9f x8c xb8 , Tsherin01031084 , ,3,Thimphu 
2020-09-09 03:45:19, mani dem08 It won t be for the antis , Tsherin01031084 , ,3,Thimphu 
2020-09-09 03:44:23, When the best hikes are just around your neighbourhood Looking forward to be able to scale the peaks and mountain ridges of Thimphu again Chhokhortse TemplesOfThimphu HikesAndTrails Thimphu Bhutan https t co tMikgKLYhn , LovenRamos , Chhokhortse TemplesOfThimphu HikesAndTrails ,2124,Bhutan 
2020-09-09 03:41:11, mani dem08 B hundred Hyun ArianaGrande Me too xf0 x9f x98 x8a , Tsherin01031084 , ,3,Thimphu 
2020-09-09 03:39:55, Move around with TashiCell MiFi amp Create your own WiFi zone wherever you go Available from Customer Care Center Thimphu Learn More https t co PhVvkLnTfV bhutan tashicell mifi pocketwifi https t co 3StKGGgE3E , TashiCell , bhutan tashicell mifi pocketwifi ,1807,Thimphu 
2020-09-09 03:38:16, Get access to your account transactions without visiting branches through Statement option in mBoB not only for Savings Current amp Overdraft account but also for Loan and Recurring Deposit accounts EnjoyBankingOnYourFingertips https t co AMSZVYHbGa , BankofBhutan , Statement mBoB EnjoyBankingOnYourFingertips ,1482,Thimphu 
2020-09-09 03:21:03, I vote Louis Tomlinson Louis Tomlinson as ArtistoftheSummer of 2020 965TDY , Tsherin01031084 , ArtistoftheSummer ,3,Thimphu 
2020-09-09 03:13:23, mani dem08 Sure Alot more xf0 x9f x98 x82 , Tsherin01031084 , ,3,Thimphu 
2020-09-09 03:04:41, Governing with Artificial Intelligence https t co X0N2jhCoJE , sangaykhandu , ,8036,Thimphu 
2020-09-09 01:38:16, After 21 days of lockdown and a cautious easing after that strict covid 19 safety protocol and general public adhering to the rules laid down by government and agencies Bhutan might wipe out the virus out of the xe2 x80 xa6 https t co Z2pL1jpG3W , Swallowtail2014 , ,390,Thimphu 
2020-09-09 00:59:10, Absolutely bad news for pi haters You are already late Click this link and get your app https t co KnXEdsbR5V https t co KDYBsvJNXN , ragusubedi , ,1012,Thimphu 
2020-09-08 18:59:45, SamsungMobile BTS twt Exciteddddd , pixie simpson93 , ,26,Thimphu 
2020-09-08 18:57:18, https t co aPEAtdVPDW birthday of my grand daughter , SyedSaa1 , ,1543,Thimphu 
2020-09-08 18:23:46, So much to learn , alwaysSora , ,5,Thimphu 
2020-09-08 18:22:23, Hurt people hurt others hustlers , alwaysSora , hustlers ,5,Thimphu 
2020-09-08 17:58:14, GakiTenzin Don xe2 x80 x99t make lots of friends unless you xe2 x80 x99re joining a political party xf0 x9f x98 x82 , Phuuuuubz19 , ,711,Thimphu 
2020-09-08 17:32:47, xe2 x98 x9d xef xb8 x8f it happened xe2 x9c x8c xef xb8 x8f it repeated xe2 x98 x9d xef xb8 x8f xe2 x9e x95 xe2 x9c x8c xef xb8 x8f I won xe2 x80 x99t let xe2 x80 x98it xe2 x80 x99 be a pattern 30 002 , gili6aue , ,49,Thimphu 
2020-09-08 16:45:07, My journey is start https t co n51wzsw2hF , 2kPai , ,11,Paro 
2020-09-08 16:26:43, yuukaM Wow so delicious , 2kPai , ,11,Paro 
2020-09-08 16:25:23, Not wearing glasses hurts but wearing glasses hurts even more xf0 x9f x99 x81 If headache was a human being then would have beaten it to death xf0 x9f x98 x85 headache work postlockdown , ha na 08 , headache work postlockdown ,848,Thimphu 
2020-09-08 16:16:33, LatoyaFerns clubdemadrid lwangchuk1 namgayzam SonamWongmo RahulGandhi priyankagandhi satyajeettambe srinivasiyc brijdutt Happy Birthday la , pnamgyel , ,672,Thimphu 
2020-09-08 16:12:41, If this acoustic version of CS is Swift xe2 x80 x99s 40th best song what xe2 x80 x99s her magnum opus xf0 x9f x92 xa5 https t co 0NZRtfZDyE , sandeeps13 , ,278,Thimphu 
2020-09-08 16:07:29, yuukaM Wow so gorgeous love u yukkam xe2 x9d xa4 xef xb8 x8f xe2 x9d xa4 xef xb8 x8f xf0 x9f x92 x8b xf0 x9f x92 x8b xf0 x9f x92 x8b xf0 x9f x92 x8b xe2 x9d xa4 xef xb8 x8f xe2 x9d xa4 xef xb8 x8f xe2 x9d xa4 xef xb8 x8f , 2kPai , ,11,Paro 
2020-09-08 16:02:07, Exploring different types of food Shabalay lockdown special Stay safe https t co HPRKE1ogzP Bhutan NewNormal2020 foodie Shabalay foodies foodfantasy eatclean eatlocal traveltips foodtips https t co NhkfdIEHu1 , worldtourplan09 , Bhutan NewNormal2020 foodie Shabalay foodies foodfantasy eatclean eatlocal traveltips foodtips ,193,Thimphu 
2020-09-08 15:00:34, BTS twt Wow so overwhelmed by the overwhelming reaction you guys gave xf0 x9f x98 xad xf0 x9f x98 xad xf0 x9f x98 xad xf0 x9f x98 xad armys crying rn , Scarlet bunny , ,137,Thimphu 
2020-09-08 14:39:24, RuchiraKamboj Thanks Maam , Wangdugey , ,30,Thimphu 
2020-09-08 14:28:02, SIX things NOT to do when wearing a face covering https t co Na6vVGaotl , ChhedupSangay , ,1141,Thimphu 
2020-09-08 14:07:20, sowfflll Rightly observed my friend xf0 x9f x91 x8f xf0 x9f x91 x8f xf0 x9f x92 x90 , DziJ , ,1742,Thimphu 
2020-09-08 13:22:43, With Novak Djokovic disqualified a person outside the vaunted xe2 x80 x9cTop 4 xe2 x80 x9d has a chance to clinch a Grand Slam , sandeeps13 , ,278,Thimphu 
2020-09-08 11:42:01, At times even death https t co yfSmOVogzW , TingKarr8 , ,37,Thimphu 
2020-09-08 11:41:17, To keep the kitchen fire going dry wood at ramtokto with fellow desuups and our gojay aue Dophu bhutan https t co bDDnYc5KIC , sangaykhandu , desuups bhutan ,8036,Thimphu 
2020-09-08 11:15:40, LexyTopping Please follow our health minister DechenwangmoM xf0 x9f x99 x82 , namgayzam , ,24035,Thimphu 
2020-09-08 10:50:34, Still miss your music Tim Happy Birthday xf0 x9f x8e x89 1989 2018 Never forgotten xe2 x9d xa4 xef xb8 x8f https t co nDVbqZ2cxn , Xiao920 , Tim ,95,Thimphu 
2020-09-08 10:43:31, PrincessChantx this one https t co 9CwQ9jO7bl , SyedSaa1 , ,1543,Thimphu 
2020-09-08 10:01:42, AdvocacyMaterials Towards ensuring the New Normal Business Entities Shops and restaurants Source Ministry of Health https t co HwURIoZERO , moafbhutan , AdvocacyMaterials Source ,483,Thimphu 
2020-09-08 09:51:51, It xe2 x80 x99s not necessary there are lot things to do for the affected Covid 19 pandemic Tomatoes and onions is not required diet for our meal we have learned to cook without tomatoes and onions which still exist at our villages , Thinley25 , ,322,Thimphu 
2020-09-08 08:53:49, AdvocacyMaterials Towards ensuring the New Normal at Workplace Source Ministry of Health https t co 5Bm85dPHZ0 , moafbhutan , AdvocacyMaterials Source ,483,Thimphu 
2020-09-08 08:15:12, Proud to be ORANGE https t co oBkQH3y0ut , wangaydorji , ,249,Thimphu 
2020-09-08 08:05:32, tweesh Spotify is not available here , sandeeps13 , ,278,Thimphu 
2020-09-08 08:03:12, The stupidity of planners and implementers alike The underutilization of data points for the demand In the end 1000s of Chicken were decapitated for no benefit xf0 x9f xa4 xaa https t co Xz4y9Znk8s , tenziurgan , ,59,Thimphu 
2020-09-08 07:50:08, Summer vibes Paddy transplantation time Home is where heart is https t co i76IiywV6z , Shachagyeltshen , ,121,Thimphu 
2020-09-08 07:25:29, tweesh Bhutan is already winning , sandeeps13 , ,278,Thimphu 
2020-09-08 07:09:07, With an 18 year old testing positive for COVID 19 in a flu clinic in Samdrup Jongkhar the only option now is test test and test https t co q0XaGjTkiR , TenzingLamsang , ,24439,Thimphu 
2020-09-08 07:01:10, You may have been feeling uncertain of your own worthiness lat More for Sagittarius https t co FfKav1h4Nc , kintsho bht , ,30,Thimphu 
2020-09-08 07:01:02, You are coming off as especially reserved and cautious today More for Taurus https t co EECfQYA8HL , cixx67 , ,1506,Thimphu 
2020-09-08 07:00:16, A serious conversation about your future or the ideals you asp More for Pisces https t co uojyhA9mo8 , LobzangYeshey1 , ,316,Thimphu 
2020-09-08 06:56:13, Walking home during lockdown Two cousins Meg Bahadur Tamang 45 and Dhan Bahadur Tamang 30 decided to return home in Tading Samtse when they heard Meg Bahadur xe2 x80 x99s 70 year old mother was sick https t co bHOhOmhdt3 , tshereepalden , ,212,Thimphu 
2020-09-08 05:47:51, namgayzam Sorry it was raining every evening for the last few days and don xe2 x80 x99t see them Will send it as they appear , dawapenjor , ,1291,Thimphu 
2020-09-08 04:56:22, Tashi Tagye The eight Auspicious signs Each sign symbolises protection from harmful forces illness obstacles and so forth and the enjoyment of shade under it https t co HPRKE1ogzP Bhutan Newnormal2020 worldtourplan theeightluckysign tashitagye https t co zOHWX1EQfD , worldtourplan09 , Bhutan Newnormal2020 worldtourplan theeightluckysign tashitagye ,193,Thimphu 
2020-09-08 04:30:57, Proud to have got an opportunity to serve Tsa Wa Sum in orange uniform https t co 3xavKZCqB0 , wangaydorji , ,249,Thimphu 
2020-09-08 03:49:17, thebhutanese 2 2 Another 18 year old girl was found to be positive in Samdrup Jongkhar following a visit to the flu clinic MoH , karmayuden14 , ,16,Thimphu 
2020-09-08 03:40:50, covid19update Bhutan Two RBA personnel aged 33 and 35 primary contacts of the cases detected earlier were found to be positive while in facility quarantine in Phuntsholing Total for Bhutan 223 Active cases 82 , kuenzakarma , covid19update Bhutan Phuntsholing Bhutan ,1394,Thimphu 
2020-09-08 02:58:59, Himalayan forest and landscapes https t co fVmI9Wt0FT , mani moktan , ,1,Thimphu 
2020-09-08 02:36:31, JigsNews chokey And JigsNews the presiding judge of the fight xf0 x9f x91 xb9 , DziJ , ,1742,Thimphu 
2020-09-08 02:01:21, PDP has called on the government to review its decision on the nomination of Tenzin Lekphell and nominate a candidate that would not only be in the best interests of the country but also appointed in a manner that does not favor nepotism over merit and experience , ChhedupSangay , ,1141,Thimphu 
2020-09-08 02:00:20, PDP calls on government to review its decision for BIMSTEC SG bhutanpdp https t co xjIBObhwyh , ChhedupSangay , ,1141,Thimphu 
2020-09-08 01:55:40, KuenselOnline edited their facebook page as A woman from Samdrupjongkhar reportedly tested positive to Covid 19 during the rapid test as well as RT PCR test The samples were sent to Gelephu hospital for the test yesterday Officials said she doesn xe2 x80 x99t have a travel history , ChhedupSangay , ,1141,Thimphu 
2020-09-08 01:50:40, covid19update Bhutan one woman tests positive at SamdrupJongkhar during rapid test as well as RT PCR test Samples already sent to Gelephu hospital for test yesterday No travel history as yet KuenselOnline , kuenzakarma , covid19update Bhutan SamdrupJongkhar Gelephu ,1394,Thimphu 
2020-09-08 01:42:50, I can only imagine for the people of four southern Dzongkhags who are still on lockdown My four weeks experience of lockdown says it s suffocating without going out Confinement is not heaven Hope they are doing well Thank you for staying home for everyone s safety , ChhedupSangay , ,1141,Thimphu 
2020-09-08 01:35:42, Unlocking lockdown in Phuntsholing https t co JJv7R8EbOX , ChhedupSangay , ,1141,Thimphu 
2020-09-08 01:33:04, Fortunately or unfortunately it s a new normal we must live with the virus We can t escape Nor can we avoid It s just a new normal , ChhedupSangay , ,1141,Thimphu 
2020-09-08 01:23:18, A woman reportedly tested positive to Covid 19 during the rapid test as well as RT PCR test done in Gelephu hospital yesterday Officials said she doesn xe2 x80 x99t have a travel history Source KuenselOnlinet That s another early morning hell story Hope she s doing well , ChhedupSangay , ,1141,Thimphu 
2020-09-08 01:22:57, Do watch the full address of PM narendramodi at Governors xe2 x80 x99 Conference on NEP2020 LINK https t co v3RCJ97iOb NationalEducationPolicy PMOIndia MEAIndia IndianDiplomacy PIB India EduMinOfIndia BBSBhutan KuenselOnline https t co H2ljuzFiTL , Indiainbhutan , NEP2020 NationalEducationPolicy ,11239,Thimphu 
2020-09-07 19:24:50, yuukaM O what happened chat with me , 2kPai , ,11,Paro 
2020-09-07 18:40:02, dawapenjor Au you must make videos for me , namgayzam , ,24035,Paro 
2020-09-07 18:30:00, I still fall for you everyday xe2 x9d xa4 https t co P75IcGjt7q , ChimiJatsho , ,2,Bhutan 
2020-09-07 18:06:38, yuukaM Upload bathing clicks , 2kPai , ,11,Paro 
2020-09-07 17:07:20, New Normal Gelegphu FCB conducted auction on a social media platform of WhatsApp What a news https t co K0jwc2IoOX , ChhedupSangay , ,1141,Thimphu 
2020-09-07 15:49:36, After watching the new episodes of AllOrNothingTottenhamHotspur now we know who left the club in an ill fashion Not Eriksen he s a top professional THFC COYS , Tobgay333 , AllOrNothingTottenhamHotspur THFC COYS ,46,Thimphu 
2020-09-07 15:25:20, Moderna because Operation Warp Speed has singularly rocketed the NIH vaccine to the front of the pack plus the pressure from WH before Nov 3 Crazy , sandeeps13 , ,278,Thimphu 
2020-09-07 15:24:20, UK US and China Who will win My bet is Moderna https t co IEvJHovPaW , sandeeps13 , ,278,Thimphu 
2020-09-07 15:12:00, There is a surplus of apples in the market , sandeeps13 , ,278,Thimphu 
2020-09-07 14:50:47, rahulkanwal Ohh Media Goalpost is continuously changing this is like Demobilization , vikrantparate , ,22,Thimphu 
2020-09-07 14:13:13, Reminisce with us the lockdown if you feel things are getting back to normal by listening to our shapers stories from the link below Let s all work towards not having a lockdown 2 0 stayhomestaysafe https t co 2mDFFIrMf0 , ShapersThimphu , stayhomestaysafe ,22,Thimphu 
2020-09-07 14:11:54, Quickly accessible kitchen storage https t co xYPn4kqcaW , sangaykhandu , ,8036,Thimphu 
2020-09-07 13:57:01, I love economics I love economics I love economics I love it , sandeeps13 , ,278,Thimphu 
2020-09-07 13:18:37, yuukaM Love you , 2kPai , ,11,Paro 
2020-09-07 12:34:07, good evening dear Anitha very beautiful post you need this too https t co HizXNgqtfS https t co TdmGpkWdjY , SyedSaa1 , ,1543,Thimphu 
2020-09-07 10:56:10, Perseverance over strength https t co yWNdmiJd1r , TingKarr8 , ,37,Thimphu 
2020-09-07 10:01:37, I like me https t co 06jkah7InX , GyAlWa6 , ,1,Thimphu 
2020-09-07 08:24:41, Here re the 10 Lucky Winners of the eTeeru Recharge Reward Contest 31st Aug 6th Sep Keep recharging from eTeeru to be one of the winners every Monday eteeru epaymentswitheteeru bhutan https t co 1S2Ay80iLD , TashiCell , eteeru epaymentswitheteeru bhutan ,1807,Thimphu 
2020-09-07 08:22:07, I would like to extend my sincere congratulations and warm wishes to MP Dorji Wangdi on your new appointment as Opposition Leader I look forward to working together with you https t co VHXp2XmfdI , FMBhutan , ,4060,Thimphu 
2020-09-07 08:15:00, fumblypd dog mom Clowder if I may , Bhutan is , ,102,Thimphu 
2020-09-07 08:11:00, fumblypd dog mom And there xe2 x80 x99s two more sistas for the broda https t co FyHvidtMFo , Bhutan is , ,102,Thimphu 
2020-09-07 08:03:00, fumblypd dog mom That her lost sista https t co XJw4r63mnU , Bhutan is , ,102,Thimphu 
2020-09-07 07:53:07, Searching for glasses without wearing glasses is hard bruhhhh , diamond dibhya , ,42,Thimphu 
2020-09-07 07:49:22, Greetings from Bhutan Stay safe https t co ZPCLvJfo5a , worldtourplan09 , ,193,Thimphu 
2020-09-07 07:07:18, TooGoodFPL I am from Bhutan I am interested in this Is there a way I can join this league Will it be possible to join from Bhutan , DeependraKoira5 , ,24,Thimphu 
2020-09-07 07:01:13, You are bringing a level of imagination and creativity to your More for Sagittarius https t co FfKav1h4Nc , kintsho bht , ,30,Thimphu 
2020-09-07 07:01:05, Body heart and spirit are in perfect alignment within you to More for Taurus https t co EECfQYA8HL , cixx67 , ,1506,Thimphu 
2020-09-07 07:00:16, Conversations and social interactions put you in your element More for Pisces https t co uojyhA9mo8 , LobzangYeshey1 , ,316,Thimphu 
2020-09-07 06:34:51, Nothing new Just normal COVID19Thimphu postlockdown WorkFromHome , Tsherin14261800 , COVID19Thimphu postlockdown WorkFromHome ,0,Thimphu 
2020-09-07 06:24:59, namgayzam It xe2 x80 x99s really disheartening to see how karma was mistreated amp physically assaulted Karma should sues the assaulter and gets justice The guy knew what he was doing as you don xe2 x80 x99t plan to record amp share the video of what you intentd to do if you xe2 x80 x99ve brain snap JusticeforKarmaThinley , dawapenjor , JusticeforKarmaThinley ,1291,Thimphu 
2020-09-07 06:14:55, namgayzam All over southern Bhutan They are all over Gelephu at this time of the year Are you planning a fireflies research https t co scJGDcgwbX , dawapenjor , ,1291,Thimphu 
2020-09-07 06:00:32, singyenamgyal Tenzin air I said xe2 x80 x98all male xe2 x80 x99 fellow whites FB Page not all whites but safe to assume it would be predominantly whites As Tenzin said even if there were others on the page is does not mean it was not a racist behavior , TenzingLamsang , ,24439,Thimphu 
2020-09-07 05:38:21, singyenamgyal Tenzin air Racism in Australia West is more subtle than in developing world He would never have done this to a white guy The fact that he felt the need to put up this video in an all male fellow whites Fb page to boast about his treatment of an Asian delivery man is a clear indication , TenzingLamsang , ,24439,Thimphu 
2020-09-07 05:19:18, good morning my dear PariD https t co QxMU0cYIUK https t co ZYtzzgtva8 , SyedSaa1 , ,1543,Thimphu 
2020-09-07 05:12:57, covid19update Bhutan one 39 male an incoming expat pry contact of earlier case detected in quarantine in SamdrupJongkhar One 25 male RBA personnel who is pry contact of case detected earlier tested positive in quarantine in Phuntsholing Total for Bhutan is 230 , kuenzakarma , covid19update Bhutan SamdrupJongkhar Phuntsholing Bhutan ,1394,Thimphu 
2020-09-07 04:43:29, Excited to share that we are launching handwoven textiles from Bhutan today on our etsy shop starting with this beautif Handwoven natural cotton throw https t co OZJdbJNeVV cotton bhutanesetextiles bhutan handwoven naturaldyes minimalistthrow https t co hYe6cJQVZ3 , tasteofbhutan , etsy cotton bhutanesetextiles bhutan handwoven naturaldyes minimalistthrow ,2,Thimphu 
2020-09-07 04:11:08, Vacant seats available for self finance students for 2020 admission at the College of Natural Resources Royal University of Bhutan https t co scYZZeYmHa CNR RUB https t co BmvoCJNT01 , JambayJax , CNR RUB ,28,Punakha 
2020-09-07 04:07:33, On the shameful incident in Australia https t co kYyiJ5V9DL , TenzingLamsang , ,24439,Thimphu 
2020-09-07 03:57:48, BBS Radio A brief visit to the hell realms Part 2 https t co QABCWQ15Y0 , BBSBhutan , ,53053,Thimphu 
2020-09-07 03:31:52, If and when we have an effective COVID 19 vaccine we must also use it effectively I will repeat again vaccine nationalism will prolong the pandemic not shorten it Tedros Adhanom Ghebreyesus DG WHO https t co hiqRu2OD5a , gasebtandin , ,2550,Thimphu 
2020-09-07 03:18:32, atayongba KuenselOnline thebhutanese bhutanpdp DrukDpt In 2008 PDP was in opposition and did it xe2 x80 x99s part now since opposition and media is on leave of absence PDP will let the public know of it xe2 x80 x99s implications , gasebtandin , ,2550,Thimphu 
2020-09-07 03:14:32, A place for Thimphu xe2 x80 x99s wanderers a heartwarming lockdown story from Bhutan https t co u3okf8Yrwq , Dolro , ,1005,Thimphu 
2020-09-07 02:44:55, MrBeastYT I can stay there till everyone has to go to toilet , giyu678 , ,1,Thimphu 
2020-09-06 18:45:10, The third phase of unlocking We are happy to be proceeding to the third phase of unlocking which starts at 5am tomorrow Medically those who get the infection start becoming symptomatic by second or the third xe2 x80 xa6 https t co 6BZ2BQCed6 , bhutan majestic , ,1144,Thimphu 
2020-09-06 18:41:28, COVID 19 update from Bhutan xf0 x9f x87 xa7 xf0 x9f x87 xb9 Stay Safe xf0 x9f x99 x8f Thimphu Bhutan https t co nmGOJYXNMX , bhutan majestic , COVID ,1144,Thimphu 
2020-09-06 17:56:44, Notification Requirement of COVID 19 negative certificate for all individuals returning coming in the country https t co meKLz79vxa , ChhedupSangay , Notification ,1141,Thimphu 
2020-09-06 17:47:25, Grave le smile en ce moment xe2 x98 xba xef xb8 x8f , Nagelqnl , ,511,Thimphu 
2020-09-06 16:56:26, The difference between Kangana Ranaut and Rakhi Sawant is that with Rakhi you know it is a publicity stunt it is harmless fun and there is no family being destroyed or a community being targeted on the other end , TenzingLamsang , ,24439,Thimphu 
2020-09-06 16:45:26, He still managed to apologise at the end Broke my heart xf0 x9f x92 x94 https t co Z4GGf9Dqkt , zhonba , ,1676,Thimphu 
2020-09-06 16:41:22, I hope I achieve tomorrow what I normally achieve in a week , sandeeps13 , ,278,Thimphu 
2020-09-06 16:13:21, BtsPrisarang Before you die know that I loub yoou xe2 x9d xa4 xef xb8 x8f , PemaDeki18 , ,8,Thimphu 
2020-09-06 16:09:22, BtsPrisarang Love it xe2 x9d xa4 xef xb8 x8f , PemaDeki18 , ,8,Thimphu 
2020-09-06 16:08:42, yuukaM Wow so lovely I loved both so gorgeous xe2 x9d xa4 xef xb8 x8f xe2 x9d xa4 xef xb8 x8f xe2 x9d xa4 xef xb8 x8f xe2 x9d xa4 xef xb8 x8f xf0 x9f x92 x8b xf0 x9f x92 x8b xf0 x9f x92 x8b xf0 x9f x92 x8b xf0 x9f x92 x8b , 2kPai , ,11,Paro 
2020-09-06 16:00:54, ManMundra What are you going on about You look hungry with this tweet Not saying its ok for them to do this to her but I think you had nothing to say then and you shouldn t say anything now , phuzinspurs , ,1271,Paro 
2020-09-06 14:51:27, Information on Branch Office openings and safetymeasures StaySafe BankofBhutan Bhutan https t co GjtSS24Wqd , BankofBhutan , openings safetymeasures StaySafe BankofBhutan Bhutan ,1482,Thimphu 
2020-09-06 14:50:31, The first time that a Bhutanese has been attacked in this vicious a manner in Australia Local media amp people support him but he xe2 x80 x99s believed to have quit working because of anxiety after this incident I hope our Embassy in Thailand extends support xf0 x9f x92 x94 https t co WJBFAEKiJb , namgayzam , ,24035,Thimphu 
2020-09-06 13:49:46, karmajigmepema Alone is much much better xf0 x9f x98 x81 , zzezenn , ,2032,Thimphu 
2020-09-06 12:55:05, Dragon35237107 I walked and reached Thimphu already pls follow xf0 x9f xa4 xad , zzezenn , ,2032,Thimphu 
2020-09-06 12:46:44, Dragon35237107 Walk walk xf0 x9f xa4 xa3 , zzezenn , ,2032,Thimphu 
2020-09-06 12:45:18, GargiRawat Very barbaric Very sorry for her , PhuntshoWangs , ,33,Thimphu 
2020-09-06 12:40:38, Sangayp95199112 Best of luck xf0 x9f x98 x81 , zzezenn , ,2032,Thimphu 
2020-09-06 12:39:53, karmajigmepema Helicopter view xf0 x9f x98 x9c , zzezenn , ,2032,Thimphu 
2020-09-06 12:30:51, thebiiddhya xf0 x9f x98 xb1 Are they there throughout the year , namgayzam , ,24035,Thimphu 
2020-09-06 12:08:04, yuukaM So gorgeous xf0 x9f x92 x8b xf0 x9f x92 x8b xf0 x9f x92 x8b xf0 x9f x92 x8b xf0 x9f x92 x8b , 2kPai , ,11,Paro 
2020-09-06 10:07:04, thebiiddhya Where is it , namgayzam , ,24035,Paro 
2020-09-06 09:54:40, Hello Bhutanese forester friends where can I find fireflies in Bhutan xf0 x9f xa5 xba , namgayzam , ,24035,Paro 
2020-09-06 09:04:41, Like thousands of Bhutanese serving across the country Thinley amp Pema energetic amp hardworking 28 year olds holding undergraduate degrees are proud volunteer desuups doing their bit Caught them during a short recess displaying their marching skills Bhutan desuung https t co crFxXB3czh , sangaykhandu , Bhutan desuung ,8036,Thimphu 
2020-09-06 08:36:28, https t co EalKfDZVrI Contempt of court is never a weapon but the respect is , ChhedupSangay , ,1141,Thimphu 
2020-09-06 08:01:14, With the easing of lock down the MoAF vegetable team is handing over the facilities to the vendors at the CFM https t co QPYTRuKUSX , moafbhutan , ,483,Thimphu 
2020-09-06 07:48:18, 35thAPRC Second day of the Ministerial Level Meeting https t co 4EK7prmJsK https t co zdKJrggQ5h , moafbhutan , 35thAPRC ,483,Thimphu 
2020-09-06 07:47:21, khendumdorji SangayKarp Some corrupt joker trying to whitewash his image good entertainment anyways xf0 x9f x98 x83 , DziJ , ,1742,Thimphu 
2020-09-06 07:01:14, You are philosophical and mystical by nature constantly chasi More for Sagittarius https t co FfKav1h4Nc , kintsho bht , ,30,Thimphu 
2020-09-06 07:01:06, You are wearing your heart on your sleeve today and you will e More for Taurus https t co EECfQYA8HL , cixx67 , ,1506,Thimphu 
2020-09-06 07:00:16, Stop and smell the roses today you xe2 x80 x99ll find beauty in the humb More for Pisces https t co uojyhA9mo8 , LobzangYeshey1 , ,316,Thimphu 
2020-09-06 06:04:09, how a husband share his beautiful wife with other man disgusting https t co sIYH2nAUz1 , SyedSaa1 , ,1543,Thimphu 
2020-09-06 06:00:30, beautiful teeth Lisi happy Sunday https t co tIsbZIei0H https t co TxnZZQ3SU8 , SyedSaa1 , ,1543,Thimphu 
2020-09-06 05:45:47, If your goal is to enrich the lives you touch to build great relationships that are worthy of loyalty then the ultimate question is whether u r applying the Net Promoter System aka xe2 x80 xa6 https t co 476NF2pDct , tenziurgan , ,59,Thimphu 
2020-09-06 05:09:10, TRKarbaGhallay i think i should try too xf0 x9f x98 x85 , ha na 08 , ,848,Thimphu 
2020-09-06 04:20:47, DrArooba1 good morning dear Dr happy Sunday https t co cEihHN8bT7 , SyedSaa1 , ,1543,Thimphu 
2020-09-06 04:19:06, 90 632 coronavirus cases in biggest one day rise in India Over 41 lakh total cases so far https t co DJlboRAh4N , ChhedupSangay , ,1141,Thimphu 
2020-09-06 04:08:52, A person who changed the entire constitutional and legal jurisprudence in India May his soul find peace https t co EY3tJa084l , ChhedupSangay , ,1141,Thimphu 
2020-09-06 03:47:29, passangyt True boss Leakage in the real estate business needs to be tapped immediately 3 sales tax mostly paid by buyers and sellers profit of cores go unnoticed xf0 x9f x98 x9c xf0 x9f x98 x9c xf0 x9f x98 x9c , Tobgay3 , ,109,Thimphu 
2020-09-06 03:44:47, ycrinzin passangyt DzEditor Fragile economy may get locked down Which may lockdown the health system Amount of tbills and bonds we are floating in last few days is a symptom , Tobgay3 , ,109,Thimphu 
2020-09-06 03:38:06, Tashi Delek Very well deserved for a persevering personality https t co KRETTTU8y5 , TingKarr8 , ,37,Thimphu 
2020-09-06 02:42:23, Drive don t drink drink don t drive driveittomorrow nsm10150 , gtshewang , driveittomorrow nsm10150 ,362,Thimphu 
2020-09-06 02:34:30, Tune in to the world 1st Solar Technology Summit on 8 September 2020 InternationalSolarAlliance ClimateAction PMOIndia upendratripathy WIONews livemint PIB India MEAIndia IndianDiplomacy isolaralliance PTI News KuenselOnline BBSBhutan business bhutan PBNS India https t co Klsm2EsitD , Indiainbhutan , InternationalSolarAlliance ClimateAction ,11239,Thimphu 
2020-09-06 02:17:47, As an accelerator for the use of solar energy ISA created a project pipeline of USD 5 Bn Join ISAWSTS as we focus on increasing cost efficiencies in solar technology Register https t co 6iwlxZ80CB ClimateAction InternationalSolarAlliance PMOIndia upendratripathy https t co aNzCHjD3gn , Indiainbhutan , ISAWSTS ClimateAction InternationalSolarAlliance ,11239,Thimphu 
2020-09-06 00:29:52, Sketch Your Success How Lean Canvas Can Help Entrepreneurs Re envision Their Business https t co U9iqb9qpmk , TingKarr8 , ,37,Thimphu 
2020-09-05 20:41:54, BTS twt My heartu xf0 x9f x98 x8d xf0 x9f xa5 xba xf0 x9f xa5 xba xf0 x9f xa5 xba , pixie simpson93 , ,26,Thimphu 
2020-09-05 18:30:16, Wisdom Tooth Aches are the worst xf0 x9f xa5 xb4 xf0 x9f xa5 xb4 sleeplessnight toothache insomnia , ha na 08 , sleeplessnight toothache insomnia ,848,Thimphu 
2020-09-05 17:03:10, Sometimes I regret getting TV paint but then I realize im just impatient abt learning a new program , Caniiibal , ,149,Thimpu 
2020-09-05 15:32:44, just like Mona Lisa https t co VF7cZd15HW https t co KV3qpJ2VJx , SyedSaa1 , ,1543,Thimphu 
2020-09-05 15:02:38, I still believe that Netflix is a utter waste of time , sandeeps13 , ,278,Thimphu 
2020-09-05 14:42:39, Important things to know about the Red Zone in Phuntsholing English COVID 19BHU OurGyenkhu pmo bhutan Sowai Lyonpo dwangmothimphu bbsbhutan kuenselnews bhutantimes bhutan today https t co x0qROhPt2R , MoHBhutan , COVID 19BHU OurGyenkhu ,1666,Thimphu 
2020-09-05 13:57:24, Ambassador RuchiraKamboj hosted an interactive Webinar with Indian teachers in xf0 x9f x87 xa7 xf0 x9f x87 xb9 this morning on the occasion of TeachersDay Do read the press release https t co ACtf6xGf3B OurTeachersOurHeroes TeachersFromIndia PMOIndia MEAIndia WIONews DrRPNishank livemint https t co w4bMwetMl9 , Indiainbhutan , TeachersDay OurTeachersOurHeroes TeachersFromIndia ,11239,Thimphu 
2020-09-05 13:44:56, Bhutanese students of Gyalpozhing College of Information Technology wish their teachers on TeachersDay2020 OurTeachersOurHeroes TeachersFromIndia PMOIndia MEAIndia IndianDiplomacy livemint KuenselOnline BBSBhutan PIB India PBNS India DDNewslive WIONews https t co 1z50AT5SI3 , Indiainbhutan , TeachersDay2020 OurTeachersOurHeroes TeachersFromIndia ,11239,Thimphu 
2020-09-05 13:40:48, NOTIFICATION Requirement of COVID 19 negative Certificate for all incoming individuals in the country pmo bhutan Sowai Lyonpo dwangmothimphu bbsbhutan kuenselnews bhutantimes bhutan today https t co Eq9smrCCm9 , MoHBhutan , ,1666,Thimphu 
2020-09-05 13:06:35, If someone asks me what do you miss doing in this lockdown I would say I miss going to town for a booze with bunch of friends and get wild But those moments are replaced by hiking and connecting with the nature https t co YSj6CXmkqI , BhattaraiYama , ,11,Thimphu 
2020-09-05 12:45:05, yuukaM Update pic with , 2kPai , ,11,Paro 
2020-09-05 12:35:04, AchuKhegpa Possible Also possible that the ban might have impacted the Chinese tech company , ChhedupSangay , ,1141,Thimphu 
2020-09-05 12:29:47, That s massive https t co 43Y5x3zgDz , ChhedupSangay , ,1141,Thimphu 
2020-09-05 10:30:45, IGN Free for all https t co daR57bI7as , chunjurrinchhen , ,179,Thimphu 
2020-09-05 10:19:13, Thank you for being you and being mine gyeltsay xf0 x9f x98 x87 xf0 x9f x98 x87 MOREandMORE lovelive , ha na 08 , MOREandMORE lovelive ,848,Thimphu 
2020-09-05 10:10:27, New challenge HartMeChallenge Shout out to official Bhutan for the music We challenge chado namgyel jurmeyxcr its not ketchup eudron and karma samdrup82 challenge5morefriends https t co aW86OCF9G6 , mstudiobhutan , HartMeChallenge challenge5morefriends ,241,Thimphu 
2020-09-05 10:07:02, AngryJoeShow It was an ok movie definitely not great but not as bad as critics are panning it to be Enjoyed it with family but won t be bothered to check it again , chunjurrinchhen , ,179,Thimphu 
2020-09-05 10:05:29, Yoezer Choki Gyalpozhing College of I T graduate talks about her Indian teacher Asstt Prof Sumanta Bhattacharya on teachersday2020 OurTeachersOurHeroes TeachersFromIndia PMOIndia MEAIndia IndianDiplomacy WIONews LievSchreiber KuenselOnline BBSBhutan PBNS India https t co M4hAIqpAaw , Indiainbhutan , teachersday2020 OurTeachersOurHeroes TeachersFromIndia ,11239,Thimphu 
2020-09-05 10:03:35, The Chinese officials in Wuhan and Hubei Province who tried to manipulate and hide the true scale of the pandemic at Ground Zero must be tried and punished China must take responsibility for the initial coverups which has cost a lot to the world , sandeeps13 , ,278,Thimphu 
2020-09-05 09:23:13, lekzindendup I missed it xf0 x9f x98 xac , Tobgay333 , ,46,Thimphu 
2020-09-05 08:53:56, ChelseaFC kaihavertz29 Thank you ChelseaFC for giving us gift for weekend , TsheringJatsho , ,14,Thimphu 
2020-09-05 08:14:17, Rezhasan Vile is the right word , TenzingLamsang , ,24439,Thimphu 
2020-09-05 08:10:13, In the era of Manels here is an all women panel of senior female diplomats from Nepal courtesy NIICE xf0 x9f x91 x8d https t co ruWOa9gs16 , TenzingLamsang , ,24439,Thimphu 
2020-09-05 08:04:50, defenseadvisers NewsWrapped Look up the tapes , TenzingLamsang , ,24439,Thimphu 
2020-09-05 07:46:20, For someone not on social media xe2 x80 x9ctake a photo of my bread xe2 x80 x9d says my sister https t co RAvprlXJUi , brooksound , ,46,Thimphu 
2020-09-05 07:45:55, Much more appropriate for China to felicitate him given his idea of a detente with China in 1972 which saw USA amp its allies in the next 4 decades backing the rise of China amp allowing its entry into their world They know that which is why President Xi also met the man recently , TenzingLamsang , ,24439,Thimphu 
2020-09-05 07:44:51, frenchfan10 Yup Thats it , GyAlWa6 , ,1,Thimphu 
2020-09-05 07:39:25, AchuKhegpa passangyt The Govt under the community forestry program has so far handed 3 of forest to 30 353 rural households If the forest sector is opened up to fight the economic crisis it will be the sector with the ability for fair distribution amp equal opportunities for the majority poor , pnamgyel , ,672,Thimphu 
2020-09-05 07:36:02, I can understand the warmth in US India relations given common strategic interests What I have never understood is Indians fawning over Kissinger He amp Nixon held deeply racist amp prejudiced views against India sent an Aircraft Carrier in 71 and kickstarted the rise of China , TenzingLamsang , ,24439,Thimphu 
2020-09-05 07:34:27, Here is Arja Mittal paying due regard to and recounting the role of her Hindi teacher Ms Rajwati Chauhan on TeachersDay2020 OurTeachersOurHeroes TeachersFromIndia PMOIndia MEAIndia IndianDiplomacy PIB India PBNS India DrRPNishank PTI News DDNewslive WIONews https t co 0s9y8QeOUB , Indiainbhutan , TeachersDay2020 OurTeachersOurHeroes TeachersFromIndia ,11239,Thimphu 
2020-09-05 07:21:28, yuukaM So gorgeous love u my friend , 2kPai , ,11,Paro 
2020-09-05 07:15:41, Do listen to Ugyen Wangchuck recalling his mentors and the contribution of his teachers including Mr Antony Joshy on TeachersDay2020 OurTeachersOurHeroes TeachersFromIndia PMOIndia MEAIndia IndianDiplomacy WIONews EduMinOfIndia livemint PIB India DrRPNishank https t co andVDYtRLP , Indiainbhutan , TeachersDay2020 OurTeachersOurHeroes TeachersFromIndia ,11239,Thimphu 
2020-09-05 07:09:32, chimis I thought the same xf0 x9f x98 x82 , namgayzam , ,24035,Thimphu 
2020-09-05 07:08:15, DullinBlack Still no I don t like paneer xf0 x9f x98 x9c , zzezenn , ,2032,Thimphu 
2020-09-05 07:01:13, You may find yourself in the role of spokesperson today speak More for Sagittarius https t co FfKav1h4Nc , kintsho bht , ,30,Thimphu 
2020-09-05 07:01:06, Today you will demonstrate your depth of knowledge through the More for Taurus https t co EECfQYA8HL , cixx67 , ,1506,Thimphu 
2020-09-05 07:00:16, You may find yourself in an intense discussion today one that More for Pisces https t co uojyhA9mo8 , LobzangYeshey1 , ,316,Thimphu 
2020-09-05 07:00:13, By Dzongsar Jamyang Khentse Rinpoche Sharing this again with prayers to heal the world xf0 x9f x99 x8f xf0 x9f x99 x8f xf0 x9f x99 x8f https t co Wf0CJfWT2m , ChhedupSangay , ,1141,Thimphu 
2020-09-05 06:59:45, olo000 Which place , zzezenn , ,2032,Thimphu 
2020-09-05 06:57:51, May this person xe2 x80 x99s aspiration be realized Buddhas and bodhisattvas You have vowed to ensure that such selfless prayers and pleas will be answered and fully accomplished , ChhedupSangay , ,1141,Thimphu 
2020-09-05 06:57:21, Bless all beings that they develop conviction in cause and effect Bless all beings that compassion and bodhicitta arise within them Bless all beings that they understand the meaning of shunyata Bless all beings that they recognize their mind as Buddha , ChhedupSangay , ,1141,Thimphu 
2020-09-05 06:56:53, If you don xe2 x80 x99t protect us with your power who will protect us Bless us Bless us right now Bless us this very day Bless us this very moment Bless all beings that they encounter the Three Supreme Jewels Bless all beings that they have faith in the Three Supreme Jewels , ChhedupSangay , ,1141,Thimphu 
2020-09-05 06:55:54, Free us from the grasp of malicious spirits Pacify the sufferings of plague Destroy the root of destructive epidemics Pacify wars and disputes If I don xe2 x80 x99t pray to you to whom should I pray If you don xe2 x80 x99t care for us with compassion who will care for us , ChhedupSangay , ,1141,Thimphu 
2020-09-05 06:55:23, Pay heed to this person xe2 x80 x99s prayers and desperate plea Purify the effects of negative actions Remove obstacles and adverse circumstances , ChhedupSangay , ,1141,Thimphu 
2020-09-05 06:54:34, Master Shakyamuni think of me Lord Khasarpani think of me Only father Oddiyana Padma think of me Only mother Tara think of me Glorious sister Kali Devi think of me https t co zVJTYOgHm0 , ChhedupSangay , ,1141,Thimphu 
2020-09-05 06:49:42, Swamy39 Dialogue is important sir whatever may be outcome Ego is no good or better , PhuntshoWangs , ,33,Thimphu 
2020-09-05 06:10:15, 3 3 These 20 banks should be equally owned by all the banking population so that the profits are equally distributed among the shareholders Then we might be able to achieve GNH where we see people enjoying some degree of wealth amp paying taxes honestly NOTE Not for dimwits , Khampaa , ,3823,Thimphu 
2020-09-05 06:10:14, 2 2 My proposition Bhutan will have to create 20 banks to achieve GNH Considering 20 of 750 000 people to be non banking group each bank will then have 30 000 customers If each customer pays EMI of any sort of Nu 5 000 per month each bank makes a revenue of Nu 150M month , Khampaa , ,3823,Thimphu 
2020-09-05 06:10:14, 1 1 Bhutan xe2 x80 x99s current banking system will not bring happiness rather create deep divide among people Many Bhutanese are controlled by current few banks which generate huge profits at the expense of many helpless fellow citizens We are mostly entrapped in debts , Khampaa , ,3823,Thimphu 
2020-09-05 04:51:19, No wonder https t co DcCkPvWMoZ , namgayzam , ,24035,Thimphu 
2020-09-05 04:25:54, Uninvited Visitors Why re you so dressed even at home Me in my head So if I ve uninvited guests I d just pick up an umbrella amp pretend to head out while opening the door mood during this lockdown relaxation xf0 x9f xa4 xb7 xe2 x80 x8d xe2 x99 x80 xef xb8 x8f introvertproblems , ImihcWangmo , mood introvertproblems ,372,Thimphu 
2020-09-05 04:21:34, sonamtweetsx At least you own it xf0 x9f x91 x8d , BidhaChencho , ,114,Paro 
2020-09-05 04:02:17, good morning Samina beautiful post https t co h08QSBsDUi https t co IwyaJyBZ7K , SyedSaa1 , ,1543,Thimphu 
2020-09-05 04:00:04, good morning dear https t co GnoJUOUQbs https t co FcqJkUW16h , SyedSaa1 , ,1543,Thimphu 
2020-09-05 03:56:40, Tdorjigs True xf0 x9f x91 x8d , BidhaChencho , ,114,Paro 
2020-09-05 03:37:50, covid19update Bhutan SamdrupJongkhar one 32 year old incoming expat detected COVID19 positive in quarantine facility yesterday Bhutan s positive cases increases to 228 Active cases 78 COVID19Pandemic , kuenzakarma , covid19update Bhutan SamdrupJongkhar COVID19 Bhutan COVID19Pandemic ,1394,Thimphu 
2020-09-05 03:29:03, yuukaM Ok ll miss u to see u update picture ok , 2kPai , ,11,Paro 
2020-09-04 19:45:35, SunnRay POG love me this lil bear , Caniiibal , ,149,Thimpu 
2020-09-04 19:36:42, SunnRay I look in ur general direction https t co CkKRo3grYo , Caniiibal , ,149,Thimpu 
2020-09-04 19:05:02, He is the Champion and love of our life xe2 x9d xa4 Happy birthday King readyfreedie freddiemercury Queen https t co u1qpE5rWBO , alwaysSora , readyfreedie freddiemercury Queen ,5,Thimphu 
2020-09-04 18:38:38, karmajigmepema What pure beauty I won t recognize my frens also now xf0 x9f xa4 xa3 , zzezenn , ,2032,Thimphu 
2020-09-04 18:12:19, EAMaddenNFL Madden21 PS4 Come On Man , BhutanBeast , Madden21 ,32,Thimphu 
2020-09-04 17:44:47, FACTS at a GLANCE from MOH Stay Safe xf0 x9f x99 x8f Thimphu Bhutan https t co AWfc8VQwr9 , bhutan majestic , ,1144,Thimphu 
2020-09-04 17:19:00, UnboxTherapy I need this one , BdrDiyali , ,4,Thimphu 
2020-09-04 16:06:44, passangyt https t co cNfvYiaVyS messenger and Driver 2 PA Messenger 2 drivers and PS for Bosses , Tobgay3 , ,109,Thimphu 
2020-09-04 15:01:37, Stop a sex with stranger Wear a mask while having sex Canada top doctor suggest passangyt sitharnorbu nimadorji84 https t co UCowutucTo , ChhedupSangay , ,1141,Thimphu 
2020-09-04 14:22:58, Readying with the last dispatch of meals for the day to fellow desuups at different locations within Thimphu throm covid19bhutan bhutan https t co ehBuQe56J5 , sangaykhandu , covid19bhutan bhutan ,8036,Thimphu 
2020-09-04 14:07:06, khanumarfa She not only insulted Mumbai Mumbai Police but hurt Maratha Pride by her series of twittes , vikrantparate , ,22,Thimphu 
2020-09-04 14:05:12, khanumarfa She is not aware Muslims were integral part of Maratha Army since from Shivaji Maharaj They were loyal force best example is Ibrahim Khan Gardi s sacrifice in third Battle of Panipat between Bhausaheb Peshwe and Ahamed Shah Abdali , vikrantparate , ,22,Thimphu 
2020-09-04 14:04:10, TashidelekN people should know who he is Mr Rutland doesn xe2 x80 x99t deserve all those harsh words from this mad blogger https t co OBbIYNEcrA , DziJ , ,1742,Thimphu 
2020-09-04 14:00:52, passangyt I wish if everyone can think like you Of course many of us No But what happens May be we think of employment I think we think a lot and lot and lot but in the process we forget what it would look like to implement xf0 x9f x98 x9c , ChhedupSangay , ,1141,Thimphu 
2020-09-04 13:56:26, Russia xe2 x80 x99s Covid Vaccine Shows Potential in Peer Review Lancet Reports https t co jsONlPWSir , ChhedupSangay , ,1141,Thimphu 
2020-09-04 13:55:32, Dasho Nishioka was given the Druk Thuksey in 1999 which was received by his wife as he had passed away in 1992 , TenzingLamsang , ,24439,Thimphu 
2020-09-04 13:40:36, bhuchungtsering Seems US aggressiveness towards China increasing as the USElections draws nearer shiftingfocus Looks like mirror image report of unquestioned US hegemony over the world xf0 x9f xa4 x94The need of the hour is absolute peace amidst the Covid 19 pandemic , dawapenjor , US China USElections shiftingfocus peace Covid 19 ,1291,Thimphu 
2020-09-04 13:37:29, icbc two nation sports in Canada viz Ice hockey abd Lacrosse , kidsrai , ,12,Thimphu 
2020-09-04 13:36:34, Hello Every1 I am looking for a RolePlay efed to compete in I like weekly shows Micro would be best but open to anything New Character Looking to explore my writing , BhutanBeast , ,32,Thimphu 
2020-09-04 13:11:36, Wipes a tear from my eyes Big boy s growing up His birthday was the 31st monster ArtistOnTwitter oc https t co w3GT3ILq6j , Caniiibal , monster ArtistOnTwitter oc ,149,Thimpu 
2020-09-04 13:07:37, A walk to remember bhutanlockdown couplegoals Thimphu Bhutan https t co HdP5I4CQr8 , ManoJonaM , bhutanlockdown couplegoals ,182,Thimpu 
2020-09-04 13:07:16, icbc six times zone in Canada , kidsrai , ,12,Thimpu 
2020-09-04 13:06:21, TenzingLamsang Well said Good retort too , namgayzam , ,24035,Thimpu 
2020-09-04 13:05:48, Of the 227 confirmed cases till date 77 active only the index imported case the American tourist was critical as he had comorbidity Bhutan has been lucky in a way or all of us in Bhutan have great immunity 226 cases displayed displaying flu like symptoms only https t co U4f2GrI4Al , namgayzam , Bhutan ,24035,Thimpu 
2020-09-04 13:05:06, Today I felt the feeling of sleep paralysis only difference was I was fully conscious Bed rest whole day xf0 x9f x98 xaa moods , ha na 08 , moods ,848,Thimphu 
2020-09-04 12:52:57, A Thank You from the heart https t co p988kr9jQT , TenzingLamsang , ,24439,Thimphu 
2020-09-04 12:23:38, Key Take Away Messages from Today s Press Brief COVID 19BHU OurGyenkhu Sowai Lyonpo dwangmothimphu bbsbhutan kuenselnews bhutan today https t co zYpB7ta5Tj , MoHBhutan , COVID 19BHU OurGyenkhu ,1666,Thimphu 
2020-09-04 12:14:31, paavan11 I just read it Tweeted it and saw you tweeted also Agree xf0 x9f x92 xaf , namgayzam , ,24035,Thimphu 
2020-09-04 12:13:15, If you follow one thread on Twitter today it should be this Bizarre but hilarious https t co mjAf6QCNlK , namgayzam , ,24035,Thimphu 
2020-09-04 12:12:16, OmairTAhmad Omg This is hilarious Thanks for sharing , namgayzam , ,24035,Thimphu 
2020-09-04 11:40:44, Our Health Ministry getting as detailed as possible on Covid 19 cases even including the professions of infected individuals https t co JMSWfw8Cde , namgayzam , ,24035,Thimphu 
2020-09-04 10:55:48, Dragon35237107 Finally using the movement card , zzezenn , ,2032,Thimphu 
2020-09-04 09:58:41, Presenting a new initiative from the Embassy of India A monthly e Newsletter presenting a snapshot of activities over the last month and a few keynote policies of mygovindia Access it on EOI website or at https t co YMpaYKjWDM MEAIndia IndianDiplomacy PIB India , Indiainbhutan , ,11239,Thimphu 
2020-09-04 09:46:45, Bhutan is safest country on the earth from COVID pandemic Thank you His Majesty https t co udepq4XogA , champacacafe , ,13,Paro 
2020-09-04 09:43:27, beautiful post Lady https t co Ao8G4YqTgQ , SyedSaa1 , ,1543,Thimphu 
2020-09-04 09:31:31, yuukaM Take care n do rest get well soon , 2kPai , ,11,Paro 
2020-09-04 09:18:59, Drowawangcha CarmaTrinley yontenphuntsho9 Yes la Must be some poison in the bucket as well People won t believe to called Bangchang as a culprit , ChhedupSangay , ,1141,Thimphu 
2020-09-04 09:10:21, CarmaTrinley yontenphuntsho9 Anything and everything is possible Can t rule out I know how we drink Bangchang in our villages specially where I come from Hygiene almost zero We don t care whether bangchang bucket has flies or bugs or rat xf0 x9f x92 xa9 we just give a sip or two It s still the same , ChhedupSangay , ,1141,Thimphu 
2020-09-04 09:09:24, deeceegee82 I don t want to save money on my lipstick xf0 x9f x98 x94 xf0 x9f x98 x94 , zzezenn , ,2032,Thimphu 
2020-09-04 08:49:40, Bangchang believed to be the cause that claimed four lives in Dagana recently https t co r2Qi1jF1mD , ChhedupSangay , ,1141,Thimphu 
2020-09-04 08:47:47, Dragon35237107 No use putting lipstick now with the mask xf0 x9f xa4 xa6 , zzezenn , ,2032,Thimphu 
2020-09-04 08:15:31, Update Positive cases since the lockdown A total of 111 positive cases were detected from 11 August 2020 to 1 September 2020 The details are attached in the infographic covid 19 pmo bhutan Sowai Lyonpo xe2 x80 xa6 https t co gFOtjf3GLk , MoHBhutan , covid 19 ,1666,Thimphu 
2020-09-04 08:14:02, I nominate the kungfununs for atlanticcouncil xe2 x80 x99s unsungheroes2020 They fight for gender equality the environment they are rescue workers and and have also helped thousands during this pandemic with masks xe2 x80 xa6 https t co h8Jb563DpQ , lhakidolma , unsungheroes2020 ,1289,Thimphu 
2020-09-04 08:06:29, Until this corona thing goes away I guess I don t have to use my old lipstick nor buy a new one Sad xf0 x9f x98 xad xf0 x9f x98 xad , zzezenn , ,2032,Thimphu 
2020-09-04 08:02:39, 3 climate threats that can become opportunities for Bhutan https t co g2YFApxuEY via wef , manoazam , ,95,Thimphu 
2020-09-04 07:43:04, shmueli JohnHMcWhorter lexiconvalley Thank you Will listen , namgayzam , ,24035,Thimphu 
2020-09-04 07:19:38, covid 19 update from Bhutan xf0 x9f x87 xa7 xf0 x9f x87 xb9 Stay Safe xf0 x9f x99 x8f Thimphu Bhutan https t co xZzhD8PdsE , bhutan majestic , covid ,1144,Thimphu 
2020-09-04 07:18:01, m Bistro open for your Needs Thimphu Bhutan https t co 4lkXS175De , bhutan majestic , ,1144,Thimphu 
2020-09-04 07:08:57, This facility through mBoB is expected to help our valued customers in meeting their urgent financial needs Feature will be available on the AppStore in a few days EnjoyBankingOnYourFingertips https t co 5KEdk2iYVz , BankofBhutan , EnjoyBankingOnYourFingertips ,1482,Thimphu 
2020-09-04 07:03:05, yuukaM Loved u xe2 x9d xa4 xef xb8 x8f xe2 x9d xa4 xef xb8 x8f xe2 x9d xa4 xef xb8 x8f xe2 x9d xa4 xef xb8 x8f xf0 x9f x92 x8b xf0 x9f x92 x8b xf0 x9f x92 x8b xf0 x9f x92 x8b xf0 x9f x92 x8b , 2kPai , ,11,Paro 
2020-09-04 07:01:13, Do not allow good news about a loan or sudden sum of money all More for Sagittarius https t co FfKav1h4Nc , kintsho bht , ,30,Paro 
2020-09-04 07:01:05, Like so many people around the world you may currently feel h More for Taurus https t co EECfQYA8HL , cixx67 , ,1506,Thimphu 
2020-09-04 07:00:16, You could find yourself struggling to maintain the proper bala More for Pisces https t co uojyhA9mo8 , LobzangYeshey1 , ,316,Thimphu 
2020-09-04 06:28:56, Too much time spent at home made this for self defense Wife not happy xf0 x9f xa4 xa0 Just joking https t co XnUzsbUzMF , jigmethinley , ,688,Thimphu 
2020-09-04 06:12:03, For wherever there is jealousy and selfish ambition there you will find disorder and evil of every kind James 3 16 NLT narcissist , GenuineShadow , narcissist ,372,Thimphu 
2020-09-04 05:55:36, Members of Parliament of Bhutan paid last respects to former President PranabMukherjee by signing the Condolence Book yesterday PMOIndia MEAIndia IndianDiplomacy PIB India https t co kMKoQh59In , Indiainbhutan , PranabMukherjee ,11239,Thimphu 
2020-09-04 04:24:09, Kindly follow the safety protocols in place amp do cooperate with people on duty Thank You https t co 84nWsTpsLY , TashiCell , ,1807,Thimphu 
2020-09-04 04:18:24, 4 of 5 stars to Harry Potter and the Cursed Child by John Tiffany https t co 0Pu7blntK6 , pratimaIceberg , ,142,Thimphu 
2020-09-04 04:02:09, AchuKhegpa passangyt AchuKhegpa In other words it is no to the idea of enhancing the sustainable harvesting of the rich forest resource , pnamgyel , ,672,Thimphu 
2020-09-04 03:35:34, beyond you2 If she knows how to cook cook yourself and eat yourself or if you don t know how to cook stay empty stomach , dorji yenten , ,22,Thimphu 
2020-09-04 03:07:36, shmueli JohnHMcWhorter Fascinating and frightening Thank you for sharing , namgayzam , ,24035,Thimphu 
2020-09-04 02:59:13, Thought provoking And scary https t co imrt4cSasT https t co 04lSWDJzbY , namgayzam , ,24035,Thimphu 
2020-09-04 02:45:29, Some good news from Iceland https t co 0Pw8Q8mMbZ , TenzingLamsang , ,24439,Thimphu 
2020-09-04 02:40:43, yuukaM So gorgeous xe2 x9d xa4 xef xb8 x8f xe2 x9d xa4 xef xb8 x8f xe2 x9d xa4 xef xb8 x8f xf0 x9f x91 x8d xf0 x9f x91 x8d xf0 x9f x91 x8d xf0 x9f x92 x8b xf0 x9f x92 x8b xf0 x9f x92 x8b xf0 x9f x92 x8b xf0 x9f x92 x8b , 2kPai , ,11,Paro 
2020-09-04 01:09:38, Pixelxilla Imagine the stink , Bhutan is , ,102,Thimphu 
2020-09-03 18:40:20, La Farge School District Kickapoo Valley Reserve to open public Forest School https t co YnovDX2p9Q via La Crosse Tribune , davidmhecht , ,507,Thimphu 
2020-09-03 18:29:21, The view Bhutan https t co zQ5VKeGx9q , sangaykhandu , Bhutan ,8036,Thimphu 
2020-09-03 17:11:01, the color of your nail color same as my car color muaaah https t co SIT60jZO4X https t co U4im9MiqNW , SyedSaa1 , ,1543,Thimphu 
2020-09-03 17:04:30, archon1410 No single movie is family movie I mean from the movies I watched till now , ChhedupSangay , ,1141,Thimphu 
2020-09-03 15:34:51, Ugenomics I m sure there can t be surplus at all Anything we try to make an issue nothing sensible , ChhedupSangay , ,1141,Thimphu 
2020-09-03 15:08:31, Pixelxilla rate her https t co dwZ8MujVJj , Bhutan is , ,102,Thimphu 
2020-09-03 14:33:07, We have such a news BLDCL struggling to sell dairy products Thimphu https t co VqCBUiMdVV , ChhedupSangay , ,1141,Thimphu 
2020-09-03 14:27:15, Lyonpo Loknath Sharma and Lyonpo Jai Bir Rai paid homage today to former President PranabMukherjee PMOIndia MEAIndia IndianDiplomacy PIB India https t co CPFi6mb8Ls , Indiainbhutan , PranabMukherjee ,11239,Thimphu 
2020-09-03 14:07:25, BTS twt Cup of milk , Scarlet bunny , ,137,Thimphu 
2020-09-03 13:45:11, Bhutan is hosting the 35th APRC virtually and I am honored to have addressed the inaugural ceremony earlier today We are grateful to FAO for its continued support rendered to the member countries helping us achieve our common endeavors https t co dDzGBTWeUu , FMBhutan , ,4060,Thimphu 
2020-09-03 13:37:47, After the lockdown https t co UEyMU1TO0v , dawapenjor , ,1291,Thimphu 
2020-09-03 13:20:50, IUCN Stork Ibis amp Spoonbill publishes Issue 2 with a special early view section on Woolly necked Stork Ecology amp Conservation Check it out xf0 x9f x91 x89https t co CxfVPWXOfF amp explore the rest of the IUCN SSC website amp Dr Gopi Sundar s work IUCN IUCNRedList IUCNssc savingcranes https t co KiSAhoCd74 , davidmhecht , ,507,Thimphu 
2020-09-03 12:55:44, Beauty in Saree Good evening followers https t co 7ZtfLMJrli , SyedSaa1 , ,1543,Thimphu 
2020-09-03 12:30:58, xf0 x9d x97 xa5 xf0 x9d x97 xb2 xf0 x9d x97 xb4 xf0 x9d x97 xb6 xf0 x9d x98 x80 xf0 x9d x98 x81 xf0 x9d x97 xb2 xf0 x9d x97 xbf xf0 x9d x97 xbb xf0 x9d x97 xbc xf0 x9d x98 x84 xf0 x9d x97 xae xf0 x9d x97 xbb xf0 x9d x97 xb1 xf0 x9d x97 xb4 xf0 x9d x97 xb2 xf0 x9d x98 x81 xf0 x9d x97 xba xf0 x9d x97 xbc xf0 x9d x97 xbf xf0 x9d x97 xb2 xf0 x9d x97 xaf xf0 x9d x97 xbc xf0 x9d x97 xbb xf0 x9d x98 x82 xf0 x9d x98 x80 xf0 x9d x98 x81 xf0 x9d x97 xb5 xf0 x9d x97 xae xf0 x9d x97 xbb xf0 x9d x97 xb2 xf0 x9d x98 x83 xf0 x9d x97 xb2 xf0 x9d x97 xbf Install and register on the eTeeru app to collect a bonus worth Nu 50 on a cash in of minimum Nu 50 Visit https t co zWjjiRVU3N xc2 xa0 Or call 7700 xc2 xa0 xf0 x9f x93 x9e T amp C Apply ePaymentsWitheTeeru TashiCell https t co BhUrsqBXu7 , TashiCell , ePaymentsWitheTeeru TashiCell ,1807,Thimphu 
2020-09-03 12:08:37, MadeleineFogde SIANIAgri Focali se Forest foods are my favourite https t co A4iBrY2hWe , pnamgyel , ,672,Thimphu 
2020-09-03 11:30:47, Speaker Deputy Speaker of the National Assembly Chairperson National Council of Bhutan amp former Opposition Leader ICIMOD E D sign the Condolence Book on the passing away of former President PranabMukherjee PMOIndia MEAIndia IndianDiplomacy https t co aH0damkeLh , Indiainbhutan , PranabMukherjee ,11239,Thimphu 
2020-09-03 11:21:48, Top representatives of the Royal Bhutan Army Royal Bhutan Police and the Royal Body Guards etch words of respect for former President PranabMukherjee PMOIndia MEAIndia IndianDiplomacy PMBhutan FMBhutan https t co jyUieOepj3 , Indiainbhutan , PranabMukherjee ,11239,Thimphu 
2020-09-03 10:33:59, Hon ble Union Minister of State for Agriculture amp Farmers Welfare Shri Parshottam Rupala PRupala presented India s address today at the 35th FAOAsiaPacific Regional Conference being hosted virtually amp chaired by Bhutan PMOIndia MEAIndia PRupala IndianDiplomacy AgriGoI https t co dfuri5dMus , Indiainbhutan , ,11239,Thimphu 
2020-09-03 09:51:00, Had to go to a bank for an urgent work Saw that there were employees who had been living at work literally without seeing their family at all Sometimes we forget the sacrifices staff of banks amp telecom make amp just see that they re making money Opened my xf0 x9f x91 x80 , ImihcWangmo , ,372,Thimphu 
2020-09-03 09:17:47, pem pa Mr Dorji Wangchuk is the man behind this cafe A Gentleman indeed , DrukHotel , ,161,Thimphu 
2020-09-03 08:37:42, Dragon35237107 Beautiful xf0 x9f x99 x82 , zzezenn , ,2032,Thimphu 
2020-09-03 07:24:18, In the Service of Super Zone 4 Changbangdu Charlie 1 Thimphu Bhutan https t co 6SUpM23cD4 , bhutan majestic , ,1144,Thimphu 
2020-09-03 07:14:31, New national architecture for civil services capacity building in India Mission Karmayogi is calibrated to the New India PMBhutan FMBhutan https t co hU19hg9DmU , Indiainbhutan , India ,11239,Thimphu 
2020-09-03 07:01:14, Your gift of gab and depth of knowledge could help you secure More for Sagittarius https t co FfKav1h4Nc , kintsho bht , ,30,Thimphu 
2020-09-03 07:01:06, You might find that any hard work you ve put into your educati More for Taurus https t co EECfQYA8HL , cixx67 , ,1506,Thimphu 
2020-09-03 07:00:16, You may have to have an important conversation with a loved on More for Pisces https t co uojyhA9mo8 , LobzangYeshey1 , ,316,Thimphu 
2020-09-03 06:41:14, tserim8 Yes I am xf0 x9f x99 x82 , zzezenn , ,2032,Thimphu 
2020-09-03 06:33:16, I have never ever read Dostoevsky but things are about to change , sandeeps13 , ,278,Thimphu 
2020-09-03 06:15:47, tserim8 I saw master Co using that crystal during meditation , zzezenn , ,2032,Thimphu 
2020-09-03 06:08:58, Embassy of India Thimphu grieves the passing away of former President Bharat Ratna Shri PranabMukherjee The former President was a strong advocate of the Bhutan India friendship https t co JWOmFlCJMe , Indiainbhutan , PranabMukherjee ,11239,Thimphu 
2020-09-03 06:06:15, Dragon35237107 Where is this , zzezenn , ,2032,Thimphu 
2020-09-03 06:05:20, tserim8 So pretty For cleansing Meditation , zzezenn , ,2032,Thimphu 
2020-09-03 06:04:00, JigsNews rindrup81 xf0 x9f xa4 xa3 xf0 x9f xa4 xa3 good one , zzezenn , ,2032,Thimphu 
2020-09-03 05:37:59, DullinBlack Then don t enjoy xf0 x9f xa4 xa3 xf0 x9f xa4 xa3 , zzezenn , ,2032,Thimphu 
2020-09-03 05:29:53, The vehicle movement pass during Lockdown and Post Lockdown period needs to be reviewed My thoughts are an attempt to grab the attention of the authorities to a weak link perhaps and strengthen our entire chain https t co ocbKVKyUIJ , gasebtandin , ,2550,Thimphu 
2020-09-03 05:18:08, passangyt The huge timber resource at 1 1 billion m3 is a sleeping giant It can with less capital amp a short time lag fight amp cushion the free falling of the economy The Finance Minister has rightly said in The Bhutanese news story that the Govt may need to wake up this sleeping giant , pnamgyel , ,672,Thimphu 
2020-09-03 05:17:09, olo000 Oh god , happy tashi , ,8,Thimphu 
2020-09-03 04:55:54, nafedindia Sanjeev76297504 Proud of you Sanjeev76297504 Sending you my best wishes , pnamgyel , ,672,Thimphu 
2020-09-03 04:30:27, Our Bhutanese Director can t make movie without three things 1 Obscenity 2 Obscenity 3 Obscenity Mostly rape It s shameful to watch with family Shame , ChhedupSangay , Shame ,1141,Thimphu 
2020-09-03 03:44:09, The economy comprises a complex nonlinear network processes and the mathematical models used by bankers and policy makers actually make the world more riskier The key to reinventing xe2 x80 xa6 https t co 8W4C3xLMNL , tenziurgan , ,59,Thimphu 
2020-09-03 02:37:31, President Trump has appeared to encourage people in North Carolina to vote twice xe2 x80 x94 once by mail and once in person xe2 x80 x94 during the November general election essentially telling them to test the voting system Americans can only vote once per election https t co ibX5BAUFpA , ChhedupSangay , ,1141,Thimphu 
2020-09-03 02:32:46, TashiGyeltshen Tashi Delek n keep flying higher , kinga sithup , ,434,Thimphu 
2020-09-03 02:08:54, National Program for Civil Services Capacity Building approved in yesterday xe2 x80 x99s cabinet meeting will radically improve the Human Resource management practices in Government MissionKarmayogi DrSJaishankar drharshvardhan WIONews livemint https t co Kb6ikJwHCd , Indiainbhutan , MissionKarmayogi ,11239,Thimphu 
2020-09-03 01:53:15, there ll be one or more vaccines available in November December and we have to figure out how to make sure they re distributed in a fair and equitable way across the country Says supplies may be constrained https t co wfuYmbcw6D , ChhedupSangay , ,1141,Thimphu 
2020-09-03 01:45:49, Good Morning Bhutan A friend of mine told me shops almost all opened people so soon forget to wash hands amp use druk trace Only if monitored daily Please don t do that At least remember coronavirus is with us around Don t wait for Desuup to be with us daily Good day , ChhedupSangay , Bhutan ,1141,Thimphu 
2020-09-02 18:50:02, Life goes on and we don t know the destination We look of tomorrow and forget rest Life starts today and begin today Enjoy every moments of life as it is precious bhutannorteradventures visitbhutan norter bhutan https t co 0Hqb6YSDKx , bhutannorter , bhutannorteradventures visitbhutan norter bhutan ,597,Thimphu 
2020-09-02 18:44:04, I might be a rude ass b ch but I would never hang up on someone It xe2 x80 x99s so freaking rude , ses sonam , ,38,Thimphu 
2020-09-02 17:40:04, His Majesty the King said that the future of our nation is in the hands of our youth These COVIDIOTS better not be them Pic Facebook https t co Ai1ah0lyfF , jimjatz , ,33,Thimphu 
2020-09-02 17:39:06, Kennedy was elected President of the United States despite the vast money power of the Republican Party against him simply because women liked his face Where does money power come into this xe2 x80 x99 The case that shook India , ChhedupSangay , ,1141,Thimphu 
2020-09-02 17:29:27, Drowawangcha AchuKhegpa yontenphuntsho9 What eva guys No coffee and no ara too Go your separate ways Good nite , zzezenn , ,2032,Thimphu 
2020-09-02 17:21:59, Drowawangcha yontenphuntsho9 AchuKhegpa Just coffee either black or white or grey or anything for the patch up , zzezenn , ,2032,Thimphu 
2020-09-02 16:52:16, mank56 Hey buddy Whats up Long time Hope you are well And I have no idea what you are talking about Care to explain xf0 x9f x98 x8a , phuzinspurs , ,1271,Thimphu 
2020-09-02 16:47:19, AchuKhegpa Drowawangcha I will take you two for a truce coffee Alright , zzezenn , ,2032,Thimphu 
2020-09-02 16:39:01, JigsNews You don t need underwear in winter xf0 x9f xa4 xad , zzezenn , ,2032,Thimphu 
2020-09-02 16:35:14, Thank u for existing xe2 x9d xa4 Happy Birthday xf0 x9f x8e x82 xf0 x9f x8e x89 xf0 x9f x8e x81 https t co iKLY0CGyCm , alwaysSora , ,5,Thimphu 
2020-09-02 16:22:10, 75 years since the end of World War II https t co ebBXe8VpCc , ChhedupSangay , ,1141,Thimphu 
2020-09-02 14:48:31, passangyt Also glad FM was saying government is working on to inject as many money as possible into the market , ChhedupSangay , ,1141,Thimphu 
2020-09-02 14:44:29, passangyt That s what I think now they are mostly into advocacy and awareness campaign than into saving the lives of animals They educate people to cook vegetables negative impact of meat etc So things will change , ChhedupSangay , ,1141,Thimphu 
2020-09-02 14:41:09, passangyt True But more than this I think because our economy is largely dominated by hydropower amp its economic relationship with India we need to pray Indian economy to do well Their economy shrinks to 24 as well Plus zero tourism will be a huge blow , ChhedupSangay , ,1141,Thimphu 
2020-09-02 14:30:56, passangyt True Therefore we need to produce sufficient chicken eggs pork and fish Beef we can import Tshrdhar mostly into beef xf0 x9f x98 x9c , ChhedupSangay , ,1141,Thimphu 
2020-09-02 13:48:35, Kinleychumps yes xf0 x9f x92 xaf but when you are young you need to utilize time effectively xf0 x9f x98 x85 , ha na 08 , ,848,Thimphu 
2020-09-02 13:29:08, Poultry has picked up really well We are not only self sufficient but also export during good times Think we can also do well in fishery amp piggery Time we should produce our own If no one takes up the job ministry should do itself One two should become unpopular for good , ChhedupSangay , ,1141,Thimphu 
2020-09-02 13:22:31, A very important discourse MoAF has lot to do for this country No more talk no more walk But need more action Forget producing enough we don t have single onion in the market I think MoAF should start producing itself if our farmers can t https t co 31i9wZGbPh , ChhedupSangay , ,1141,Thimphu 
2020-09-02 13:06:14, IndiaToday arvindojha All limits of journalism is broken by these useless reporters They should get same treatment everywhere , vikrantparate , ,22,Thimphu 
2020-09-02 13:04:16, Top trend of middle east https t co jroSEKPFc6 , SyedSaa1 , ,1543,Thimphu 
2020-09-02 12:50:23, God is great beer is good and people are crazy https t co qRW89lVnqQ , JambayJax , ,28,Punakha 
2020-09-02 12:47:06, beauty in Saree Good evening https t co BWcWmWs5ZW , SyedSaa1 , ,1543,Thimphu 
2020-09-02 12:08:40, Neighborhood watch India bans PUBG 118 more Chinese gaming app banned Source NDTV https t co ab9DpyzKuI , business bhutan , ,11076,Thimphu 
2020-09-02 12:05:57, Ambassador of xf0 x9f x87 xa7 xf0 x9f x87 xa9 Charge d xe2 x80 x99Affaires of xf0 x9f x87 xb0 xf0 x9f x87 xbc and UN xf0 x9f x87 xba xf0 x9f x87 xb3 Resident Coordinator in Bhutan express words of reverence to the former first citizen of India Late Shri Pranab Mukherjee on 1 September 2020 PranabMukherjee PMOIndia MEAIndia IndianDiplomacy https t co ieToyvZ4fr , Indiainbhutan , PranabMukherjee ,11239,Thimphu 
2020-09-02 11:36:33, Evidencing my yesterday s tweet Social distancing Human v Cat xf0 x9f x98 x9c https t co q8nDbEspwK https t co kB1KXysSrt , ChhedupSangay , ,1141,Thimphu 
2020-09-02 11:36:10, Lock down food Stay safe https t co Ji5g25jvnE , worldtourplan09 , ,193,Thimphu 
2020-09-02 11:34:35, Around 490 delegates from FAO member nations have gathered for a virtual 35th Session of the FAO APRC to discuss the region xe2 x80 x99s present food security situation with an emphasis on COVID19 implications on food systems https t co ZtQo9T0sE2 https t co 0GzQdVA0On , moafbhutan , APRC ,483,Thimphu 
2020-09-02 11:33:30, kojima373 Love you , 2kPai , ,11,Paro 
2020-09-02 11:22:46, 1 September update on vegetable delivery the MoAF vegetable team was able to source and deliver vegetables to 52 shops in the zones in Thimphu The delivery included apples and corn With the easing of the nation lock down the orders placed through 1009 are reducing by the day , moafbhutan , ,483,Thimphu 
2020-09-02 10:51:44, Drowawangcha MoHBhutan PMBhutan DechenwangmoM Sorry to hear about your experience la I reached out again on the WhatsApp number they gave to clarify but they wouldn t reply guessed because of the relaxation they must be relieved now At least we can read but it s worrying for those who can t , ImihcWangmo , ,372,Thimphu 
2020-09-02 09:30:13, Loan Deferment Application and 1 Rebate Announcement https t co SHeGp3qvmQ , BankofBhutan , ,1482,Thimphu 
2020-09-02 09:19:52, ycrinzin True Yangchen It xe2 x80 x99s not that the bureaucrats amp politicial leaders lack good pragmatic ideas Their inflated egos come in between amp provides 101 reasons not to do it amp no one takes a lead Whereas Royal command provides clear directives amp deflates every egos to make thing happen , dawapenjor , ,1291,Thimphu 
2020-09-02 09:04:04, Tomatoes xf0 x9f x8d x85 ready to pick xf0 x9f x91 x8c xf0 x9f x8f xbb The Land of Happiness https t co M1aOhf9wXU , TaseCdenD , ,35,Thimphu 
2020-09-02 08:48:49, TheAcademy The chills when you hear Where is my mind by the Pixies at the end of the movie Fight club , Tobgay333 , ,46,Thimphu 
2020-09-02 08:48:49, DullinBlack You still have lil more days enjoy till then xf0 x9f x98 x81 , zzezenn , ,2032,Thimphu 
2020-09-02 08:32:05, SpencerDukoff JinMoonphany Thank you Spencer xf0 x9f xa5 xba xf0 x9f x98 xa9 , pixie simpson93 , ,26,Thimphu 
2020-09-02 08:10:01, Your payments using NationalQR is always confirmed https t co B5DLlFfXdl , BankofBhutan , NationalQR ,1482,Thimphu 
2020-09-02 08:02:23, HRH Princess Euphelma Choden Wangchuck and HRH Prince Ugyen Jigme Wangchuck on COVID19 Lockdown Duty in Thimphu After completing Dessung Training TRH respectively served with diff teams performing a range of duties during the lockdown period Bhutan RoyalFamily thankfull https t co K0CGMOxvnF , BhutanTripAdv , COVID19 Bhutan RoyalFamily thankfull ,5811,Thimphu 
2020-09-02 07:58:24, Activities by Faculty of Postgraduate xc2 xa0Medicine https t co iDULM1sQ2a , umsb123 , ,53,Thimphu 
2020-09-02 07:52:32, Dragon35237107 Gotta enjoy as much as I can xf0 x9f x98 x9c , zzezenn , ,2032,Thimphu 
2020-09-02 07:51:59, I got my medicine wrapped in the prescription of a 6 year old patient with seizure Freaked me out that I must be given wrong medicine xf0 x9f x98 xb1 May be it s due to limited packaging resources but I feel it isn t wise to send someone s med in another s prescription , ImihcWangmo , ,372,Thimphu 
2020-09-02 07:51:15, Drowawangcha AchuKhegpa Thank God now no more argument okay , zzezenn , ,2032,Thimphu 
2020-09-02 07:39:54, Drowawangcha AchuKhegpa Pls don t argue like some married couple wai xf0 x9f x98 x9c you two divorce now , zzezenn , ,2032,Thimphu 
2020-09-02 07:31:42, The S10 Giveaway shall be live again once the situation stabilizes Thank You eteeru epaymentswitheteeru tashicell https t co 0wKblWCjqC , TashiCell , eteeru epaymentswitheteeru tashicell ,1807,Thimphu 
2020-09-02 07:18:39, have been laid back lately Need to pull up my socks and get back to work xf0 x9f x98 x84 TuesdayThoughts WorkMode , ha na 08 , TuesdayThoughts WorkMode ,848,Thimphu 
2020-09-02 07:15:16, Bhutan Telecom and MOH please work on it This is game changing technology by Apple https t co hJdyrfGvNl , sandeeps13 , ,278,Thimphu 
2020-09-02 07:01:12, As a Sagittarius you are not likely to relish the opportunity More for Sagittarius https t co FfKav1h4Nc , kintsho bht , ,30,Thimphu 
2020-09-02 07:01:04, An important matter in your career could come to a head today More for Taurus https t co EECfQYA8HL , cixx67 , ,1506,Thimphu 
2020-09-02 07:00:28, Biggest Facebook put off today They put a filter over an infographic I shared advocating for wearing masks amp said it has xe2 x80 x9dpartially false info xe2 x80 x9d only because post didn xe2 x80 x99t mention N95 masks No filter for cow piss and fake news but they got time for this xf0 x9f x99 x84 , namgayzam , ,24035,Thimphu 
2020-09-02 07:00:16, The demands of a group you belong to could get in the way of y More for Pisces https t co uojyhA9mo8 , LobzangYeshey1 , ,316,Thimphu 
2020-09-02 05:40:17, Prayer ceremony for Late President Pranab Mukherjee held on 1 September 2020 https t co HOB9qzttDo PMOIndia MEAIndia IndianDiplomacy PMBhutan FMBhutan , Indiainbhutan , ,11239,Thimphu 
2020-09-02 05:38:20, ETI an exciting opportunity to contribute towards boosting India s Technology Intensity Self Reliance Choose an Emerging Tech Work with a Dynamic Multi expertise Team and Submit your plan before 16 Oct 2020 Details here https t co NiEHwiouPF NESTMEA MEAIndia https t co GfoNv5dOFE , Indiainbhutan , ETI Technology Intensity Self Reliance NESTMEA ,11239,Thimphu 
2020-09-02 05:23:43, xf0 x9d x97 x98 xf0 x9d x97 xba xf0 x9d x97 xb2 xf0 x9d x97 xbf xf0 x9d x97 xb4 xf0 x9d x97 xb6 xf0 x9d x97 xbb xf0 x9d x97 xb4 xf0 x9d x97 xa7 xf0 x9d x97 xb2 xf0 x9d x97 xb0 xf0 x9d x97 xb5 xf0 x9d x97 xbb xf0 x9d x97 xbc xf0 x9d x97 xb9 xf0 x9d x97 xbc xf0 x9d x97 xb4 xf0 x9d x97 xb6 xf0 x9d x97 xb2 xf0 x9d x98 x80 xf0 x9d x97 x9c xf0 x9d x97 xbb xf0 x9d x97 xb6 xf0 x9d x98 x81 xf0 x9d x97 xb6 xf0 x9d x97 xae xf0 x9d x98 x81 xf0 x9d x97 xb6 xf0 x9d x98 x83 xf0 x9d x97 xb2 xf0 x9d x97 x98 xf0 x9d x97 xa7 xf0 x9d x97 x9c is a new initiative led by NESTMEA of MEAIndia PrinSciAdvGoI amp Science Policy Forum spf in to create roadmaps for emerging technologies https t co NiEHwiG6ef xe2 x80 xa6 https t co oo2jF9fFn7 , Indiainbhutan , NESTMEA emerging ,11239,Thimphu 
2020-09-02 05:08:48, DrArooba1 good morning dear Dr https t co 3yUMn80zIj , SyedSaa1 , ,1543,Thimphu 
2020-09-02 05:00:18, Diabetes Can A Plant Based Diet Help Control Blood Sugar Levels Nutritionist Shares The Pros And Cons Of This Diet NDTV https t co Yvfp3KzxqX , gasebtandin , ,2550,Thimphu 
2020-09-02 04:58:58, Belly Fat Exercises For Weight Loss This Glutes And Abs Workout Can Help You Have A Flat Tummy Try It Now https t co CsoPsnzu3K , gasebtandin , ,2550,Thimphu 
2020-09-02 04:53:17, Not only zoning system to continue a system of maintaining record of people travelling in and out of particular Dzongkhag would be a great idea That way we would be able to know lot of information , ChhedupSangay , ,1141,Thimphu 
2020-09-02 04:52:07, Detoxification 6 Nutritionist Recommended Homemade Detoxifying Teas You Must Try NDTV https t co Paqq9b4ldj , gasebtandin , ,2550,Thimphu 
2020-09-02 04:50:23, This is a much needed of an hour Our address system is a big mess Zoning system would be an attempt to solve this challenge xf0 x9f x99 x8f xf0 x9f x99 x8f xf0 x9f x99 x8f , ChhedupSangay , ,1141,Thimphu 
2020-09-02 04:49:31, White House Slams WHO Over Criticism Of Push For COVID 19 Vaccine https t co LCLRVNly3I , gasebtandin , ,2550,Thimphu 
2020-09-02 04:47:33, COVID 19 Antibodies Present In Patients Four Months After Recovery Study https t co Xt5yhYCJ6b , gasebtandin , ,2550,Thimphu 
2020-09-02 04:45:24, New Covid 19 study reveals more about possible risks to pregnant women https t co FeYKMKDtgG , gasebtandin , ,2550,Thimphu 
2020-09-02 04:35:11, Committee proposes a four phase plan to allocate a future coronavirus vaccine https t co 6iE9KfM0nU , gasebtandin , ,2550,Thimphu 
2020-09-02 04:08:53, DemaLham11 Hiking not allowed Might have acted like calf when untying it s rope , ChhedupSangay , ,1141,Thimphu 
2020-09-02 04:04:09, Drowawangcha AchuKhegpa Guys guys cool down don t want my tweet which was wrote on a lighter note to create a division or argument please We did work from home but the amount of work we did was obviously less that s why I said paid holidays and of course we stayed home cuz we had no option , zzezenn , ,2032,Thimphu 
2020-09-02 03:43:32, Kienchuks Something dark in the lentils , kuenzakarma , ,1394,Thimphu 
2020-09-02 03:41:51, covid19updates Phuntsholing Bhutan 2 more tests positive one 10 female is a primary contact of DANTAK cases another 46 male detected at flu clinic Bhutan stands at 227 Active cases 85 Recovered 142 Deaths ZERO KuenselOnline , kuenzakarma , covid19updates Phuntsholing Bhutan DANTAK Bhutan ,1394,Thimphu 
2020-09-02 03:21:11, Excited to present my published paper years of blood sweat and A4 papers xf0 x9f x91 x8d Thank you Hindawi https t co zQnbOoWGPr via Hindawi , jimjatz , ,33,Thimphu 
2020-09-02 00:48:13, If the future Pi will be like Bitcoin you will be rich I am here to help anyone develop Pi Do not miss the good opportunity this time Download https t co PRyEqkKN3y Invitation code Monbdrdiyali Learn about the Pinetwork https t co 4leEIu57Hv xe2 x80 xa6 , BdrDiyali , ,4,Thimphu 
2020-09-02 00:44:53, passangyt Agree boss Issuing tbills and bond is a solution if we have liquidity in the market and projected source to redeem this later Printing more money is a solution if we have sufficient USD and INR reserves in a import driven country , Tobgay3 , ,109,Thimphu 
2020-09-01 22:22:55, keep on helping people man y all gonna change the world https t co VEyKsWUsvT , giyu678 , ,1,Thimphu 
2020-09-01 17:33:54, September Happiness all Source https t co QfBRTqwYci Thimphu Bhutan https t co 0xGoBhMIwe , bhutan majestic , ,1144,Thimphu 
2020-09-01 17:00:21, No new cases detected today as of 11pm Goodnight COVID 19BHU https t co YGF7YRVGDg , MoHBhutan , COVID 19BHU ,1666,Thimphu 
2020-09-01 16:36:44, Gabriel knows xe2 x9d xa4 xe2 x9d xa4 xe2 x9d xa4 https t co V03r54EL5C , DorjeeTee , ,369,Thimphu 
2020-09-01 16:35:12, good night beautiful sweet dreams https t co 9Y7mYTd4hy https t co QJJzLqIuJk , SyedSaa1 , ,1543,Thimphu 
2020-09-01 16:12:36, Join me at the top PedsID event this year ESPID2020 in Rotterdam Register now https t co 5i3b4J51QV , jimjatz , PedsID ESPID2020 ,33,Thimphu 
2020-09-01 15:35:32, olo000 Your pay is fully justifiable unlike me xf0 x9f x98 x81 And I have given up on my reading age factor i guess can t read a single book now , zzezenn , ,2032,Thimphu 
2020-09-01 15:26:17, passangyt Same feeling xf0 x9f x98 xad , zzezenn , ,2032,Thimphu 
2020-09-01 15:21:18, Not yet done Stay safe https t co vpPXasxuXl , zhonba , ,1676,Thimphu 
2020-09-01 15:14:47, A Cleansing Smoke sang Offering Burning insence sang is an integral part of every Bhutanese ritual Lets start this new month cleaninsing the covid air September1st Bhutan TuesdayMotivation PIC Kinley T A monk preparing sang https t co hQu23lQJ8H , BhutanTripAdv , September1st Bhutan TuesdayMotivation ,5811,Thimphu 
2020-09-01 15:13:59, yontenphuntsho9 No thank you I have a family to feed so I want to get paid xf0 x9f x98 x81 , zzezenn , ,2032,Thimphu 
2020-09-01 14:58:40, karmajigmepema Haha it was one time offer la xf0 x9f xa4 xa3 , zzezenn , ,2032,Thimphu 
2020-09-01 14:14:26, People may have complained and grumbled with what the lockdown entailed but as it comes to a close there is also a feeling of nostalgia for invaluable time spent with the family , TenzingLamsang , ,24439,Thimphu 
2020-09-01 14:01:17, ojaswirana Neither are you OJ xf0 x9f x92 x97 , namgayzam , ,24035,Thimphu 
2020-09-01 13:36:51, TRKarbaGhallay yes i do feel exhausted for 3 weeks holiday xf0 x9f x98 x82 , ha na 08 , ,848,Thimphu 
